Store Name,Store Code,Style No,Store Grade,Brand,Price Point,Zone,Month,Year,Category,JewelCodeCount
ANU RETAILS LLP -2,ANU2,AFDT1400,A+,Sparkles,30k-50k,South Zone,4,2025,EARRING,1
ANU RETAILS LLP -2,ANU2,AFDT1409,A+,Sparkles,Less Then 30k,South Zone,5,2025,EARRING,1
ANU RETAILS LLP -2,ANU2,AFDT1410,A+,Sparkles,Less Then 30k,South Zone,5,2025,EARRING,1
ANU RETAILS LLP -2,ANU2,AFDT1411,A+,Sparkles,30k-50k,South Zone,12,2025,EARRING,1
ANU RETAILS LLP -2,ANU2,N10994,A+,Sparq,10k-15k,South Zone,2,2026,TANMANIYA,1
ANU RETAILS LLP -2,ANU2,N19540,A+,Sparkles,30k-50k,South Zone,1,2026,NECKLACE,1
ANU RETAILS LLP -2,ANU2,N19541,A+,Sparkles,30k-50k,South Zone,9,2025,NECKLACE,1
ANU RETAILS LLP -2,ANU2,N19541,A+,Sparkles,50k-75k,South Zone,4,2026,NECKLACE,1
ANU RETAILS LLP -2,ANU2,N19550,A+,Sparkles,50k-75k,South Zone,6,2025,NECKLACE,1
ANU RETAILS LLP -2,ANU2,N19583,A+,Sparkles,50k-75k,South Zone,1,2026,NECKLACE,1
ANU RETAILS LLP -2,ANU2,N19625,A+,Sparkles,30k-50k,South Zone,11,2025,NECKLACE,1
ANU RETAILS LLP -2,ANU2,N19625,A+,Sparkles,50k-75k,South Zone,12,2025,NECKLACE,1
ANU RETAILS LLP -2,ANU2,N19655,A+,Sparkles,50k-75k,South Zone,3,2026,NECKLACE,1
ANU RETAILS LLP -2,ANU2,N19729,A+,Sparq,7k-10k,South Zone,2,2026,NECKLACE,1
ANU RETAILS LLP -2,ANU2,N19733,A+,Sparq,7k-10k,South Zone,3,2026,TANMANIYA,1
ANU RETAILS LLP -2,ANU2,N4508,A+,Sparq,10k-15k,South Zone,2,2026,TANMANIYA,1
ANU RETAILS LLP -2,ANU2,N50104,A+,Sparq,7k-10k,South Zone,4,2026,TANMANIYA,1
ANU RETAILS LLP -2,ANU2,N6435,A+,Sparq,15k-25k,South Zone,2,2026,TANMANIYA,1
ANU RETAILS LLP -2,ANU2,N9910,A+,Sparq,10k-15k,South Zone,2,2026,TANMANIYA,1
ANU RETAILS LLP -2,ANU2,NP11010,A+,Sparkles,Less Then 30k,South Zone,6,2025,NOSE PIN,1
ANU RETAILS LLP -2,ANU2,NP11010,A+,Sparkles,Less Then 30k,South Zone,7,2025,NOSE PIN,1
ANU RETAILS LLP -2,ANU2,NP11014,A+,Sparkles,Less Then 30k,South Zone,4,2026,NOSE PIN,2
ANU RETAILS LLP -2,ANU2,NP11014,A+,Sparkles,Less Then 30k,South Zone,5,2025,NOSE PIN,1
ANU RETAILS LLP -2,ANU2,NP11014,A+,Sparkles,Less Then 30k,South Zone,7,2025,NOSE PIN,1
ANU RETAILS LLP -2,ANU2,NP11015,A+,Sparkles,Less Then 30k,South Zone,6,2025,NOSE PIN,1
ANU RETAILS LLP -2,ANU2,NP1102,A+,Sparkles,Less Then 30k,South Zone,4,2026,NOSE PIN,1
ANU RETAILS LLP -2,ANU2,NP1102,A+,Sparkles,Less Then 30k,South Zone,8,2025,NOSE PIN,1
ANU RETAILS LLP -2,ANU2,NP11754,A+,Sparkles,Less Then 30k,South Zone,6,2025,NOSE PIN,1
ANU RETAILS LLP -2,ANU2,NP11754,A+,Sparkles,Less Then 30k,South Zone,11,2025,NOSE PIN,1
ANU RETAILS LLP -2,ANU2,NP1231,A+,Sparkles,Less Then 30k,South Zone,4,2025,NOSE PIN,1
ANU RETAILS LLP -2,ANU2,NP1231,A+,Sparkles,Less Then 30k,South Zone,5,2026,NOSE PIN,1
ANU RETAILS LLP -2,ANU2,NP1231,A+,Sparkles,Less Then 30k,South Zone,6,2025,NOSE PIN,2
ANU RETAILS LLP -2,ANU2,NP1231,A+,Sparkles,Less Then 30k,South Zone,7,2025,NOSE PIN,1
ANU RETAILS LLP -2,ANU2,NP12432,A+,Sparkles,Less Then 30k,South Zone,4,2026,NOSE PIN,1
ANU RETAILS LLP -2,ANU2,NP1259,A+,Sparkles,Less Then 30k,South Zone,9,2025,NOSE PIN,2
ANU RETAILS LLP -2,ANU2,NP1488,A+,Sparkles,Less Then 30k,South Zone,4,2025,NOSE PIN,1
ANU RETAILS LLP -2,ANU2,NP1754,A+,Sparkles,Less Then 30k,South Zone,4,2026,NOSE PIN,1
ANU RETAILS LLP -2,ANU2,NP1754,A+,Sparkles,Less Then 30k,South Zone,7,2025,NOSE PIN,1
ANU RETAILS LLP -2,ANU2,NP1754,A+,Sparkles,Less Then 30k,South Zone,11,2025,NOSE PIN,2
ANU RETAILS LLP -2,ANU2,NP1868,A+,Sparkles,Less Then 30k,South Zone,4,2026,NOSE PIN,1
ANU RETAILS LLP -2,ANU2,NP1868,A+,Sparkles,Less Then 30k,South Zone,6,2025,NOSE PIN,1
ANU RETAILS LLP -2,ANU2,NP1868,A+,Sparkles,Less Then 30k,South Zone,8,2025,NOSE PIN,1
ANU RETAILS LLP -2,ANU2,NP1876,A+,Sparkles,Less Then 30k,South Zone,2,2026,NOSE PIN,1
ANU RETAILS LLP -2,ANU2,NP1876,A+,Sparkles,Less Then 30k,South Zone,3,2026,NOSE PIN,1
ANU RETAILS LLP -2,ANU2,NP1876,A+,Sparkles,Less Then 30k,South Zone,4,2026,NOSE PIN,3
ANU RETAILS LLP -2,ANU2,NP1876,A+,Sparkles,Less Then 30k,South Zone,5,2026,NOSE PIN,1
ANU RETAILS LLP -2,ANU2,NP1876,A+,Sparkles,Less Then 30k,South Zone,11,2025,NOSE PIN,2
ANU RETAILS LLP -2,ANU2,NP1876,A+,Sparkles,Less Then 30k,South Zone,12,2025,NOSE PIN,4
ANU RETAILS LLP -2,ANU2,NP1877,A+,Sparkles,Less Then 30k,South Zone,5,2025,NOSE PIN,1
ANU RETAILS LLP -2,ANU2,NP1877,A+,Sparkles,Less Then 30k,South Zone,9,2025,NOSE PIN,1
ANU RETAILS LLP -2,ANU2,NP1878,A+,Sparkles,Less Then 30k,South Zone,4,2025,NOSE PIN,2
ANU RETAILS LLP -2,ANU2,NP1878,A+,Sparkles,Less Then 30k,South Zone,4,2026,NOSE PIN,1
ANU RETAILS LLP -2,ANU2,NP1878,A+,Sparkles,Less Then 30k,South Zone,6,2025,NOSE PIN,3
ANU RETAILS LLP -2,ANU2,NP1878,A+,Sparkles,Less Then 30k,South Zone,8,2025,NOSE PIN,1
ANU RETAILS LLP -2,ANU2,NP1879,A+,Sparkles,Less Then 30k,South Zone,4,2026,NOSE PIN,1
ANU RETAILS LLP -2,ANU2,NP1879,A+,Sparkles,Less Then 30k,South Zone,7,2025,NOSE PIN,2
ANU RETAILS LLP -2,ANU2,NP1879,A+,Sparkles,Less Then 30k,South Zone,9,2025,NOSE PIN,2
ANU RETAILS LLP -2,ANU2,NP1881,A+,Sparkles,Less Then 30k,South Zone,4,2025,NOSE PIN,3
ANU RETAILS LLP -2,ANU2,NP1881,A+,Sparkles,Less Then 30k,South Zone,5,2025,NOSE PIN,1
ANU RETAILS LLP -2,ANU2,NP1881,A+,Sparkles,Less Then 30k,South Zone,7,2025,NOSE PIN,1
ANU RETAILS LLP -2,ANU2,NP1881,A+,Sparkles,Less Then 30k,South Zone,11,2025,NOSE PIN,1
ANU RETAILS LLP -2,ANU2,NP1882,A+,Sparkles,Less Then 30k,South Zone,2,2026,NOSE PIN,2
ANU RETAILS LLP -2,ANU2,NP1882,A+,Sparkles,Less Then 30k,South Zone,3,2026,NOSE PIN,2
ANU RETAILS LLP -2,ANU2,NP1882,A+,Sparkles,Less Then 30k,South Zone,4,2026,NOSE PIN,2
ANU RETAILS LLP -2,ANU2,NP1882,A+,Sparkles,Less Then 30k,South Zone,5,2026,NOSE PIN,1
ANU RETAILS LLP -2,ANU2,NP1883,A+,Sparkles,Less Then 30k,South Zone,2,2026,NOSE PIN,1
ANU RETAILS LLP -2,ANU2,NP1883,A+,Sparkles,Less Then 30k,South Zone,4,2025,NOSE PIN,2
ANU RETAILS LLP -2,ANU2,NP1883,A+,Sparkles,Less Then 30k,South Zone,4,2026,NOSE PIN,1
ANU RETAILS LLP -2,ANU2,NP1883,A+,Sparkles,Less Then 30k,South Zone,5,2025,NOSE PIN,1
ANU RETAILS LLP -2,ANU2,NP1883,A+,Sparkles,Less Then 30k,South Zone,6,2025,NOSE PIN,2
ANU RETAILS LLP -2,ANU2,NP1883,A+,Sparkles,Less Then 30k,South Zone,8,2025,NOSE PIN,2
ANU RETAILS LLP -2,ANU2,NP1883,A+,Sparkles,Less Then 30k,South Zone,11,2025,NOSE PIN,1
ANU RETAILS LLP -2,ANU2,NP1883,A+,Sparkles,Less Then 30k,South Zone,12,2025,NOSE PIN,2
ANU RETAILS LLP -2,ANU2,NP20504,A+,Sparkles,Less Then 30k,South Zone,5,2026,NOSE PIN,1
ANU RETAILS LLP -2,ANU2,NP20505,A+,Sparkles,Less Then 30k,South Zone,1,2026,NOSE PIN,2
ANU RETAILS LLP -2,ANU2,NP20505,A+,Sparkles,Less Then 30k,South Zone,2,2026,NOSE PIN,4
ANU RETAILS LLP -2,ANU2,NP20505,A+,Sparkles,Less Then 30k,South Zone,4,2025,NOSE PIN,6
ANU RETAILS LLP -2,ANU2,NP20505,A+,Sparkles,Less Then 30k,South Zone,4,2026,NOSE PIN,1
ANU RETAILS LLP -2,ANU2,NP20505,A+,Sparkles,Less Then 30k,South Zone,7,2025,NOSE PIN,2
ANU RETAILS LLP -2,ANU2,NP20505,A+,Sparkles,Less Then 30k,South Zone,9,2025,NOSE PIN,2
ANU RETAILS LLP -2,ANU2,NP20505,A+,Sparkles,Less Then 30k,South Zone,11,2025,NOSE PIN,4
ANU RETAILS LLP -2,ANU2,NP20507,A+,Sparkles,Less Then 30k,South Zone,1,2026,NOSE PIN,1
ANU RETAILS LLP -2,ANU2,NP20507,A+,Sparkles,Less Then 30k,South Zone,2,2026,NOSE PIN,3
ANU RETAILS LLP -2,ANU2,NP20507,A+,Sparkles,Less Then 30k,South Zone,7,2025,NOSE PIN,2
ANU RETAILS LLP -2,ANU2,NP20507,A+,Sparkles,Less Then 30k,South Zone,8,2025,NOSE PIN,2
ANU RETAILS LLP -2,ANU2,NP20507,A+,Sparkles,Less Then 30k,South Zone,9,2025,NOSE PIN,3
ANU RETAILS LLP -2,ANU2,NP20507,A+,Sparkles,Less Then 30k,South Zone,11,2025,NOSE PIN,2
ANU RETAILS LLP -2,ANU2,NP20507,A+,Sparkles,Less Then 30k,South Zone,12,2025,NOSE PIN,2
ANU RETAILS LLP -2,ANU2,NP20511,A+,Sparkles,Less Then 30k,South Zone,2,2026,NOSE PIN,1
ANU RETAILS LLP -2,ANU2,NP20511,A+,Sparkles,Less Then 30k,South Zone,4,2026,NOSE PIN,1
ANU RETAILS LLP -2,ANU2,NP20518,A+,Sparkles,Less Then 30k,South Zone,12,2025,NOSE PIN,1
ANU RETAILS LLP -2,ANU2,NP20524,A+,Sparkles,Less Then 30k,South Zone,3,2026,NOSE PIN,2
ANU RETAILS LLP -2,ANU2,NP20524,A+,Sparkles,Less Then 30k,South Zone,5,2026,NOSE PIN,3
ANU RETAILS LLP -2,ANU2,NP20524,A+,Sparq,Less Then 2k,South Zone,1,2026,NOSE PIN,1
ANU RETAILS LLP -2,ANU2,NP20525,A+,Sparkles,Less Then 30k,South Zone,3,2026,NOSE PIN,1
ANU RETAILS LLP -2,ANU2,NP20525,A+,Sparkles,Less Then 30k,South Zone,4,2026,NOSE PIN,1
ANU RETAILS LLP -2,ANU2,NP20525,A+,Sparkles,Less Then 30k,South Zone,5,2026,NOSE PIN,2
ANU RETAILS LLP -2,ANU2,NP20528,A+,Sparq,Less Then 2k,South Zone,12,2025,NOSE PIN,1
ANU RETAILS LLP -2,ANU2,NP20529,A+,Sparkles,Less Then 30k,South Zone,2,2026,NOSE PIN,1
ANU RETAILS LLP -2,ANU2,NP20529,A+,Sparq,Less Then 2k,South Zone,3,2026,NOSE PIN,1
ANU RETAILS LLP -2,ANU2,NP20532,A+,Sparkles,Less Then 30k,South Zone,2,2026,NOSE PIN,5
ANU RETAILS LLP -2,ANU2,NP21754,A+,Sparkles,Less Then 30k,South Zone,3,2026,NOSE PIN,3
ANU RETAILS LLP -2,ANU2,NP21754,A+,Sparkles,Less Then 30k,South Zone,4,2026,NOSE PIN,1
ANU RETAILS LLP -2,ANU2,NP21754,A+,Sparkles,Less Then 30k,South Zone,7,2025,NOSE PIN,1
ANU RETAILS LLP -2,ANU2,NP21754,A+,Sparkles,Less Then 30k,South Zone,12,2025,NOSE PIN,1
ANU RETAILS LLP -2,ANU2,NP22432,A+,Sparkles,Less Then 30k,South Zone,1,2026,NOSE PIN,1
ANU RETAILS LLP -2,ANU2,NP22432,A+,Sparkles,Less Then 30k,South Zone,2,2026,NOSE PIN,2
ANU RETAILS LLP -2,ANU2,NP22432,A+,Sparkles,Less Then 30k,South Zone,4,2025,NOSE PIN,1
ANU RETAILS LLP -2,ANU2,NP22432,A+,Sparkles,Less Then 30k,South Zone,4,2026,NOSE PIN,2
ANU RETAILS LLP -2,ANU2,NP22432,A+,Sparkles,Less Then 30k,South Zone,5,2025,NOSE PIN,1
ANU RETAILS LLP -2,ANU2,NP22432,A+,Sparkles,Less Then 30k,South Zone,7,2025,NOSE PIN,1
ANU RETAILS LLP -2,ANU2,NP22432,A+,Sparkles,Less Then 30k,South Zone,11,2025,NOSE PIN,4
ANU RETAILS LLP -2,ANU2,NP2273,A+,Sparkles,Less Then 30k,South Zone,7,2025,NOSE PIN,1
ANU RETAILS LLP -2,ANU2,NP239,A+,Sparkles,Less Then 30k,South Zone,6,2025,NOSE PIN,1
ANU RETAILS LLP -2,ANU2,NP2432,A+,Sparkles,Less Then 30k,South Zone,7,2025,NOSE PIN,1
ANU RETAILS LLP -2,ANU2,NP2432,A+,Sparkles,Less Then 30k,South Zone,8,2025,NOSE PIN,2
ANU RETAILS LLP -2,ANU2,NP273,A+,Sparkles,Less Then 30k,South Zone,4,2026,NOSE PIN,1
ANU RETAILS LLP -2,ANU2,NP273,A+,Sparkles,Less Then 30k,South Zone,7,2025,NOSE PIN,1
ANU RETAILS LLP -2,ANU2,NP3290,A+,Sparkles,Less Then 30k,South Zone,4,2025,NOSE PIN,1
ANU RETAILS LLP -2,ANU2,NP514,A+,Sparkles,Less Then 30k,South Zone,5,2026,NOSE PIN,1
ANU RETAILS LLP -2,ANU2,NP515,A+,Sparkles,Less Then 30k,South Zone,5,2026,NOSE PIN,1
ANU RETAILS LLP -2,ANU2,NP516,A+,Sparkles,Less Then 30k,South Zone,5,2026,NOSE PIN,1
ANU RETAILS LLP -2,ANU2,NP5231,A+,Sparkles,Less Then 30k,South Zone,5,2025,NOSE PIN,2
ANU RETAILS LLP -2,ANU2,NP537,A+,Sparkles,Less Then 30k,South Zone,5,2026,NOSE PIN,1
ANU RETAILS LLP -2,ANU2,NP544,A+,Sparkles,Less Then 30k,South Zone,5,2026,NOSE PIN,1
ANU RETAILS LLP -2,ANU2,NP544,A+,Sparkles,Less Then 30k,South Zone,11,2025,NOSE PIN,1
ANU RETAILS LLP -2,ANU2,NP7134,A+,Sparkles,Less Then 30k,South Zone,8,2025,NOSE PIN,1
ANU RETAILS LLP -2,ANU2,NP7134,A+,Sparkles,Less Then 30k,South Zone,11,2025,NOSE PIN,1
ANU RETAILS LLP -2,ANU2,NP7231,A+,Sparkles,Less Then 30k,South Zone,4,2026,NOSE PIN,2
ANU RETAILS LLP -2,ANU2,NP7231,A+,Sparkles,Less Then 30k,South Zone,5,2026,NOSE PIN,1
ANU RETAILS LLP -2,ANU2,NP7950,A+,Sparkles,Less Then 30k,South Zone,2,2026,NOSE PIN,1
ANU RETAILS LLP -2,ANU2,NP7950,A+,Sparkles,Less Then 30k,South Zone,4,2026,NOSE PIN,1
ANU RETAILS LLP -2,ANU2,NP7951,A+,Sparkles,Less Then 30k,South Zone,3,2026,NOSE PIN,1
ANU RETAILS LLP -2,ANU2,NP7951,A+,Sparkles,Less Then 30k,South Zone,4,2026,NOSE PIN,4
ANU RETAILS LLP -2,ANU2,NP7951,A+,Sparkles,Less Then 30k,South Zone,5,2025,NOSE PIN,1
ANU RETAILS LLP -2,ANU2,NP7951,A+,Sparkles,Less Then 30k,South Zone,7,2025,NOSE PIN,1
ANU RETAILS LLP -2,ANU2,NP7951,A+,Sparkles,Less Then 30k,South Zone,8,2025,NOSE PIN,1
ANU RETAILS LLP -2,ANU2,NP7951,A+,Sparkles,Less Then 30k,South Zone,11,2025,NOSE PIN,2
ANU RETAILS LLP -2,ANU2,NP7951,A+,Sparq,Less Then 2k,South Zone,2,2026,NOSE PIN,1
ANU RETAILS LLP -2,ANU2,NP850,A+,Sparkles,Less Then 30k,South Zone,6,2025,NOSE PIN,1
ANU RETAILS LLP -2,ANU2,NP8514,A+,Sparkles,Less Then 30k,South Zone,2,2026,NOSE PIN,2
ANU RETAILS LLP -2,ANU2,NP8514,A+,Sparkles,Less Then 30k,South Zone,7,2025,NOSE PIN,1
ANU RETAILS LLP -2,ANU2,NP8514,A+,Sparkles,Less Then 30k,South Zone,12,2025,NOSE PIN,3
ANU RETAILS LLP -2,ANU2,NP8516,A+,Sparkles,Less Then 30k,South Zone,2,2026,NOSE PIN,5
ANU RETAILS LLP -2,ANU2,NP8516,A+,Sparkles,Less Then 30k,South Zone,4,2025,NOSE PIN,4
ANU RETAILS LLP -2,ANU2,NP8516,A+,Sparkles,Less Then 30k,South Zone,5,2025,NOSE PIN,6
ANU RETAILS LLP -2,ANU2,NP8516,A+,Sparkles,Less Then 30k,South Zone,5,2026,NOSE PIN,1
ANU RETAILS LLP -2,ANU2,NP8516,A+,Sparkles,Less Then 30k,South Zone,6,2025,NOSE PIN,1
ANU RETAILS LLP -2,ANU2,NP8516,A+,Sparkles,Less Then 30k,South Zone,7,2025,NOSE PIN,4
ANU RETAILS LLP -2,ANU2,NP8516,A+,Sparkles,Less Then 30k,South Zone,8,2025,NOSE PIN,3
ANU RETAILS LLP -2,ANU2,NP8516,A+,Sparkles,Less Then 30k,South Zone,11,2025,NOSE PIN,6
ANU RETAILS LLP -2,ANU2,NPA1754,A+,Sparkles,Less Then 30k,South Zone,4,2025,NOSE PIN,2
ANU RETAILS LLP -2,ANU2,NPA1754,A+,Sparkles,Less Then 30k,South Zone,7,2025,NOSE PIN,1
ANU RETAILS LLP -2,ANU2,P20006,A+,Sparkles,50k-75k,South Zone,9,2025,PENDANT,1
ANU RETAILS LLP -2,ANU2,P20036,A+,Sparkles,30k-50k,South Zone,3,2026,PENDANT,1
ANU RETAILS LLP -2,ANU2,P20490,A+,Sparq,Less Then 2k,South Zone,2,2026,PENDANT,1
ANU RETAILS LLP -2,ANU2,P20497,A+,Sparq,Less Then 2k,South Zone,2,2026,PENDANT,1
ANU RETAILS LLP -2,ANU2,P2438,A+,Sparkles,Less Then 30k,South Zone,3,2026,PENDANT,1
ANU RETAILS LLP -2,ANU2,P8716,A+,Sparkles,Less Then 30k,South Zone,11,2025,PENDANT,1
ANU RETAILS LLP -2,ANU2,PN20407,A+,Sparkles,Less Then 30k,South Zone,1,2026,PENDANT,1
ANU RETAILS LLP -2,ANU2,PXT8841,A+,Sparkles,Less Then 30k,South Zone,7,2025,EARRING,1
ANU RETAILS LLP -2,ANU2,R10153,A+,Sparkles,Less Then 30k,South Zone,1,2026,RING,1
ANU RETAILS LLP -2,ANU2,R10153,A+,Sparkles,Less Then 30k,South Zone,4,2026,RING,1
ANU RETAILS LLP -2,ANU2,R10856,A+,Sparkles,30k-50k,South Zone,6,2025,RING,1
ANU RETAILS LLP -2,ANU2,R10856,A+,Sparkles,Less Then 30k,South Zone,1,2026,RING,1
ANU RETAILS LLP -2,ANU2,R10958,A+,Sparkles,30k-50k,South Zone,7,2025,RING,1
ANU RETAILS LLP -2,ANU2,R10958,A+,Sparkles,Less Then 30k,South Zone,6,2025,RING,1
ANU RETAILS LLP -2,ANU2,R11818,A+,Sparkles,30k-50k,South Zone,12,2025,RING,1
ANU RETAILS LLP -2,ANU2,R11892,A+,Sparkles,30k-50k,South Zone,12,2025,RING,1
ANU RETAILS LLP -2,ANU2,R11923,A+,Sparkles,Less Then 30k,South Zone,3,2026,RING,1
ANU RETAILS LLP -2,ANU2,R11930,A+,Sparkles,Less Then 30k,South Zone,5,2026,RING,1
ANU RETAILS LLP -2,ANU2,R11930,A+,Sparkles,Less Then 30k,South Zone,11,2025,RING,1
ANU RETAILS LLP -2,ANU2,R11930,A+,Sparkles,Less Then 30k,South Zone,12,2025,RING,1
ANU RETAILS LLP -2,ANU2,R12186,A+,Sparkles,Less Then 30k,South Zone,12,2025,RING,1
ANU RETAILS LLP -2,ANU2,R12367,A+,Sparkles,30k-50k,South Zone,2,2026,RING,1
ANU RETAILS LLP -2,ANU2,R12377,A+,Sparkles,30k-50k,South Zone,2,2026,RING,1
ANU RETAILS LLP -2,ANU2,R12377,A+,Sparkles,30k-50k,South Zone,8,2025,RING,1
ANU RETAILS LLP -2,ANU2,R13650,A+,Sparkles,30k-50k,South Zone,9,2025,RING,1
ANU RETAILS LLP -2,ANU2,R14107,A+,Sparkles,30k-50k,South Zone,4,2025,RING,1
ANU RETAILS LLP -2,ANU2,R14107,A+,Sparkles,Less Then 30k,South Zone,6,2025,RING,1
ANU RETAILS LLP -2,ANU2,R14279,A+,Sparkles,30k-50k,South Zone,2,2026,RING,1
ANU RETAILS LLP -2,ANU2,R14296,A+,Sparkles,Less Then 30k,South Zone,1,2026,RING,1
ANU RETAILS LLP -2,ANU2,R14304,A+,Sparkles,30k-50k,South Zone,11,2025,RING,1
ANU RETAILS LLP -2,ANU2,R14328,A+,Sparkles,30k-50k,South Zone,11,2025,RING,1
ANU RETAILS LLP -2,ANU2,R14334,A+,Sparkles,30k-50k,South Zone,7,2025,RING,1
ANU RETAILS LLP -2,ANU2,R14354,A+,Sparkles,30k-50k,South Zone,5,2026,RING,1
ANU RETAILS LLP -2,ANU2,R14507,A+,Sparq,10k-15k,South Zone,2,2026,RING,1
ANU RETAILS LLP -2,ANU2,R14510,A+,Sparq,4k-7k,South Zone,2,2026,RING,1
ANU RETAILS LLP -2,ANU2,R14512,A+,Sparq,10k-15k,South Zone,2,2026,RING,1
ANU RETAILS LLP -2,ANU2,R14522,A+,Sparq,4k-7k,South Zone,2,2026,RING,1
ANU RETAILS LLP -2,ANU2,R14522,A+,Sparq,4k-7k,South Zone,12,2025,RING,1
ANU RETAILS LLP -2,ANU2,R14533,A+,Sparq,15k-25k,South Zone,2,2026,RING,1
ANU RETAILS LLP -2,ANU2,R14537,A+,Sparq,15k-25k,South Zone,2,2026,RING,1
ANU RETAILS LLP -2,ANU2,R14554,A+,Sparq,10k-15k,South Zone,2,2026,RING,1
ANU RETAILS LLP -2,ANU2,R14562,A+,Sparq,Above 25k,South Zone,2,2026,RING,1
ANU RETAILS LLP -2,ANU2,R14659,A+,Sparq,10k-15k,South Zone,2,2026,RING,1
ANU RETAILS LLP -2,ANU2,R14663,A+,Sparq,2k-4k,South Zone,2,2026,RING,1
ANU RETAILS LLP -2,ANU2,R14668,A+,Sparq,2k-4k,South Zone,2,2026,RING,1
ANU RETAILS LLP -2,ANU2,R14669,A+,Sparq,2k-4k,South Zone,2,2026,RING,1
ANU RETAILS LLP -2,ANU2,R14669,A+,Sparq,2k-4k,South Zone,12,2025,RING,1
ANU RETAILS LLP -2,ANU2,R14671,A+,Sparq,4k-7k,South Zone,2,2026,RING,1
ANU RETAILS LLP -2,ANU2,R14672,A+,Sparq,4k-7k,South Zone,2,2026,RING,1
ANU RETAILS LLP -2,ANU2,R14672,A+,Sparq,7k-10k,South Zone,2,2026,RING,1
ANU RETAILS LLP -2,ANU2,R14673,A+,Sparq,4k-7k,South Zone,2,2026,RING,1
ANU RETAILS LLP -2,ANU2,R14673,A+,Sparq,4k-7k,South Zone,12,2025,RING,1
ANU RETAILS LLP -2,ANU2,R14676,A+,Sparq,4k-7k,South Zone,2,2026,RING,1
ANU RETAILS LLP -2,ANU2,R14676,A+,Sparq,4k-7k,South Zone,12,2025,RING,1
ANU RETAILS LLP -2,ANU2,R14678,A+,Sparq,4k-7k,South Zone,2,2026,RING,2
ANU RETAILS LLP -2,ANU2,R14685,A+,Sparkles,30k-50k,South Zone,8,2025,RING,1
ANU RETAILS LLP -2,ANU2,R14688,A+,Sparq,10k-15k,South Zone,2,2026,RING,1
ANU RETAILS LLP -2,ANU2,R14749,A+,Sparkles,Less Then 30k,South Zone,4,2026,RING,1
ANU RETAILS LLP -2,ANU2,R14749,A+,Sparkles,Less Then 30k,South Zone,8,2025,RING,1
ANU RETAILS LLP -2,ANU2,R14753,A+,Sparkles,Less Then 30k,South Zone,5,2026,RING,1
ANU RETAILS LLP -2,ANU2,R14773,A+,Sparq,4k-7k,South Zone,2,2026,RING,1
ANU RETAILS LLP -2,ANU2,R14775,A+,Sparq,7k-10k,South Zone,11,2025,RING,1
ANU RETAILS LLP -2,ANU2,R14917,A+,Sparkles,Less Then 30k,South Zone,2,2026,RING,1
ANU RETAILS LLP -2,ANU2,R14934,A+,Sparkles,Less Then 30k,South Zone,2,2026,RING,1
ANU RETAILS LLP -2,ANU2,R15004,A+,Sparq,10k-15k,South Zone,2,2026,RING,2
ANU RETAILS LLP -2,ANU2,R15005,A+,Sparq,10k-15k,South Zone,2,2026,RING,2
ANU RETAILS LLP -2,ANU2,R15008,A+,Sparq,10k-15k,South Zone,2,2026,RING,1
ANU RETAILS LLP -2,ANU2,R15042,A+,Sparq,7k-10k,South Zone,2,2026,RING,1
ANU RETAILS LLP -2,ANU2,R15056,A+,Sparq,4k-7k,South Zone,2,2026,RING,1
ANU RETAILS LLP -2,ANU2,R15057,A+,Sparq,4k-7k,South Zone,2,2026,RING,1
ANU RETAILS LLP -2,ANU2,R15059,A+,Sparq,7k-10k,South Zone,2,2026,RING,1
ANU RETAILS LLP -2,ANU2,R15060,A+,Sparq,4k-7k,South Zone,2,2026,RING,1
ANU RETAILS LLP -2,ANU2,R15095,A+,Sparq,4k-7k,South Zone,3,2026,RING,1
ANU RETAILS LLP -2,ANU2,R15106,A+,Sparq,7k-10k,South Zone,5,2026,RING,1
ANU RETAILS LLP -2,ANU2,R15108,A+,Sparq,7k-10k,South Zone,4,2026,RING,1
ANU RETAILS LLP -2,ANU2,R15232,A+,Sparkles,Less Then 30k,South Zone,3,2026,RING,1
ANU RETAILS LLP -2,ANU2,R15239,A+,Sparkles,Less Then 30k,South Zone,4,2026,RING,1
ANU RETAILS LLP -2,ANU2,R19644,A+,Sparq,4k-7k,South Zone,2,2026,RING,2
ANU RETAILS LLP -2,ANU2,R19651,A+,Sparq,4k-7k,South Zone,2,2026,RING,2
ANU RETAILS LLP -2,ANU2,R19656,A+,Sparq,7k-10k,South Zone,2,2026,RING,1
ANU RETAILS LLP -2,ANU2,R19695,A+,Sparq,7k-10k,South Zone,2,2026,RING,1
ANU RETAILS LLP -2,ANU2,R19699,A+,Sparq,2k-4k,South Zone,1,2026,RING,1
ANU RETAILS LLP -2,ANU2,R20246,A+,Sparq,10k-15k,South Zone,2,2026,RING,1
ANU RETAILS LLP -2,ANU2,R20249,A+,Sparq,4k-7k,South Zone,2,2026,RING,1
ANU RETAILS LLP -2,ANU2,R4232,A+,Sparq,4k-7k,South Zone,1,2026,RING,1
ANU RETAILS LLP -2,ANU2,R4232,A+,Sparq,4k-7k,South Zone,2,2026,RING,1
ANU RETAILS LLP -2,ANU2,R4232,A+,Sparq,7k-10k,South Zone,3,2026,RING,1
ANU RETAILS LLP -2,ANU2,R4586,A+,Sparkles,30k-50k,South Zone,5,2026,RING,1
ANU RETAILS LLP -2,ANU2,R5375,A+,Sparq,4k-7k,South Zone,2,2026,RING,2
ANU RETAILS LLP -2,ANU2,R5398,A+,Sparq,4k-7k,South Zone,2,2026,RING,1
ANU RETAILS LLP -2,ANU2,R5635,A+,Sparq,15k-25k,South Zone,2,2026,RING,1
ANU RETAILS LLP -2,ANU2,R5845,A+,Sparkles,50k-75k,South Zone,11,2025,RING,1
ANU RETAILS LLP -2,ANU2,R6233,A+,Sparkles,30k-50k,South Zone,11,2025,RING,1
ANU RETAILS LLP -2,ANU2,R6586,A+,Sparkles,30k-50k,South Zone,3,2026,RING,1
ANU RETAILS LLP -2,ANU2,R6586,A+,Sparkles,30k-50k,South Zone,12,2025,RING,1
ANU RETAILS LLP -2,ANU2,R6663,A+,Sparkles,Less Then 30k,South Zone,2,2026,RING,1
ANU RETAILS LLP -2,ANU2,R6801,A+,Sparq,10k-15k,South Zone,5,2026,RING,1
ANU RETAILS LLP -2,ANU2,R7368,A+,Sparq,10k-15k,South Zone,1,2026,RING,1
ANU RETAILS LLP -2,ANU2,R7368,A+,Sparq,15k-25k,South Zone,2,2026,RING,2
ANU RETAILS LLP -2,ANU2,R8556,A+,Sparq,10k-15k,South Zone,2,2026,RING,3
ANU RETAILS LLP -2,ANU2,R8858,A+,Sparkles,Less Then 30k,South Zone,4,2026,RING,1
ANU RETAILS LLP -2,ANU2,RF15178,A+,Sparq,7k-10k,South Zone,3,2026,RING,1
ANU RETAILS LLP -2,ANU2,RM15118,A+,Sparq,10k-15k,South Zone,3,2026,RING,1
ANU RETAILS LLP -2,ANU2,RM15159,A+,Sparq,15k-25k,South Zone,4,2026,RING,1
ANU RETAILS LLP -2,ANU2,RM15178,A+,Sparq,10k-15k,South Zone,3,2026,RING,1
ANU RETAILS LLP -2,ANU2,RM15181,A+,Sparq,10k-15k,South Zone,5,2026,RING,1
ANU RETAILS LLP -2,ANU2,RN14825,A+,Sparkles,Less Then 30k,South Zone,11,2025,RING,1
ANU RETAILS LLP -2,ANU2,RN14826,A+,Sparkles,Less Then 30k,South Zone,11,2025,RING,1
ANU RETAILS LLP -2,ANU2,RN14828,A+,Sparkles,Less Then 30k,South Zone,5,2026,RING,1
ANU RETAILS LLP -2,ANU2,RN14828,A+,Sparkles,Less Then 30k,South Zone,11,2025,RING,1
ANU RETAILS LLP -2,ANU2,RN14829,A+,Sparkles,Less Then 30k,South Zone,4,2026,RING,1
ANU RETAILS LLP -2,ANU2,RN14829,A+,Sparkles,Less Then 30k,South Zone,11,2025,RING,1
ANU RETAILS LLP -2,ANU2,RN14831,A+,Sparkles,Less Then 30k,South Zone,4,2026,RING,2
ANU RETAILS LLP -2,ANU2,RN14831,A+,Sparkles,Less Then 30k,South Zone,11,2025,RING,1
ANU RETAILS LLP -2,ANU2,RN14833,A+,Sparkles,Less Then 30k,South Zone,11,2025,RING,1
ANU RETAILS LLP -2,ANU2,RN14834,A+,Sparkles,Less Then 30k,South Zone,1,2026,RING,1
ANU RETAILS LLP -2,ANU2,RN14834,A+,Sparkles,Less Then 30k,South Zone,4,2026,RING,1
ANU RETAILS LLP -2,ANU2,RN14834,A+,Sparkles,Less Then 30k,South Zone,11,2025,RING,1
ANU RETAILS LLP -2,ANU2,RN14835,A+,Sparkles,Less Then 30k,South Zone,2,2026,RING,1
ANU RETAILS LLP -2,ANU2,RN14835,A+,Sparkles,Less Then 30k,South Zone,11,2025,RING,1
ANU RETAILS LLP -2,ANU2,RN14835,A+,Sparkles,Less Then 30k,South Zone,12,2025,RING,1
ANU RETAILS LLP -2,ANU2,RN20403,A+,Sparkles,Less Then 30k,South Zone,11,2025,RING,1
ANU RETAILS LLP -2,ANU2,RN20404,A+,Sparkles,Less Then 30k,South Zone,2,2026,RING,1
ANU RETAILS LLP -2,ANU2,RN20406,A+,Sparkles,Less Then 30k,South Zone,5,2026,RING,1
ANU RETAILS LLP -2,ANU2,RN20407,A+,Sparkles,Less Then 30k,South Zone,3,2026,RING,1
ANU RETAILS LLP -2,ANU2,RN20407,A+,Sparkles,Less Then 30k,South Zone,4,2026,RING,1
ANU RETAILS LLP -2,ANU2,RN20407,A+,Sparkles,Less Then 30k,South Zone,5,2026,RING,1
ANU RETAILS LLP -2,ANU2,RN20452,A+,Sparq,Less Then 2k,South Zone,2,2026,RING,1
ANU RETAILS LLP -2,ANU2,RN20459,A+,Sparq,2k-4k,South Zone,2,2026,RING,1
ANU RETAILS LLP -2,ANU2,RN20461,A+,Sparq,2k-4k,South Zone,3,2026,RING,1
ANU RETAILS LLP -2,ANU2,RN20462,A+,Sparq,2k-4k,South Zone,2,2026,RING,1
ANU RETAILS LLP -2,ANU2,RN20463,A+,Sparq,2k-4k,South Zone,2,2026,RING,4
ANU RETAILS LLP -2,ANU2,RN20463,A+,Sparq,2k-4k,South Zone,3,2026,RING,1
ANU RETAILS LLP -2,ANU2,RN20464,A+,Sparq,2k-4k,South Zone,2,2026,RING,1
ANU RETAILS LLP -2,ANU2,RN20465,A+,Sparq,2k-4k,South Zone,2,2026,RING,1
ANU RETAILS LLP -2,ANU2,RN20466,A+,Sparq,2k-4k,South Zone,2,2026,RING,3
ANU RETAILS LLP -2,ANU2,RN20467,A+,Sparq,2k-4k,South Zone,2,2026,RING,4
ANU RETAILS LLP -2,ANU2,RN20467,A+,Sparq,2k-4k,South Zone,3,2026,RING,1
ANU RETAILS LLP -2,ANU2,RN20468,A+,Sparq,2k-4k,South Zone,2,2026,RING,3
ANU RETAILS LLP -2,ANU2,RN20469,A+,Sparq,2k-4k,South Zone,2,2026,RING,1
ANU RETAILS LLP -2,ANU2,RN20470,A+,Sparq,2k-4k,South Zone,2,2026,RING,2
ANU RETAILS LLP -2,ANU2,RN20471,A+,Sparq,2k-4k,South Zone,2,2026,RING,3
ANU RETAILS LLP -2,ANU2,SMNP504,A+,Sparkles,Less Then 30k,South Zone,5,2026,NOSE PIN,1
ANU RETAILS LLP -2,ANU2,SMNP515,A+,Sparkles,Less Then 30k,South Zone,6,2025,NOSE PIN,2
ANU RETAILS LLP -2,ANU2,SMNP515,A+,Sparkles,Less Then 30k,South Zone,8,2025,NOSE PIN,2
ANU RETAILS LLP -2,ANU2,SMNP522,A+,Sparkles,Less Then 30k,South Zone,5,2025,NOSE PIN,1
ANU RETAILS LLP -2,ANU2,SMNP537,A+,Sparkles,Less Then 30k,South Zone,2,2026,NOSE PIN,3
ANU RETAILS LLP -2,ANU2,SMNP537,A+,Sparkles,Less Then 30k,South Zone,3,2026,NOSE PIN,5
ANU RETAILS LLP -2,ANU2,SMNP537,A+,Sparkles,Less Then 30k,South Zone,4,2026,NOSE PIN,2
ANU RETAILS LLP -2,ANU2,SMNP537,A+,Sparkles,Less Then 30k,South Zone,5,2025,NOSE PIN,1
ANU RETAILS LLP -2,ANU2,T10538,A+,Sparkles,30k-50k,South Zone,5,2025,EARRING,1
ANU RETAILS LLP -2,ANU2,T10547,A+,Sparkles,Less Then 30k,South Zone,4,2026,EARRING,1
ANU RETAILS LLP -2,ANU2,T11273,A+,Sparkles,Less Then 30k,South Zone,1,2026,EARRING,1
ANU RETAILS LLP -2,ANU2,T12458,A+,Sparkles,30k-50k,South Zone,3,2026,EARRING,1
ANU RETAILS LLP -2,ANU2,T12573,A+,Sparkles,Less Then 30k,South Zone,5,2025,EARRING,1
ANU RETAILS LLP -2,ANU2,T13637,A+,Sparkles,50k-75k,South Zone,1,2026,EARRING,1
ANU RETAILS LLP -2,ANU2,T1366,A+,Sparkles,30k-50k,South Zone,4,2026,EARRING,1
ANU RETAILS LLP -2,ANU2,T13748,A+,Sparkles,30k-50k,South Zone,12,2025,EARRING,1
ANU RETAILS LLP -2,ANU2,T13930,A+,Sparkles,30k-50k,South Zone,8,2025,EARRING,1
ANU RETAILS LLP -2,ANU2,T14297,A+,Sparkles,30k-50k,South Zone,8,2025,EARRING,1
ANU RETAILS LLP -2,ANU2,T14298,A+,Sparkles,30k-50k,South Zone,4,2025,EARRING,1
ANU RETAILS LLP -2,ANU2,T14298,A+,Sparkles,30k-50k,South Zone,11,2025,EARRING,1
ANU RETAILS LLP -2,ANU2,T14305,A+,Sparkles,Less Then 30k,South Zone,6,2025,EARRING,1
ANU RETAILS LLP -2,ANU2,T14380,A+,Sparkles,Less Then 30k,South Zone,12,2025,EARRING,1
ANU RETAILS LLP -2,ANU2,T14446,A+,Sparkles,30k-50k,South Zone,11,2025,EARRING,1
ANU RETAILS LLP -2,ANU2,T17480,A+,Sparkles,30k-50k,South Zone,2,2026,EARRING,1
ANU RETAILS LLP -2,ANU2,T17884,A+,Sparkles,30k-50k,South Zone,8,2025,EARRING,1
ANU RETAILS LLP -2,ANU2,T18030,A+,Sparkles,30k-50k,South Zone,12,2025,EARRING,1
ANU RETAILS LLP -2,ANU2,T18127,A+,Sparkles,50k-75k,South Zone,8,2025,EARRING,1
ANU RETAILS LLP -2,ANU2,T18129,A+,Sparkles,30k-50k,South Zone,6,2025,EARRING,1
ANU RETAILS LLP -2,ANU2,T18554,A+,Sparkles,Less Then 30k,South Zone,11,2025,EARRING,1
ANU RETAILS LLP -2,ANU2,T18555,A+,Sparkles,Less Then 30k,South Zone,11,2025,EARRING,1
ANU RETAILS LLP -2,ANU2,T18555,A+,Sparkles,Less Then 30k,South Zone,12,2025,EARRING,2
ANU RETAILS LLP -2,ANU2,T18659,A+,Sparkles,Less Then 30k,South Zone,12,2025,EARRING,1
ANU RETAILS LLP -2,ANU2,T18663,A+,Sparkles,50k-75k,South Zone,8,2025,EARRING,1
ANU RETAILS LLP -2,ANU2,T18663,A+,Sparkles,50k-75k,South Zone,9,2025,EARRING,1
ANU RETAILS LLP -2,ANU2,T18664,A+,Sparkles,30k-50k,South Zone,4,2026,EARRING,1
ANU RETAILS LLP -2,ANU2,T18664,A+,Sparkles,50k-75k,South Zone,1,2026,EARRING,1
ANU RETAILS LLP -2,ANU2,T18665,A+,Sparkles,Less Then 30k,South Zone,8,2025,EARRING,1
ANU RETAILS LLP -2,ANU2,T18666,A+,Sparkles,Less Then 30k,South Zone,3,2026,EARRING,1
ANU RETAILS LLP -2,ANU2,T18666,A+,Sparkles,Less Then 30k,South Zone,5,2026,EARRING,1
ANU RETAILS LLP -2,ANU2,T18667,A+,Sparkles,Less Then 30k,South Zone,8,2025,EARRING,1
ANU RETAILS LLP -2,ANU2,T18670,A+,Sparkles,30k-50k,South Zone,3,2026,EARRING,1
ANU RETAILS LLP -2,ANU2,T18672,A+,Sparkles,Less Then 30k,South Zone,12,2025,EARRING,1
ANU RETAILS LLP -2,ANU2,T18678,A+,Sparkles,30k-50k,South Zone,4,2026,EARRING,1
ANU RETAILS LLP -2,ANU2,T18678,A+,Sparkles,30k-50k,South Zone,7,2025,EARRING,1
ANU RETAILS LLP -2,ANU2,T18678,A+,Sparkles,30k-50k,South Zone,8,2025,EARRING,1
ANU RETAILS LLP -2,ANU2,T18678,A+,Sparkles,30k-50k,South Zone,12,2025,EARRING,1
ANU RETAILS LLP -2,ANU2,T18679,A+,Sparkles,30k-50k,South Zone,12,2025,EARRING,1
ANU RETAILS LLP -2,ANU2,T19021,A+,Sparkles,75k-100k,South Zone,11,2025,EARRING,1
ANU RETAILS LLP -2,ANU2,T19034,A+,Sparkles,30k-50k,South Zone,9,2025,EARRING,1
ANU RETAILS LLP -2,ANU2,T19034,A+,Sparkles,50k-75k,South Zone,2,2026,EARRING,1
ANU RETAILS LLP -2,ANU2,T19041,A+,Sparkles,30k-50k,South Zone,4,2026,EARRING,1
ANU RETAILS LLP -2,ANU2,T19043,A+,Sparkles,30k-50k,South Zone,5,2026,EARRING,1
ANU RETAILS LLP -2,ANU2,T19043,A+,Sparkles,Less Then 30k,South Zone,6,2025,EARRING,1
ANU RETAILS LLP -2,ANU2,T19047,A+,Sparkles,Less Then 30k,South Zone,7,2025,EARRING,2
ANU RETAILS LLP -2,ANU2,T19050,A+,Sparkles,Less Then 30k,South Zone,1,2026,EARRING,1
ANU RETAILS LLP -2,ANU2,T19050,A+,Sparkles,Less Then 30k,South Zone,4,2026,EARRING,1
ANU RETAILS LLP -2,ANU2,T19050,A+,Sparkles,Less Then 30k,South Zone,5,2025,EARRING,1
ANU RETAILS LLP -2,ANU2,T19057,A+,Sparkles,30k-50k,South Zone,6,2025,EARRING,1
ANU RETAILS LLP -2,ANU2,T19084,A+,Sparkles,Less Then 30k,South Zone,6,2025,EARRING,1
ANU RETAILS LLP -2,ANU2,T19086,A+,Sparkles,50k-75k,South Zone,3,2026,EARRING,1
ANU RETAILS LLP -2,ANU2,T19088,A+,Sparkles,50k-75k,South Zone,7,2025,EARRING,1
ANU RETAILS LLP -2,ANU2,T19093,A+,Sparkles,Less Then 30k,South Zone,9,2025,EARRING,1
ANU RETAILS LLP -2,ANU2,T19096,A+,Sparkles,30k-50k,South Zone,6,2025,EARRING,1
ANU RETAILS LLP -2,ANU2,T19099,A+,Sparkles,30k-50k,South Zone,1,2026,EARRING,1
ANU RETAILS LLP -2,ANU2,T19099,A+,Sparkles,30k-50k,South Zone,3,2026,EARRING,1
ANU RETAILS LLP -2,ANU2,T19099,A+,Sparkles,30k-50k,South Zone,11,2025,EARRING,1
ANU RETAILS LLP -2,ANU2,T19107,A+,Sparkles,30k-50k,South Zone,8,2025,EARRING,1
ANU RETAILS LLP -2,ANU2,T19109,A+,Sparkles,30k-50k,South Zone,6,2025,EARRING,1
ANU RETAILS LLP -2,ANU2,T19110,A+,Sparkles,30k-50k,South Zone,11,2025,EARRING,1
ANU RETAILS LLP -2,ANU2,T19114,A+,Sparkles,30k-50k,South Zone,7,2025,EARRING,1
ANU RETAILS LLP -2,ANU2,T19115,A+,Sparkles,Less Then 30k,South Zone,2,2026,EARRING,2
ANU RETAILS LLP -2,ANU2,T19118,A+,Sparkles,Less Then 30k,South Zone,7,2025,EARRING,1
ANU RETAILS LLP -2,ANU2,T19139,A+,Sparkles,Less Then 30k,South Zone,7,2025,EARRING,1
ANU RETAILS LLP -2,ANU2,T19230,A+,Sparkles,30k-50k,South Zone,4,2026,EARRING,1
ANU RETAILS LLP -2,ANU2,T19244,A+,Sparkles,30k-50k,South Zone,3,2026,EARRING,1
ANU RETAILS LLP -2,ANU2,T19259,A+,Sparq,10k-15k,South Zone,3,2026,EARRING,1
ANU RETAILS LLP -2,ANU2,T19291,A+,Sparq,4k-7k,South Zone,2,2026,EARRING,2
ANU RETAILS LLP -2,ANU2,T19325,A+,Sparq,10k-15k,South Zone,2,2026,EARRING,1
ANU RETAILS LLP -2,ANU2,T19327,A+,Sparq,10k-15k,South Zone,2,2026,EARRING,1
ANU RETAILS LLP -2,ANU2,T19432,A+,Sparq,7k-10k,South Zone,11,2025,EARRING,1
ANU RETAILS LLP -2,ANU2,T19498,A+,Sparkles,30k-50k,South Zone,11,2025,EARRING,1
ANU RETAILS LLP -2,ANU2,T19680,A+,Sparkles,50k-75k,South Zone,12,2025,EARRING,1
ANU RETAILS LLP -2,ANU2,T20022,A+,Sparkles,75k-100k,South Zone,9,2025,EARRING,1
ANU RETAILS LLP -2,ANU2,T20269,A+,Sparq,15k-25k,South Zone,2,2026,EARRING,1
ANU RETAILS LLP -2,ANU2,T20304,A+,Sparq,4k-7k,South Zone,2,2026,EARRING,1
ANU RETAILS LLP -2,ANU2,T21617,A+,Sparq,4k-7k,South Zone,1,2026,EARRING,1
ANU RETAILS LLP -2,ANU2,T21943,A+,Sparkles,100k-150k,South Zone,4,2026,EARRING,1
ANU RETAILS LLP -2,ANU2,T21943,A+,Sparkles,100k-150k,South Zone,9,2025,EARRING,1
ANU RETAILS LLP -2,ANU2,T21943,A+,Sparkles,50k-75k,South Zone,11,2025,EARRING,1
ANU RETAILS LLP -2,ANU2,T21943,A+,Sparkles,75k-100k,South Zone,2,2026,EARRING,1
ANU RETAILS LLP -2,ANU2,T21958,A+,Sparq,2k-4k,South Zone,2,2026,EARRING,2
ANU RETAILS LLP -2,ANU2,T21961,A+,Sparkles,Less Then 30k,South Zone,3,2026,EARRING,1
ANU RETAILS LLP -2,ANU2,T23089,A+,Sparq,2k-4k,South Zone,3,2026,EARRING,1
ANU RETAILS LLP -2,ANU2,T23093,A+,Sparq,2k-4k,South Zone,3,2026,EARRING,1
ANU RETAILS LLP -2,ANU2,T23112,A+,Sparkles,30k-50k,South Zone,3,2026,EARRING,1
ANU RETAILS LLP -2,ANU2,T3568,A+,Sparkles,Less Then 30k,South Zone,3,2026,EARRING,1
ANU RETAILS LLP -2,ANU2,T3568,A+,Sparkles,Less Then 30k,South Zone,12,2025,EARRING,1
ANU RETAILS LLP -2,ANU2,T5663,A+,Sparkles,Less Then 30k,South Zone,12,2025,EARRING,1
ANU RETAILS LLP -2,ANU2,T6488,A+,Sparkles,Less Then 30k,South Zone,5,2025,EARRING,1
ANU RETAILS LLP -2,ANU2,T6549,A+,Sparkles,30k-50k,South Zone,4,2026,EARRING,1
ANU RETAILS LLP -2,ANU2,T7137,A+,Sparkles,Less Then 30k,South Zone,1,2026,EARRING,1
ANU RETAILS LLP -2,ANU2,T8715,A+,Sparkles,30k-50k,South Zone,11,2025,EARRING,1
ANU RETAILS LLP -2,ANU2,T8715,A+,Sparkles,Less Then 30k,South Zone,5,2026,EARRING,1
ANU RETAILS LLP -2,ANU2,T996,A+,Sparkles,30k-50k,South Zone,4,2026,EARRING,1
ANU RETAILS LLP -2,ANU2,T996,A+,Sparkles,Less Then 30k,South Zone,5,2026,EARRING,1
ANU RETAILS LLP -2,ANU2,TM19816,A+,Sparkles,30k-50k,South Zone,3,2026,TANMANIYA,1
ANU RETAILS LLP -2,ANU2,TN20403,A+,Sparkles,Less Then 30k,South Zone,2,2026,EARRING,1
ANU RETAILS LLP -2,ANU2,TN20403,A+,Sparkles,Less Then 30k,South Zone,5,2026,EARRING,1
ANU RETAILS LLP -2,ANU2,TN20403,A+,Sparkles,Less Then 30k,South Zone,11,2025,EARRING,2
ANU RETAILS LLP -2,ANU2,TN20403,A+,Sparkles,Less Then 30k,South Zone,12,2025,EARRING,1
ANU RETAILS LLP -2,ANU2,TN20406,A+,Sparkles,Less Then 30k,South Zone,2,2026,EARRING,1
ANU RETAILS LLP -2,ANU2,TN20409,A+,Sparkles,Less Then 30k,South Zone,12,2025,EARRING,1
ANU RETAILS LLP -2,ANU2,TN20413,A+,Sparkles,Less Then 30k,South Zone,4,2026,EARRING,1
ANU RETAILS LLP -2,ANU2,TN20460,A+,Sparq,2k-4k,South Zone,2,2026,EARRING,1
ANU RETAILS LLP -2,ANU2,TN20463,A+,Sparq,2k-4k,South Zone,2,2026,EARRING,1
ANU RETAILS LLP -2,ANU2,TN20464,A+,Sparq,2k-4k,South Zone,12,2025,EARRING,1
ANU RETAILS LLP -2,ANU2,TN20467,A+,Sparq,2k-4k,South Zone,12,2025,EARRING,1
ANU RETAILS LLP -2,ANU2,TN20468,A+,Sparq,2k-4k,South Zone,2,2026,EARRING,1
ANU RETAILS LLP -2,ANU2,TN20469,A+,Sparq,2k-4k,South Zone,2,2026,EARRING,1
ANUTEX SHOPPING MALL LLP-1,ASM1,AFDBR832,A+,Sparkles,100k-150k,South Zone,3,2025,BRACELET,1
ANUTEX SHOPPING MALL LLP-1,ASM1,AFDT1400,A+,Sparkles,30k-50k,South Zone,3,2025,EARRING,1
ANUTEX SHOPPING MALL LLP-1,ASM1,AFDT1400,A+,Sparkles,30k-50k,South Zone,4,2026,EARRING,1
ANUTEX SHOPPING MALL LLP-1,ASM1,AFDT1400,A+,Sparkles,30k-50k,South Zone,5,2025,EARRING,1
ANUTEX SHOPPING MALL LLP-1,ASM1,AFDT1400,A+,Sparkles,30k-50k,South Zone,9,2024,EARRING,1
ANUTEX SHOPPING MALL LLP-1,ASM1,AFDT1401,A+,Sparkles,75k-100k,South Zone,3,2026,EARRING,1
ANUTEX SHOPPING MALL LLP-1,ASM1,AFDT1409,A+,Sparkles,30k-50k,South Zone,11,2024,EARRING,1
ANUTEX SHOPPING MALL LLP-1,ASM1,AFDT1409,A+,Sparkles,30k-50k,South Zone,12,2024,EARRING,1
ANUTEX SHOPPING MALL LLP-1,ASM1,AFDT1409,A+,Sparkles,50k-75k,South Zone,4,2026,EARRING,1
ANUTEX SHOPPING MALL LLP-1,ASM1,AFDT1409,A+,Sparkles,50k-75k,South Zone,12,2025,EARRING,1
ANUTEX SHOPPING MALL LLP-1,ASM1,AFDT1410,A+,Sparkles,Less Then 30k,South Zone,3,2025,EARRING,1
ANUTEX SHOPPING MALL LLP-1,ASM1,AFDT1410,A+,Sparkles,Less Then 30k,South Zone,4,2025,EARRING,1
ANUTEX SHOPPING MALL LLP-1,ASM1,AFDT1410,A+,Sparkles,Less Then 30k,South Zone,10,2024,EARRING,1
ANUTEX SHOPPING MALL LLP-1,ASM1,AFDT1411,A+,Sparkles,Less Then 30k,South Zone,8,2024,EARRING,1
ANUTEX SHOPPING MALL LLP-1,ASM1,AFDT90075,A+,Sparkles,Less Then 30k,South Zone,4,2026,EARRING,1
ANUTEX SHOPPING MALL LLP-1,ASM1,N10454,A+,Sparkles,Less Then 30k,South Zone,2,2020,NECKLACE,1
ANUTEX SHOPPING MALL LLP-1,ASM1,N10471,A+,Sparq,10k-15k,South Zone,2,2026,TANMANIYA,1
ANUTEX SHOPPING MALL LLP-1,ASM1,N14448,A+,Sparkles,50k-75k,South Zone,4,2026,NECKLACE,1
ANUTEX SHOPPING MALL LLP-1,ASM1,N19501,A+,Sparkles,Less Then 30k,South Zone,4,2026,NECKLACE,1
ANUTEX SHOPPING MALL LLP-1,ASM1,N19508,A+,Sparkles,30k-50k,South Zone,1,2025,NECKLACE,1
ANUTEX SHOPPING MALL LLP-1,ASM1,N19509,A+,Sparkles,50k-75k,South Zone,3,2026,NECKLACE,1
ANUTEX SHOPPING MALL LLP-1,ASM1,N19550,A+,Sparkles,30k-50k,South Zone,11,2025,NECKLACE,1
ANUTEX SHOPPING MALL LLP-1,ASM1,N19553,A+,Sparkles,75k-100k,South Zone,6,2025,NECKLACE,1
ANUTEX SHOPPING MALL LLP-1,ASM1,N19557,A+,Sparkles,50k-75k,South Zone,2,2026,NECKLACE,1
ANUTEX SHOPPING MALL LLP-1,ASM1,N19557,A+,Sparkles,50k-75k,South Zone,11,2024,NECKLACE,1
ANUTEX SHOPPING MALL LLP-1,ASM1,N19561,A+,Sparkles,50k-75k,South Zone,9,2025,NECKLACE,1
ANUTEX SHOPPING MALL LLP-1,ASM1,N19562,A+,Sparkles,30k-50k,South Zone,1,2025,NECKLACE,1
ANUTEX SHOPPING MALL LLP-1,ASM1,N19603,A+,Sparkles,50k-75k,South Zone,1,2025,NECKLACE,1
ANUTEX SHOPPING MALL LLP-1,ASM1,N19623,A+,Sparkles,50k-75k,South Zone,1,2026,NECKLACE,1
ANUTEX SHOPPING MALL LLP-1,ASM1,N19625,A+,Sparkles,30k-50k,South Zone,1,2026,NECKLACE,1
ANUTEX SHOPPING MALL LLP-1,ASM1,N19655,A+,Sparkles,50k-75k,South Zone,5,2026,NECKLACE,1
ANUTEX SHOPPING MALL LLP-1,ASM1,N19728,A+,Sparq,4k-7k,South Zone,1,2026,NECKLACE,1
ANUTEX SHOPPING MALL LLP-1,ASM1,N5829,A+,Sparkles,30k-50k,South Zone,12,2024,NECKLACE,1
ANUTEX SHOPPING MALL LLP-1,ASM1,N9327,A+,Sparkles,Less Then 30k,South Zone,11,2019,NECKLACE,1
ANUTEX SHOPPING MALL LLP-1,ASM1,N9910,A+,Sparq,10k-15k,South Zone,2,2026,TANMANIYA,1
ANUTEX SHOPPING MALL LLP-1,ASM1,NP10938,A+,Sparkles,Less Then 30k,South Zone,4,2023,NOSE PIN,2
ANUTEX SHOPPING MALL LLP-1,ASM1,NP11010,A+,Sparkles,Less Then 30k,South Zone,3,2025,NOSE PIN,2
ANUTEX SHOPPING MALL LLP-1,ASM1,NP11014,A+,Sparkles,Less Then 30k,South Zone,3,2022,NOSE PIN,1
ANUTEX SHOPPING MALL LLP-1,ASM1,NP11014,A+,Sparkles,Less Then 30k,South Zone,6,2025,NOSE PIN,2
ANUTEX SHOPPING MALL LLP-1,ASM1,NP11015,A+,Sparkles,Less Then 30k,South Zone,3,2021,NOSE PIN,1
ANUTEX SHOPPING MALL LLP-1,ASM1,NP11015,A+,Sparkles,Less Then 30k,South Zone,3,2026,NOSE PIN,1
ANUTEX SHOPPING MALL LLP-1,ASM1,NP11015,A+,Sparkles,Less Then 30k,South Zone,6,2025,NOSE PIN,1
ANUTEX SHOPPING MALL LLP-1,ASM1,NP11017,A+,Sparkles,Less Then 30k,South Zone,2,2020,NOSE PIN,1
ANUTEX SHOPPING MALL LLP-1,ASM1,NP11018,A+,Sparkles,Less Then 30k,South Zone,12,2025,NOSE PIN,1
ANUTEX SHOPPING MALL LLP-1,ASM1,NP11019,A+,Sparkles,Less Then 30k,South Zone,5,2021,NOSE PIN,1
ANUTEX SHOPPING MALL LLP-1,ASM1,NP1102,A+,Sparkles,Less Then 30k,South Zone,5,2026,NOSE PIN,1
ANUTEX SHOPPING MALL LLP-1,ASM1,NP1102,A+,Sparkles,Less Then 30k,South Zone,7,2025,NOSE PIN,1
ANUTEX SHOPPING MALL LLP-1,ASM1,NP1102,A+,Sparkles,Less Then 30k,South Zone,8,2019,NOSE PIN,1
ANUTEX SHOPPING MALL LLP-1,ASM1,NP11020,A+,Sparkles,Less Then 30k,South Zone,2,2026,NOSE PIN,5
ANUTEX SHOPPING MALL LLP-1,ASM1,NP11020,A+,Sparkles,Less Then 30k,South Zone,5,2026,NOSE PIN,1
ANUTEX SHOPPING MALL LLP-1,ASM1,NP11020,A+,Sparkles,Less Then 30k,South Zone,10,2022,NOSE PIN,2
ANUTEX SHOPPING MALL LLP-1,ASM1,NP11020,A+,Sparkles,Less Then 30k,South Zone,12,2025,NOSE PIN,1
ANUTEX SHOPPING MALL LLP-1,ASM1,NP11022,A+,Sparkles,Less Then 30k,South Zone,11,2019,NOSE PIN,1
ANUTEX SHOPPING MALL LLP-1,ASM1,NP11484,A+,Sparkles,Less Then 30k,South Zone,12,2025,NOSE PIN,1
ANUTEX SHOPPING MALL LLP-1,ASM1,NP11754,A+,Sparkles,Less Then 30k,South Zone,1,2026,NOSE PIN,1
ANUTEX SHOPPING MALL LLP-1,ASM1,NP11754,A+,Sparkles,Less Then 30k,South Zone,7,2025,NOSE PIN,1
ANUTEX SHOPPING MALL LLP-1,ASM1,NP1231,A+,Sparkles,Less Then 30k,South Zone,2,2025,NOSE PIN,2
ANUTEX SHOPPING MALL LLP-1,ASM1,NP1231,A+,Sparkles,Less Then 30k,South Zone,4,2025,NOSE PIN,1
ANUTEX SHOPPING MALL LLP-1,ASM1,NP1231,A+,Sparkles,Less Then 30k,South Zone,6,2025,NOSE PIN,2
ANUTEX SHOPPING MALL LLP-1,ASM1,NP1231,A+,Sparkles,Less Then 30k,South Zone,7,2025,NOSE PIN,2
ANUTEX SHOPPING MALL LLP-1,ASM1,NP1231,A+,Sparkles,Less Then 30k,South Zone,8,2025,NOSE PIN,1
ANUTEX SHOPPING MALL LLP-1,ASM1,NP1231,A+,Sparkles,Less Then 30k,South Zone,9,2025,NOSE PIN,1
ANUTEX SHOPPING MALL LLP-1,ASM1,NP1484,A+,Sparkles,Less Then 30k,South Zone,2,2021,NOSE PIN,1
ANUTEX SHOPPING MALL LLP-1,ASM1,NP1487,A+,Sparkles,Less Then 30k,South Zone,1,2022,NOSE PIN,1
ANUTEX SHOPPING MALL LLP-1,ASM1,NP1487,A+,Sparkles,Less Then 30k,South Zone,2,2021,NOSE PIN,1
ANUTEX SHOPPING MALL LLP-1,ASM1,NP1488,A+,Sparkles,Less Then 30k,South Zone,4,2025,NOSE PIN,1
ANUTEX SHOPPING MALL LLP-1,ASM1,NP1495,A+,Sparkles,Less Then 30k,South Zone,3,2023,NOSE PIN,2
ANUTEX SHOPPING MALL LLP-1,ASM1,NP1495,A+,Sparkles,Less Then 30k,South Zone,4,2023,NOSE PIN,2
ANUTEX SHOPPING MALL LLP-1,ASM1,NP1545,A+,Sparkles,Less Then 30k,South Zone,2,2021,NOSE PIN,1
ANUTEX SHOPPING MALL LLP-1,ASM1,NP1754,A+,Sparkles,Less Then 30k,South Zone,6,2025,NOSE PIN,1
ANUTEX SHOPPING MALL LLP-1,ASM1,NP1862,A+,Sparkles,Less Then 30k,South Zone,2,2021,NOSE PIN,1
ANUTEX SHOPPING MALL LLP-1,ASM1,NP1876,A+,Sparkles,Less Then 30k,South Zone,2,2025,NOSE PIN,3
ANUTEX SHOPPING MALL LLP-1,ASM1,NP1876,A+,Sparkles,Less Then 30k,South Zone,2,2026,NOSE PIN,3
ANUTEX SHOPPING MALL LLP-1,ASM1,NP1876,A+,Sparkles,Less Then 30k,South Zone,3,2025,NOSE PIN,1
ANUTEX SHOPPING MALL LLP-1,ASM1,NP1876,A+,Sparkles,Less Then 30k,South Zone,4,2025,NOSE PIN,2
ANUTEX SHOPPING MALL LLP-1,ASM1,NP1876,A+,Sparkles,Less Then 30k,South Zone,4,2026,NOSE PIN,1
ANUTEX SHOPPING MALL LLP-1,ASM1,NP1876,A+,Sparkles,Less Then 30k,South Zone,5,2025,NOSE PIN,1
ANUTEX SHOPPING MALL LLP-1,ASM1,NP1876,A+,Sparkles,Less Then 30k,South Zone,6,2025,NOSE PIN,1
ANUTEX SHOPPING MALL LLP-1,ASM1,NP1876,A+,Sparkles,Less Then 30k,South Zone,8,2024,NOSE PIN,7
ANUTEX SHOPPING MALL LLP-1,ASM1,NP1876,A+,Sparkles,Less Then 30k,South Zone,8,2025,NOSE PIN,2
ANUTEX SHOPPING MALL LLP-1,ASM1,NP1876,A+,Sparkles,Less Then 30k,South Zone,10,2024,NOSE PIN,4
ANUTEX SHOPPING MALL LLP-1,ASM1,NP1876,A+,Sparkles,Less Then 30k,South Zone,11,2024,NOSE PIN,6
ANUTEX SHOPPING MALL LLP-1,ASM1,NP1876,A+,Sparkles,Less Then 30k,South Zone,12,2024,NOSE PIN,5
ANUTEX SHOPPING MALL LLP-1,ASM1,NP1877,A+,Sparkles,Less Then 30k,South Zone,3,2025,NOSE PIN,1
ANUTEX SHOPPING MALL LLP-1,ASM1,NP1877,A+,Sparkles,Less Then 30k,South Zone,5,2026,NOSE PIN,1
ANUTEX SHOPPING MALL LLP-1,ASM1,NP1878,A+,Sparkles,Less Then 30k,South Zone,4,2026,NOSE PIN,1
ANUTEX SHOPPING MALL LLP-1,ASM1,NP1878,A+,Sparkles,Less Then 30k,South Zone,8,2025,NOSE PIN,2
ANUTEX SHOPPING MALL LLP-1,ASM1,NP1879,A+,Sparkles,Less Then 30k,South Zone,1,2025,NOSE PIN,2
ANUTEX SHOPPING MALL LLP-1,ASM1,NP1879,A+,Sparkles,Less Then 30k,South Zone,4,2025,NOSE PIN,1
ANUTEX SHOPPING MALL LLP-1,ASM1,NP1879,A+,Sparkles,Less Then 30k,South Zone,4,2026,NOSE PIN,1
ANUTEX SHOPPING MALL LLP-1,ASM1,NP1879,A+,Sparkles,Less Then 30k,South Zone,6,2025,NOSE PIN,2
ANUTEX SHOPPING MALL LLP-1,ASM1,NP1879,A+,Sparkles,Less Then 30k,South Zone,9,2024,NOSE PIN,2
ANUTEX SHOPPING MALL LLP-1,ASM1,NP1879,A+,Sparkles,Less Then 30k,South Zone,12,2024,NOSE PIN,1
ANUTEX SHOPPING MALL LLP-1,ASM1,NP1879,A+,Sparkles,Less Then 30k,South Zone,12,2025,NOSE PIN,1
ANUTEX SHOPPING MALL LLP-1,ASM1,NP1881,A+,Sparkles,Less Then 30k,South Zone,4,2025,NOSE PIN,2
ANUTEX SHOPPING MALL LLP-1,ASM1,NP1881,A+,Sparkles,Less Then 30k,South Zone,5,2025,NOSE PIN,1
ANUTEX SHOPPING MALL LLP-1,ASM1,NP1881,A+,Sparkles,Less Then 30k,South Zone,7,2025,NOSE PIN,2
ANUTEX SHOPPING MALL LLP-1,ASM1,NP1882,A+,Sparkles,Less Then 30k,South Zone,3,2025,NOSE PIN,1
ANUTEX SHOPPING MALL LLP-1,ASM1,NP1882,A+,Sparkles,Less Then 30k,South Zone,3,2026,NOSE PIN,3
ANUTEX SHOPPING MALL LLP-1,ASM1,NP1882,A+,Sparkles,Less Then 30k,South Zone,4,2026,NOSE PIN,4
ANUTEX SHOPPING MALL LLP-1,ASM1,NP1882,A+,Sparkles,Less Then 30k,South Zone,8,2024,NOSE PIN,4
ANUTEX SHOPPING MALL LLP-1,ASM1,NP1882,A+,Sparkles,Less Then 30k,South Zone,10,2024,NOSE PIN,4
ANUTEX SHOPPING MALL LLP-1,ASM1,NP1882,A+,Sparkles,Less Then 30k,South Zone,11,2025,NOSE PIN,2
ANUTEX SHOPPING MALL LLP-1,ASM1,NP1883,A+,Sparkles,Less Then 30k,South Zone,1,2025,NOSE PIN,2
ANUTEX SHOPPING MALL LLP-1,ASM1,NP1883,A+,Sparkles,Less Then 30k,South Zone,2,2025,NOSE PIN,3
ANUTEX SHOPPING MALL LLP-1,ASM1,NP1883,A+,Sparkles,Less Then 30k,South Zone,3,2025,NOSE PIN,2
ANUTEX SHOPPING MALL LLP-1,ASM1,NP1883,A+,Sparkles,Less Then 30k,South Zone,4,2025,NOSE PIN,2
ANUTEX SHOPPING MALL LLP-1,ASM1,NP1883,A+,Sparkles,Less Then 30k,South Zone,4,2026,NOSE PIN,2
ANUTEX SHOPPING MALL LLP-1,ASM1,NP1883,A+,Sparkles,Less Then 30k,South Zone,5,2026,NOSE PIN,2
ANUTEX SHOPPING MALL LLP-1,ASM1,NP1883,A+,Sparkles,Less Then 30k,South Zone,7,2025,NOSE PIN,2
ANUTEX SHOPPING MALL LLP-1,ASM1,NP1883,A+,Sparkles,Less Then 30k,South Zone,8,2025,NOSE PIN,1
ANUTEX SHOPPING MALL LLP-1,ASM1,NP1883,A+,Sparkles,Less Then 30k,South Zone,12,2024,NOSE PIN,1
ANUTEX SHOPPING MALL LLP-1,ASM1,NP1884,A+,Sparkles,Less Then 30k,South Zone,1,2025,NOSE PIN,1
ANUTEX SHOPPING MALL LLP-1,ASM1,NP20505,A+,Sparkles,Less Then 30k,South Zone,1,2025,NOSE PIN,2
ANUTEX SHOPPING MALL LLP-1,ASM1,NP20505,A+,Sparkles,Less Then 30k,South Zone,1,2026,NOSE PIN,2
ANUTEX SHOPPING MALL LLP-1,ASM1,NP20505,A+,Sparkles,Less Then 30k,South Zone,2,2025,NOSE PIN,2
ANUTEX SHOPPING MALL LLP-1,ASM1,NP20505,A+,Sparkles,Less Then 30k,South Zone,3,2025,NOSE PIN,1
ANUTEX SHOPPING MALL LLP-1,ASM1,NP20505,A+,Sparkles,Less Then 30k,South Zone,4,2026,NOSE PIN,2
ANUTEX SHOPPING MALL LLP-1,ASM1,NP20505,A+,Sparkles,Less Then 30k,South Zone,8,2025,NOSE PIN,1
ANUTEX SHOPPING MALL LLP-1,ASM1,NP20506,A+,Sparkles,Less Then 30k,South Zone,7,2025,NOSE PIN,1
ANUTEX SHOPPING MALL LLP-1,ASM1,NP20507,A+,Sparkles,Less Then 30k,South Zone,1,2025,NOSE PIN,2
ANUTEX SHOPPING MALL LLP-1,ASM1,NP20507,A+,Sparkles,Less Then 30k,South Zone,2,2025,NOSE PIN,2
ANUTEX SHOPPING MALL LLP-1,ASM1,NP20507,A+,Sparkles,Less Then 30k,South Zone,9,2024,NOSE PIN,2
ANUTEX SHOPPING MALL LLP-1,ASM1,NP20508,A+,Sparkles,Less Then 30k,South Zone,9,2024,NOSE PIN,2
ANUTEX SHOPPING MALL LLP-1,ASM1,NP20511,A+,Sparkles,Less Then 30k,South Zone,10,2024,NOSE PIN,2
ANUTEX SHOPPING MALL LLP-1,ASM1,NP20518,A+,Sparkles,Less Then 30k,South Zone,8,2025,NOSE PIN,1
ANUTEX SHOPPING MALL LLP-1,ASM1,NP20524,A+,Sparkles,Less Then 30k,South Zone,2,2026,NOSE PIN,2
ANUTEX SHOPPING MALL LLP-1,ASM1,NP20524,A+,Sparq,2k-4k,South Zone,12,2025,NOSE PIN,1
ANUTEX SHOPPING MALL LLP-1,ASM1,NP20525,A+,Sparkles,Less Then 30k,South Zone,2,2026,NOSE PIN,1
ANUTEX SHOPPING MALL LLP-1,ASM1,NP20525,A+,Sparq,2k-4k,South Zone,1,2026,NOSE PIN,1
ANUTEX SHOPPING MALL LLP-1,ASM1,NP20525,A+,Sparq,2k-4k,South Zone,12,2025,NOSE PIN,1
ANUTEX SHOPPING MALL LLP-1,ASM1,NP20529,A+,Sparkles,Less Then 30k,South Zone,4,2026,NOSE PIN,1
ANUTEX SHOPPING MALL LLP-1,ASM1,NP20529,A+,Sparq,Less Then 2k,South Zone,3,2026,NOSE PIN,2
ANUTEX SHOPPING MALL LLP-1,ASM1,NP21754,A+,Sparkles,Less Then 30k,South Zone,2,2021,NOSE PIN,1
ANUTEX SHOPPING MALL LLP-1,ASM1,NP21754,A+,Sparkles,Less Then 30k,South Zone,3,2020,NOSE PIN,1
ANUTEX SHOPPING MALL LLP-1,ASM1,NP21754,A+,Sparkles,Less Then 30k,South Zone,5,2026,NOSE PIN,1
ANUTEX SHOPPING MALL LLP-1,ASM1,NP21754,A+,Sparkles,Less Then 30k,South Zone,7,2025,NOSE PIN,1
ANUTEX SHOPPING MALL LLP-1,ASM1,NP21754,A+,Sparkles,Less Then 30k,South Zone,8,2025,NOSE PIN,1
ANUTEX SHOPPING MALL LLP-1,ASM1,NP21754,A+,Sparkles,Less Then 30k,South Zone,9,2024,NOSE PIN,1
ANUTEX SHOPPING MALL LLP-1,ASM1,NP21754,A+,Sparkles,Less Then 30k,South Zone,10,2024,NOSE PIN,2
ANUTEX SHOPPING MALL LLP-1,ASM1,NP21754,A+,Sparkles,Less Then 30k,South Zone,11,2024,NOSE PIN,2
ANUTEX SHOPPING MALL LLP-1,ASM1,NP21754,A+,Sparkles,Less Then 30k,South Zone,12,2024,NOSE PIN,3
ANUTEX SHOPPING MALL LLP-1,ASM1,NP2231,A+,Sparkles,Less Then 30k,South Zone,1,2022,NOSE PIN,1
ANUTEX SHOPPING MALL LLP-1,ASM1,NP2231,A+,Sparkles,Less Then 30k,South Zone,3,2021,NOSE PIN,1
ANUTEX SHOPPING MALL LLP-1,ASM1,NP2231,A+,Sparkles,Less Then 30k,South Zone,8,2021,NOSE PIN,1
ANUTEX SHOPPING MALL LLP-1,ASM1,NP2231,A+,Sparkles,Less Then 30k,South Zone,8,2024,NOSE PIN,1
ANUTEX SHOPPING MALL LLP-1,ASM1,NP2231,A+,Sparkles,Less Then 30k,South Zone,9,2024,NOSE PIN,2
ANUTEX SHOPPING MALL LLP-1,ASM1,NP2231,A+,Sparkles,Less Then 30k,South Zone,12,2024,NOSE PIN,1
ANUTEX SHOPPING MALL LLP-1,ASM1,NP22432,A+,Sparkles,Less Then 30k,South Zone,2,2026,NOSE PIN,1
ANUTEX SHOPPING MALL LLP-1,ASM1,NP22432,A+,Sparkles,Less Then 30k,South Zone,3,2026,NOSE PIN,2
ANUTEX SHOPPING MALL LLP-1,ASM1,NP22432,A+,Sparkles,Less Then 30k,South Zone,9,2022,NOSE PIN,2
ANUTEX SHOPPING MALL LLP-1,ASM1,NP22432,A+,Sparkles,Less Then 30k,South Zone,11,2025,NOSE PIN,1
ANUTEX SHOPPING MALL LLP-1,ASM1,NP2273,A+,Sparkles,Less Then 30k,South Zone,5,2026,NOSE PIN,1
ANUTEX SHOPPING MALL LLP-1,ASM1,NP2273,A+,Sparkles,Less Then 30k,South Zone,6,2025,NOSE PIN,1
ANUTEX SHOPPING MALL LLP-1,ASM1,NP2273,A+,Sparkles,Less Then 30k,South Zone,7,2025,NOSE PIN,1
ANUTEX SHOPPING MALL LLP-1,ASM1,NP231,A+,Sparkles,Less Then 30k,South Zone,2,2020,NOSE PIN,1
ANUTEX SHOPPING MALL LLP-1,ASM1,NP239,A+,Sparkles,Less Then 30k,South Zone,2,2026,NOSE PIN,2
ANUTEX SHOPPING MALL LLP-1,ASM1,NP239,A+,Sparkles,Less Then 30k,South Zone,12,2025,NOSE PIN,2
ANUTEX SHOPPING MALL LLP-1,ASM1,NP2432,A+,Sparkles,Less Then 30k,South Zone,7,2025,NOSE PIN,1
ANUTEX SHOPPING MALL LLP-1,ASM1,NP273,A+,Sparkles,Less Then 30k,South Zone,1,2026,NOSE PIN,1
ANUTEX SHOPPING MALL LLP-1,ASM1,NP273,A+,Sparkles,Less Then 30k,South Zone,9,2021,NOSE PIN,1
ANUTEX SHOPPING MALL LLP-1,ASM1,NP273,A+,Sparkles,Less Then 30k,South Zone,9,2025,NOSE PIN,1
ANUTEX SHOPPING MALL LLP-1,ASM1,NP273,A+,Sparkles,Less Then 30k,South Zone,11,2025,NOSE PIN,2
ANUTEX SHOPPING MALL LLP-1,ASM1,NP3261,A+,Sparkles,Less Then 30k,South Zone,2,2026,NOSE PIN,1
ANUTEX SHOPPING MALL LLP-1,ASM1,NP3261,A+,Sparkles,Less Then 30k,South Zone,10,2021,NOSE PIN,1
ANUTEX SHOPPING MALL LLP-1,ASM1,NP3290,A+,Sparkles,Less Then 30k,South Zone,2,2026,NOSE PIN,6
ANUTEX SHOPPING MALL LLP-1,ASM1,NP3290,A+,Sparkles,Less Then 30k,South Zone,3,2026,NOSE PIN,3
ANUTEX SHOPPING MALL LLP-1,ASM1,NP3290,A+,Sparkles,Less Then 30k,South Zone,4,2026,NOSE PIN,1
ANUTEX SHOPPING MALL LLP-1,ASM1,NP3290,A+,Sparkles,Less Then 30k,South Zone,11,2025,NOSE PIN,1
ANUTEX SHOPPING MALL LLP-1,ASM1,NP3290,A+,Sparq,Less Then 2k,South Zone,4,2026,NOSE PIN,1
ANUTEX SHOPPING MALL LLP-1,ASM1,NP3596,A+,Sparkles,Less Then 30k,South Zone,2,2020,NOSE PIN,1
ANUTEX SHOPPING MALL LLP-1,ASM1,NP515,A+,Sparkles,Less Then 30k,South Zone,5,2026,NOSE PIN,2
ANUTEX SHOPPING MALL LLP-1,ASM1,NP516,A+,Sparkles,Less Then 30k,South Zone,5,2025,NOSE PIN,1
ANUTEX SHOPPING MALL LLP-1,ASM1,NP5231,A+,Sparkles,Less Then 30k,South Zone,6,2025,NOSE PIN,2
ANUTEX SHOPPING MALL LLP-1,ASM1,NP537,A+,Sparkles,Less Then 30k,South Zone,3,2026,NOSE PIN,1
ANUTEX SHOPPING MALL LLP-1,ASM1,NP537,A+,Sparkles,Less Then 30k,South Zone,4,2026,NOSE PIN,1
ANUTEX SHOPPING MALL LLP-1,ASM1,NP537,A+,Sparkles,Less Then 30k,South Zone,6,2025,NOSE PIN,2
ANUTEX SHOPPING MALL LLP-1,ASM1,NP548,A+,Sparkles,Less Then 30k,South Zone,1,2023,NOSE PIN,2
ANUTEX SHOPPING MALL LLP-1,ASM1,NP551,A+,Sparkles,Less Then 30k,South Zone,1,2023,NOSE PIN,1
ANUTEX SHOPPING MALL LLP-1,ASM1,NP551,A+,Sparkles,Less Then 30k,South Zone,11,2022,NOSE PIN,3
ANUTEX SHOPPING MALL LLP-1,ASM1,NP552,A+,Sparkles,Less Then 30k,South Zone,1,2023,NOSE PIN,1
ANUTEX SHOPPING MALL LLP-1,ASM1,NP7231,A+,Sparkles,Less Then 30k,South Zone,2,2026,NOSE PIN,1
ANUTEX SHOPPING MALL LLP-1,ASM1,NP7231,A+,Sparkles,Less Then 30k,South Zone,5,2026,NOSE PIN,1
ANUTEX SHOPPING MALL LLP-1,ASM1,NP7231,A+,Sparkles,Less Then 30k,South Zone,11,2025,NOSE PIN,2
ANUTEX SHOPPING MALL LLP-1,ASM1,NP7950,A+,Sparkles,Less Then 30k,South Zone,1,2022,NOSE PIN,1
ANUTEX SHOPPING MALL LLP-1,ASM1,NP7950,A+,Sparkles,Less Then 30k,South Zone,3,2026,NOSE PIN,2
ANUTEX SHOPPING MALL LLP-1,ASM1,NP7950,A+,Sparkles,Less Then 30k,South Zone,4,2026,NOSE PIN,1
ANUTEX SHOPPING MALL LLP-1,ASM1,NP7950,A+,Sparkles,Less Then 30k,South Zone,7,2024,NOSE PIN,1
ANUTEX SHOPPING MALL LLP-1,ASM1,NP7950,A+,Sparkles,Less Then 30k,South Zone,7,2025,NOSE PIN,1
ANUTEX SHOPPING MALL LLP-1,ASM1,NP7950,A+,Sparkles,Less Then 30k,South Zone,8,2024,NOSE PIN,3
ANUTEX SHOPPING MALL LLP-1,ASM1,NP7950,A+,Sparkles,Less Then 30k,South Zone,9,2024,NOSE PIN,2
ANUTEX SHOPPING MALL LLP-1,ASM1,NP7950,A+,Sparkles,Less Then 30k,South Zone,10,2024,NOSE PIN,1
ANUTEX SHOPPING MALL LLP-1,ASM1,NP7950,A+,Sparkles,Less Then 30k,South Zone,11,2025,NOSE PIN,1
ANUTEX SHOPPING MALL LLP-1,ASM1,NP7950,A+,Sparkles,Less Then 30k,South Zone,12,2024,NOSE PIN,1
ANUTEX SHOPPING MALL LLP-1,ASM1,NP7950,A+,Sparq,Less Then 2k,South Zone,12,2025,NOSE PIN,2
ANUTEX SHOPPING MALL LLP-1,ASM1,NP7951,A+,Sparkles,Less Then 30k,South Zone,1,2026,NOSE PIN,1
ANUTEX SHOPPING MALL LLP-1,ASM1,NP7951,A+,Sparkles,Less Then 30k,South Zone,2,2022,NOSE PIN,1
ANUTEX SHOPPING MALL LLP-1,ASM1,NP7951,A+,Sparkles,Less Then 30k,South Zone,3,2025,NOSE PIN,1
ANUTEX SHOPPING MALL LLP-1,ASM1,NP7951,A+,Sparkles,Less Then 30k,South Zone,4,2025,NOSE PIN,1
ANUTEX SHOPPING MALL LLP-1,ASM1,NP7951,A+,Sparkles,Less Then 30k,South Zone,5,2026,NOSE PIN,1
ANUTEX SHOPPING MALL LLP-1,ASM1,NP7952,A+,Sparkles,Less Then 30k,South Zone,1,2022,NOSE PIN,1
ANUTEX SHOPPING MALL LLP-1,ASM1,NP7952,A+,Sparkles,Less Then 30k,South Zone,2,2022,NOSE PIN,1
ANUTEX SHOPPING MALL LLP-1,ASM1,NP7952,A+,Sparkles,Less Then 30k,South Zone,7,2021,NOSE PIN,1
ANUTEX SHOPPING MALL LLP-1,ASM1,NP850,A+,Sparkles,Less Then 30k,South Zone,7,2025,NOSE PIN,2
ANUTEX SHOPPING MALL LLP-1,ASM1,NP8516,A+,Sparkles,Less Then 30k,South Zone,1,2026,NOSE PIN,2
ANUTEX SHOPPING MALL LLP-1,ASM1,NP8516,A+,Sparkles,Less Then 30k,South Zone,2,2026,NOSE PIN,4
ANUTEX SHOPPING MALL LLP-1,ASM1,NP8516,A+,Sparkles,Less Then 30k,South Zone,3,2025,NOSE PIN,1
ANUTEX SHOPPING MALL LLP-1,ASM1,NP8516,A+,Sparkles,Less Then 30k,South Zone,4,2025,NOSE PIN,4
ANUTEX SHOPPING MALL LLP-1,ASM1,NP8516,A+,Sparkles,Less Then 30k,South Zone,4,2026,NOSE PIN,5
ANUTEX SHOPPING MALL LLP-1,ASM1,NP8516,A+,Sparkles,Less Then 30k,South Zone,5,2025,NOSE PIN,2
ANUTEX SHOPPING MALL LLP-1,ASM1,NP8516,A+,Sparkles,Less Then 30k,South Zone,5,2026,NOSE PIN,1
ANUTEX SHOPPING MALL LLP-1,ASM1,NP8516,A+,Sparkles,Less Then 30k,South Zone,6,2025,NOSE PIN,5
ANUTEX SHOPPING MALL LLP-1,ASM1,NP8516,A+,Sparkles,Less Then 30k,South Zone,7,2025,NOSE PIN,2
ANUTEX SHOPPING MALL LLP-1,ASM1,NP8516,A+,Sparkles,Less Then 30k,South Zone,8,2025,NOSE PIN,3
ANUTEX SHOPPING MALL LLP-1,ASM1,NP8516,A+,Sparkles,Less Then 30k,South Zone,9,2025,NOSE PIN,8
ANUTEX SHOPPING MALL LLP-1,ASM1,NP8516,A+,Sparkles,Less Then 30k,South Zone,11,2024,NOSE PIN,2
ANUTEX SHOPPING MALL LLP-1,ASM1,NP8516,A+,Sparkles,Less Then 30k,South Zone,11,2025,NOSE PIN,1
ANUTEX SHOPPING MALL LLP-1,ASM1,NP8516,A+,Sparkles,Less Then 30k,South Zone,12,2024,NOSE PIN,1
ANUTEX SHOPPING MALL LLP-1,ASM1,NP8517,A+,Sparkles,Less Then 30k,South Zone,5,2026,NOSE PIN,1
ANUTEX SHOPPING MALL LLP-1,ASM1,NP8519,A+,Sparkles,Less Then 30k,South Zone,5,2026,NOSE PIN,1
ANUTEX SHOPPING MALL LLP-1,ASM1,NPA1754,A+,Sparkles,Less Then 30k,South Zone,4,2025,NOSE PIN,2
ANUTEX SHOPPING MALL LLP-1,ASM1,NPMU2,A+,Sparkles,Less Then 30k,South Zone,2,2020,NOSE PIN,1
ANUTEX SHOPPING MALL LLP-1,ASM1,NPMU2,A+,Sparkles,Less Then 30k,South Zone,2,2021,NOSE PIN,4
ANUTEX SHOPPING MALL LLP-1,ASM1,NPMU2,A+,Sparkles,Less Then 30k,South Zone,4,2023,NOSE PIN,1
ANUTEX SHOPPING MALL LLP-1,ASM1,NPMU2,A+,Sparkles,Less Then 30k,South Zone,5,2023,NOSE PIN,1
ANUTEX SHOPPING MALL LLP-1,ASM1,NPMU2,A+,Sparkles,Less Then 30k,South Zone,6,2022,NOSE PIN,1
ANUTEX SHOPPING MALL LLP-1,ASM1,NPMU2,A+,Sparkles,Less Then 30k,South Zone,9,2021,NOSE PIN,1
ANUTEX SHOPPING MALL LLP-1,ASM1,NPMU2,A+,Sparkles,Less Then 30k,South Zone,10,2021,NOSE PIN,2
ANUTEX SHOPPING MALL LLP-1,ASM1,NPMU2,A+,Sparkles,Less Then 30k,South Zone,11,2021,NOSE PIN,4
ANUTEX SHOPPING MALL LLP-1,ASM1,NPMU3,A+,Sparkles,Less Then 30k,South Zone,7,2022,NOSE PIN,1
ANUTEX SHOPPING MALL LLP-1,ASM1,NPMU545,A+,Sparkles,Less Then 30k,South Zone,1,2022,NOSE PIN,1
ANUTEX SHOPPING MALL LLP-1,ASM1,NPMU545,A+,Sparkles,Less Then 30k,South Zone,2,2023,NOSE PIN,1
ANUTEX SHOPPING MALL LLP-1,ASM1,NPMU545,A+,Sparkles,Less Then 30k,South Zone,7,2022,NOSE PIN,2
ANUTEX SHOPPING MALL LLP-1,ASM1,P10073,A+,Sparkles,Less Then 30k,South Zone,2,2021,PENDANT,1
ANUTEX SHOPPING MALL LLP-1,ASM1,P20037,A+,Sparkles,Less Then 30k,South Zone,1,2025,PENDANT,1
ANUTEX SHOPPING MALL LLP-1,ASM1,P20042,A+,Sparkles,30k-50k,South Zone,5,2025,PENDANT,1
ANUTEX SHOPPING MALL LLP-1,ASM1,P20094,A+,Sparq,4k-7k,South Zone,2,2026,PENDANT,1
ANUTEX SHOPPING MALL LLP-1,ASM1,P20098,A+,Sparq,10k-15k,South Zone,5,2025,PENDANT,1
ANUTEX SHOPPING MALL LLP-1,ASM1,P20155,A+,Sparkles,Less Then 30k,South Zone,11,2025,PENDANT,1
ANUTEX SHOPPING MALL LLP-1,ASM1,P20304,A+,Sparq,4k-7k,South Zone,2,2026,PENDANT,1
ANUTEX SHOPPING MALL LLP-1,ASM1,P2447,A+,Sparkles,Less Then 30k,South Zone,9,2021,PENDANT,1
ANUTEX SHOPPING MALL LLP-1,ASM1,P515,A+,Sparkles,Less Then 30k,South Zone,12,2021,PENDANT,1
ANUTEX SHOPPING MALL LLP-1,ASM1,P537,A+,Sparkles,Less Then 30k,South Zone,12,2021,PENDANT,1
ANUTEX SHOPPING MALL LLP-1,ASM1,P748,A+,Sparkles,Less Then 30k,South Zone,3,2021,PENDANT,1
ANUTEX SHOPPING MALL LLP-1,ASM1,P8716,A+,Sparkles,Less Then 30k,South Zone,1,2025,PENDANT,1
ANUTEX SHOPPING MALL LLP-1,ASM1,PN20405,A+,Sparkles,Less Then 30k,South Zone,5,2026,PENDANT,1
ANUTEX SHOPPING MALL LLP-1,ASM1,PXT8846,A+,Sparkles,Less Then 30k,South Zone,8,2025,EARRING,1
ANUTEX SHOPPING MALL LLP-1,ASM1,R10141,A+,Sparkles,50k-75k,South Zone,12,2025,RING,1
ANUTEX SHOPPING MALL LLP-1,ASM1,R10153,A+,Sparkles,Less Then 30k,South Zone,5,2026,RING,1
ANUTEX SHOPPING MALL LLP-1,ASM1,R10153,A+,Sparkles,Less Then 30k,South Zone,12,2025,RING,1
ANUTEX SHOPPING MALL LLP-1,ASM1,R10258,A+,Sparkles,Less Then 30k,South Zone,2,2021,RING,1
ANUTEX SHOPPING MALL LLP-1,ASM1,R10383,A+,Sparkles,Less Then 30k,South Zone,6,2025,RING,1
ANUTEX SHOPPING MALL LLP-1,ASM1,R10474,A+,Sparkles,Less Then 30k,South Zone,2,2026,RING,1
ANUTEX SHOPPING MALL LLP-1,ASM1,R10816,A+,Sparkles,Less Then 30k,South Zone,12,2024,RING,1
ANUTEX SHOPPING MALL LLP-1,ASM1,R10870,A+,Sparkles,30k-50k,South Zone,3,2025,RING,1
ANUTEX SHOPPING MALL LLP-1,ASM1,R1090,A+,Sparkles,Less Then 30k,South Zone,6,2021,RING,1
ANUTEX SHOPPING MALL LLP-1,ASM1,R10958,A+,Sparkles,30k-50k,South Zone,2,2026,RING,2
ANUTEX SHOPPING MALL LLP-1,ASM1,R10991,A+,Sparkles,Less Then 30k,South Zone,1,2025,RING,1
ANUTEX SHOPPING MALL LLP-1,ASM1,R11923,A+,Sparkles,Less Then 30k,South Zone,1,2025,RING,1
ANUTEX SHOPPING MALL LLP-1,ASM1,R11930,A+,Sparkles,30k-50k,South Zone,11,2024,RING,1
ANUTEX SHOPPING MALL LLP-1,ASM1,R11930,A+,Sparkles,Less Then 30k,South Zone,2,2026,RING,1
ANUTEX SHOPPING MALL LLP-1,ASM1,R12367,A+,Sparkles,30k-50k,South Zone,4,2026,RING,1
ANUTEX SHOPPING MALL LLP-1,ASM1,R12375,A+,Sparkles,30k-50k,South Zone,12,2025,RING,1
ANUTEX SHOPPING MALL LLP-1,ASM1,R12377,A+,Sparkles,Less Then 30k,South Zone,10,2024,RING,1
ANUTEX SHOPPING MALL LLP-1,ASM1,R12384,A+,Sparkles,Less Then 30k,South Zone,3,2025,RING,1
ANUTEX SHOPPING MALL LLP-1,ASM1,R14106,A+,Sparkles,30k-50k,South Zone,11,2024,RING,1
ANUTEX SHOPPING MALL LLP-1,ASM1,R14107,A+,Sparkles,30k-50k,South Zone,3,2025,RING,1
ANUTEX SHOPPING MALL LLP-1,ASM1,R14107,A+,Sparkles,30k-50k,South Zone,3,2026,RING,1
ANUTEX SHOPPING MALL LLP-1,ASM1,R14119,A+,Sparkles,50k-75k,South Zone,11,2025,RING,1
ANUTEX SHOPPING MALL LLP-1,ASM1,R14120,A+,Sparkles,30k-50k,South Zone,2,2026,RING,1
ANUTEX SHOPPING MALL LLP-1,ASM1,R14120,A+,Sparkles,30k-50k,South Zone,12,2024,RING,1
ANUTEX SHOPPING MALL LLP-1,ASM1,R14123,A+,Sparkles,50k-75k,South Zone,4,2026,RING,1
ANUTEX SHOPPING MALL LLP-1,ASM1,R14195,A+,Sparkles,30k-50k,South Zone,12,2024,RING,1
ANUTEX SHOPPING MALL LLP-1,ASM1,R14296,A+,Sparkles,Less Then 30k,South Zone,1,2026,RING,1
ANUTEX SHOPPING MALL LLP-1,ASM1,R14296,A+,Sparkles,Less Then 30k,South Zone,4,2025,RING,1
ANUTEX SHOPPING MALL LLP-1,ASM1,R14300,A+,Sparkles,50k-75k,South Zone,4,2026,RING,1
ANUTEX SHOPPING MALL LLP-1,ASM1,R14330,A+,Sparkles,30k-50k,South Zone,3,2026,RING,1
ANUTEX SHOPPING MALL LLP-1,ASM1,R14334,A+,Sparkles,30k-50k,South Zone,3,2026,RING,1
ANUTEX SHOPPING MALL LLP-1,ASM1,R14445,A+,Sparkles,30k-50k,South Zone,2,2026,RING,1
ANUTEX SHOPPING MALL LLP-1,ASM1,R14481,A+,Sparkles,30k-50k,South Zone,4,2026,RING,1
ANUTEX SHOPPING MALL LLP-1,ASM1,R14507,A+,Sparq,10k-15k,South Zone,2,2026,RING,1
ANUTEX SHOPPING MALL LLP-1,ASM1,R14510,A+,Sparq,4k-7k,South Zone,2,2026,RING,1
ANUTEX SHOPPING MALL LLP-1,ASM1,R14510,A+,Sparq,4k-7k,South Zone,12,2025,RING,1
ANUTEX SHOPPING MALL LLP-1,ASM1,R14511,A+,Sparq,7k-10k,South Zone,2,2026,RING,1
ANUTEX SHOPPING MALL LLP-1,ASM1,R14512,A+,Sparq,10k-15k,South Zone,2,2026,RING,1
ANUTEX SHOPPING MALL LLP-1,ASM1,R14514,A+,Sparq,4k-7k,South Zone,2,2026,RING,1
ANUTEX SHOPPING MALL LLP-1,ASM1,R14517,A+,Sparq,7k-10k,South Zone,2,2026,RING,1
ANUTEX SHOPPING MALL LLP-1,ASM1,R14522,A+,Sparq,4k-7k,South Zone,2,2026,RING,1
ANUTEX SHOPPING MALL LLP-1,ASM1,R14522,A+,Sparq,4k-7k,South Zone,12,2025,RING,1
ANUTEX SHOPPING MALL LLP-1,ASM1,R14524,A+,Sparq,10k-15k,South Zone,2,2026,RING,1
ANUTEX SHOPPING MALL LLP-1,ASM1,R14527,A+,Sparq,15k-25k,South Zone,2,2026,RING,1
ANUTEX SHOPPING MALL LLP-1,ASM1,R14608,A+,Sparkles,30k-50k,South Zone,4,2026,RING,1
ANUTEX SHOPPING MALL LLP-1,ASM1,R14663,A+,Sparq,2k-4k,South Zone,2,2026,RING,2
ANUTEX SHOPPING MALL LLP-1,ASM1,R14667,A+,Sparq,2k-4k,South Zone,2,2026,RING,1
ANUTEX SHOPPING MALL LLP-1,ASM1,R14669,A+,Sparq,2k-4k,South Zone,1,2026,RING,1
ANUTEX SHOPPING MALL LLP-1,ASM1,R14670,A+,Sparq,2k-4k,South Zone,2,2026,RING,1
ANUTEX SHOPPING MALL LLP-1,ASM1,R14671,A+,Sparq,4k-7k,South Zone,2,2026,RING,1
ANUTEX SHOPPING MALL LLP-1,ASM1,R14672,A+,Sparq,4k-7k,South Zone,2,2026,RING,1
ANUTEX SHOPPING MALL LLP-1,ASM1,R14673,A+,Sparq,4k-7k,South Zone,1,2026,RING,1
ANUTEX SHOPPING MALL LLP-1,ASM1,R14673,A+,Sparq,4k-7k,South Zone,2,2026,RING,1
ANUTEX SHOPPING MALL LLP-1,ASM1,R14675,A+,Sparq,7k-10k,South Zone,3,2026,RING,1
ANUTEX SHOPPING MALL LLP-1,ASM1,R14676,A+,Sparq,4k-7k,South Zone,1,2026,RING,1
ANUTEX SHOPPING MALL LLP-1,ASM1,R14676,A+,Sparq,4k-7k,South Zone,2,2026,RING,1
ANUTEX SHOPPING MALL LLP-1,ASM1,R14678,A+,Sparq,4k-7k,South Zone,2,2026,RING,1
ANUTEX SHOPPING MALL LLP-1,ASM1,R14688,A+,Sparq,7k-10k,South Zone,2,2026,RING,1
ANUTEX SHOPPING MALL LLP-1,ASM1,R14689,A+,Sparq,7k-10k,South Zone,2,2026,RING,1
ANUTEX SHOPPING MALL LLP-1,ASM1,R14695,A+,Sparq,15k-25k,South Zone,2,2026,RING,1
ANUTEX SHOPPING MALL LLP-1,ASM1,R14699,A+,Sparq,15k-25k,South Zone,2,2026,RING,1
ANUTEX SHOPPING MALL LLP-1,ASM1,R14704,A+,Sparkles,50k-75k,South Zone,4,2026,RING,1
ANUTEX SHOPPING MALL LLP-1,ASM1,R14708,A+,Sparkles,50k-75k,South Zone,4,2026,RING,1
ANUTEX SHOPPING MALL LLP-1,ASM1,R14749,A+,Sparkles,Less Then 30k,South Zone,11,2025,RING,1
ANUTEX SHOPPING MALL LLP-1,ASM1,R14750,A+,Sparkles,Less Then 30k,South Zone,3,2026,RING,1
ANUTEX SHOPPING MALL LLP-1,ASM1,R14753,A+,Sparkles,Less Then 30k,South Zone,1,2026,RING,1
ANUTEX SHOPPING MALL LLP-1,ASM1,R14753,A+,Sparkles,Less Then 30k,South Zone,4,2026,RING,1
ANUTEX SHOPPING MALL LLP-1,ASM1,R14753,A+,Sparkles,Less Then 30k,South Zone,11,2025,RING,1
ANUTEX SHOPPING MALL LLP-1,ASM1,R14773,A+,Sparq,4k-7k,South Zone,9,2025,RING,1
ANUTEX SHOPPING MALL LLP-1,ASM1,R14913,A+,Sparkles,Less Then 30k,South Zone,4,2026,RING,1
ANUTEX SHOPPING MALL LLP-1,ASM1,R14934,A+,Sparkles,Less Then 30k,South Zone,3,2026,RING,1
ANUTEX SHOPPING MALL LLP-1,ASM1,R15000,A+,Sparq,Above 25k,South Zone,5,2026,RING,1
ANUTEX SHOPPING MALL LLP-1,ASM1,R15042,A+,Sparq,4k-7k,South Zone,2,2026,RING,1
ANUTEX SHOPPING MALL LLP-1,ASM1,R15048,A+,Sparq,4k-7k,South Zone,5,2026,RING,1
ANUTEX SHOPPING MALL LLP-1,ASM1,R15056,A+,Sparq,4k-7k,South Zone,2,2026,RING,1
ANUTEX SHOPPING MALL LLP-1,ASM1,R15106,A+,Sparq,7k-10k,South Zone,4,2026,RING,1
ANUTEX SHOPPING MALL LLP-1,ASM1,R1661,A+,Sparq,10k-15k,South Zone,1,2026,RING,1
ANUTEX SHOPPING MALL LLP-1,ASM1,R19644,A+,Sparq,4k-7k,South Zone,1,2026,RING,1
ANUTEX SHOPPING MALL LLP-1,ASM1,R19644,A+,Sparq,4k-7k,South Zone,2,2026,RING,1
ANUTEX SHOPPING MALL LLP-1,ASM1,R19651,A+,Sparq,4k-7k,South Zone,2,2026,RING,1
ANUTEX SHOPPING MALL LLP-1,ASM1,R19694,A+,Sparkles,Less Then 30k,South Zone,11,2025,RING,1
ANUTEX SHOPPING MALL LLP-1,ASM1,R19695,A+,Sparq,7k-10k,South Zone,12,2025,RING,1
ANUTEX SHOPPING MALL LLP-1,ASM1,R20239,A+,Sparq,7k-10k,South Zone,2,2026,RING,1
ANUTEX SHOPPING MALL LLP-1,ASM1,R20275,A+,Sparq,7k-10k,South Zone,2,2026,RING,1
ANUTEX SHOPPING MALL LLP-1,ASM1,R20283,A+,Sparq,10k-15k,South Zone,2,2026,RING,1
ANUTEX SHOPPING MALL LLP-1,ASM1,R20343,A+,Sparkles,Less Then 30k,South Zone,12,2025,RING,1
ANUTEX SHOPPING MALL LLP-1,ASM1,R2246,A+,Sparkles,Less Then 30k,South Zone,9,2021,RING,1
ANUTEX SHOPPING MALL LLP-1,ASM1,R4232,A+,Sparq,4k-7k,South Zone,2,2026,RING,2
ANUTEX SHOPPING MALL LLP-1,ASM1,R4394,A+,Sparkles,50k-75k,South Zone,4,2026,RING,1
ANUTEX SHOPPING MALL LLP-1,ASM1,R4587,A+,Sparq,15k-25k,South Zone,3,2026,RING,1
ANUTEX SHOPPING MALL LLP-1,ASM1,R5266,A+,Sparkles,50k-75k,South Zone,8,2025,RING,1
ANUTEX SHOPPING MALL LLP-1,ASM1,R5299,A+,Sparkles,30k-50k,South Zone,10,2024,RING,1
ANUTEX SHOPPING MALL LLP-1,ASM1,R5366,A+,Sparkles,75k-100k,South Zone,2,2021,RING,1
ANUTEX SHOPPING MALL LLP-1,ASM1,R5398,A+,Sparkles,Less Then 30k,South Zone,2,2020,RING,1
ANUTEX SHOPPING MALL LLP-1,ASM1,R5399,A+,Sparkles,30k-50k,South Zone,3,2021,RING,1
ANUTEX SHOPPING MALL LLP-1,ASM1,R5578,A+,Sparkles,30k-50k,South Zone,12,2019,RING,1
ANUTEX SHOPPING MALL LLP-1,ASM1,R5597,A+,Sparkles,30k-50k,South Zone,3,2021,RING,1
ANUTEX SHOPPING MALL LLP-1,ASM1,R5600,A+,Sparkles,Less Then 30k,South Zone,2,2021,RING,1
ANUTEX SHOPPING MALL LLP-1,ASM1,R5613,A+,Sparkles,30k-50k,South Zone,4,2022,RING,1
ANUTEX SHOPPING MALL LLP-1,ASM1,R6795,A+,Sparkles,30k-50k,South Zone,11,2019,RING,1
ANUTEX SHOPPING MALL LLP-1,ASM1,R6955,A+,Sparkles,Less Then 30k,South Zone,3,2020,RING,1
ANUTEX SHOPPING MALL LLP-1,ASM1,R7532,A+,Sparkles,30k-50k,South Zone,2,2020,RING,1
ANUTEX SHOPPING MALL LLP-1,ASM1,R7759,A+,Sparkles,30k-50k,South Zone,1,2022,RING,1
ANUTEX SHOPPING MALL LLP-1,ASM1,R7777,A+,Sparkles,Less Then 30k,South Zone,8,2022,RING,1
ANUTEX SHOPPING MALL LLP-1,ASM1,R8432,A+,Sparkles,30k-50k,South Zone,7,2024,RING,1
ANUTEX SHOPPING MALL LLP-1,ASM1,R8553,A+,Sparkles,30k-50k,South Zone,11,2019,RING,1
ANUTEX SHOPPING MALL LLP-1,ASM1,R8559,A+,Sparkles,30k-50k,South Zone,3,2021,RING,1
ANUTEX SHOPPING MALL LLP-1,ASM1,R8602,A+,Sparkles,Less Then 30k,South Zone,2,2020,RING,1
ANUTEX SHOPPING MALL LLP-1,ASM1,R8602,A+,Sparkles,Less Then 30k,South Zone,10,2022,RING,1
ANUTEX SHOPPING MALL LLP-1,ASM1,R8607,A+,Sparkles,Less Then 30k,South Zone,11,2019,RING,1
ANUTEX SHOPPING MALL LLP-1,ASM1,R8608,A+,Sparkles,Less Then 30k,South Zone,10,2022,RING,1
ANUTEX SHOPPING MALL LLP-1,ASM1,R8914,A+,Sparkles,50k-75k,South Zone,10,2024,RING,1
ANUTEX SHOPPING MALL LLP-1,ASM1,R8915,A+,Sparkles,30k-50k,South Zone,2,2025,RING,1
ANUTEX SHOPPING MALL LLP-1,ASM1,R9019,A+,Sparkles,30k-50k,South Zone,1,2025,RING,1
ANUTEX SHOPPING MALL LLP-1,ASM1,R9019,A+,Sparkles,30k-50k,South Zone,4,2026,RING,1
ANUTEX SHOPPING MALL LLP-1,ASM1,R9063,A+,Sparkles,Less Then 30k,South Zone,1,2025,RING,1
ANUTEX SHOPPING MALL LLP-1,ASM1,R9063,A+,Sparkles,Less Then 30k,South Zone,1,2026,RING,1
ANUTEX SHOPPING MALL LLP-1,ASM1,R9063,A+,Sparkles,Less Then 30k,South Zone,8,2025,RING,1
ANUTEX SHOPPING MALL LLP-1,ASM1,R926,A+,Sparkles,Less Then 30k,South Zone,7,2019,RING,1
ANUTEX SHOPPING MALL LLP-1,ASM1,R9381,A+,Sparkles,50k-75k,South Zone,5,2026,RING,1
ANUTEX SHOPPING MALL LLP-1,ASM1,R9440,A+,Sparkles,30k-50k,South Zone,3,2026,RING,1
ANUTEX SHOPPING MALL LLP-1,ASM1,R9531,A+,Sparkles,Less Then 30k,South Zone,4,2025,RING,1
ANUTEX SHOPPING MALL LLP-1,ASM1,RF15115,A+,Sparq,10k-15k,South Zone,3,2026,RING,2
ANUTEX SHOPPING MALL LLP-1,ASM1,RF15160,A+,Sparq,7k-10k,South Zone,5,2026,RING,1
ANUTEX SHOPPING MALL LLP-1,ASM1,RN14824,A+,Sparkles,Less Then 30k,South Zone,5,2026,RING,1
ANUTEX SHOPPING MALL LLP-1,ASM1,RN14826,A+,Sparkles,Less Then 30k,South Zone,1,2026,RING,1
ANUTEX SHOPPING MALL LLP-1,ASM1,RN14826,A+,Sparkles,Less Then 30k,South Zone,4,2026,RING,1
ANUTEX SHOPPING MALL LLP-1,ASM1,RN14827,A+,Sparkles,Less Then 30k,South Zone,5,2026,RING,1
ANUTEX SHOPPING MALL LLP-1,ASM1,RN14828,A+,Sparkles,Less Then 30k,South Zone,1,2026,RING,1
ANUTEX SHOPPING MALL LLP-1,ASM1,RN14828,A+,Sparkles,Less Then 30k,South Zone,2,2026,RING,1
ANUTEX SHOPPING MALL LLP-1,ASM1,RN14828,A+,Sparkles,Less Then 30k,South Zone,12,2025,RING,1
ANUTEX SHOPPING MALL LLP-1,ASM1,RN14829,A+,Sparkles,Less Then 30k,South Zone,1,2026,RING,1
ANUTEX SHOPPING MALL LLP-1,ASM1,RN14832,A+,Sparkles,Less Then 30k,South Zone,5,2026,RING,1
ANUTEX SHOPPING MALL LLP-1,ASM1,RN14834,A+,Sparkles,Less Then 30k,South Zone,2,2026,RING,2
ANUTEX SHOPPING MALL LLP-1,ASM1,RN14834,A+,Sparkles,Less Then 30k,South Zone,3,2026,RING,1
ANUTEX SHOPPING MALL LLP-1,ASM1,RN14834,A+,Sparkles,Less Then 30k,South Zone,12,2025,RING,1
ANUTEX SHOPPING MALL LLP-1,ASM1,RN14835,A+,Sparkles,Less Then 30k,South Zone,1,2026,RING,1
ANUTEX SHOPPING MALL LLP-1,ASM1,RN20406,A+,Sparkles,Less Then 30k,South Zone,3,2026,RING,1
ANUTEX SHOPPING MALL LLP-1,ASM1,RN20407,A+,Sparkles,Less Then 30k,South Zone,4,2026,RING,1
ANUTEX SHOPPING MALL LLP-1,ASM1,RN20407,A+,Sparkles,Less Then 30k,South Zone,11,2025,RING,2
ANUTEX SHOPPING MALL LLP-1,ASM1,RN20409,A+,Sparkles,Less Then 30k,South Zone,1,2026,RING,1
ANUTEX SHOPPING MALL LLP-1,ASM1,RN20413,A+,Sparkles,Less Then 30k,South Zone,11,2025,RING,1
ANUTEX SHOPPING MALL LLP-1,ASM1,RN20445,A+,Sparq,7k-10k,South Zone,12,2025,RING,1
ANUTEX SHOPPING MALL LLP-1,ASM1,RN20452,A+,Sparq,2k-4k,South Zone,2,2026,RING,1
ANUTEX SHOPPING MALL LLP-1,ASM1,RN20459,A+,Sparq,Less Then 2k,South Zone,2,2026,RING,1
ANUTEX SHOPPING MALL LLP-1,ASM1,RN20460,A+,Sparq,2k-4k,South Zone,2,2026,RING,1
ANUTEX SHOPPING MALL LLP-1,ASM1,RN20461,A+,Sparq,Less Then 2k,South Zone,1,2026,RING,1
ANUTEX SHOPPING MALL LLP-1,ASM1,RN20463,A+,Sparq,2k-4k,South Zone,2,2026,RING,4
ANUTEX SHOPPING MALL LLP-1,ASM1,RN20463,A+,Sparq,2k-4k,South Zone,3,2026,RING,1
ANUTEX SHOPPING MALL LLP-1,ASM1,RN20463,A+,Sparq,Less Then 2k,South Zone,2,2026,RING,1
ANUTEX SHOPPING MALL LLP-1,ASM1,RN20464,A+,Sparq,2k-4k,South Zone,2,2026,RING,1
ANUTEX SHOPPING MALL LLP-1,ASM1,RN20465,A+,Sparq,2k-4k,South Zone,2,2026,RING,2
ANUTEX SHOPPING MALL LLP-1,ASM1,RN20466,A+,Sparq,2k-4k,South Zone,3,2026,RING,1
ANUTEX SHOPPING MALL LLP-1,ASM1,RN20467,A+,Sparq,2k-4k,South Zone,2,2026,RING,4
ANUTEX SHOPPING MALL LLP-1,ASM1,RN20468,A+,Sparq,2k-4k,South Zone,2,2026,RING,4
ANUTEX SHOPPING MALL LLP-1,ASM1,RN20469,A+,Sparq,2k-4k,South Zone,2,2026,RING,1
ANUTEX SHOPPING MALL LLP-1,ASM1,RN20470,A+,Sparq,2k-4k,South Zone,2,2026,RING,2
ANUTEX SHOPPING MALL LLP-1,ASM1,RN20471,A+,Sparq,2k-4k,South Zone,2,2026,RING,2
ANUTEX SHOPPING MALL LLP-1,ASM1,SMNP496,A+,Sparkles,Less Then 30k,South Zone,3,2022,NOSE PIN,2
ANUTEX SHOPPING MALL LLP-1,ASM1,SMNP496,A+,Sparkles,Less Then 30k,South Zone,3,2023,NOSE PIN,1
ANUTEX SHOPPING MALL LLP-1,ASM1,SMNP496,A+,Sparkles,Less Then 30k,South Zone,10,2022,NOSE PIN,1
ANUTEX SHOPPING MALL LLP-1,ASM1,SMNP498,A+,Sparkles,Less Then 30k,South Zone,3,2022,NOSE PIN,1
ANUTEX SHOPPING MALL LLP-1,ASM1,SMNP498,A+,Sparkles,Less Then 30k,South Zone,5,2022,NOSE PIN,2
ANUTEX SHOPPING MALL LLP-1,ASM1,SMNP498,A+,Sparkles,Less Then 30k,South Zone,10,2022,NOSE PIN,1
ANUTEX SHOPPING MALL LLP-1,ASM1,SMNP501,A+,Sparkles,Less Then 30k,South Zone,2,2022,NOSE PIN,1
ANUTEX SHOPPING MALL LLP-1,ASM1,SMNP501,A+,Sparkles,Less Then 30k,South Zone,4,2022,NOSE PIN,1
ANUTEX SHOPPING MALL LLP-1,ASM1,SMNP504,A+,Sparkles,Less Then 30k,South Zone,3,2026,NOSE PIN,2
ANUTEX SHOPPING MALL LLP-1,ASM1,SMNP515,A+,Sparkles,Less Then 30k,South Zone,6,2025,NOSE PIN,1
ANUTEX SHOPPING MALL LLP-1,ASM1,SMNP522,A+,Sparkles,Less Then 30k,South Zone,3,2026,NOSE PIN,1
ANUTEX SHOPPING MALL LLP-1,ASM1,SMNP522,A+,Sparkles,Less Then 30k,South Zone,4,2025,NOSE PIN,1
ANUTEX SHOPPING MALL LLP-1,ASM1,SMNP532,A+,Sparkles,Less Then 30k,South Zone,4,2022,NOSE PIN,1
ANUTEX SHOPPING MALL LLP-1,ASM1,SMNP537,A+,Sparkles,Less Then 30k,South Zone,1,2026,NOSE PIN,2
ANUTEX SHOPPING MALL LLP-1,ASM1,SMNP537,A+,Sparkles,Less Then 30k,South Zone,2,2026,NOSE PIN,1
ANUTEX SHOPPING MALL LLP-1,ASM1,SMNP537,A+,Sparkles,Less Then 30k,South Zone,4,2023,NOSE PIN,1
ANUTEX SHOPPING MALL LLP-1,ASM1,SMR240,A+,Sparkles,Less Then 30k,South Zone,3,2020,RING,1
ANUTEX SHOPPING MALL LLP-1,ASM1,SMR301,A+,Sparkles,Less Then 30k,South Zone,2,2021,RING,1
ANUTEX SHOPPING MALL LLP-1,ASM1,SMR327,A+,Sparkles,Less Then 30k,South Zone,2,2020,RING,1
ANUTEX SHOPPING MALL LLP-1,ASM1,SMR398,A+,Sparkles,Less Then 30k,South Zone,9,2022,RING,1
ANUTEX SHOPPING MALL LLP-1,ASM1,SMT301,A+,Sparkles,Less Then 30k,South Zone,12,2019,EARRING,1
ANUTEX SHOPPING MALL LLP-1,ASM1,SMT302,A+,Sparkles,Less Then 30k,South Zone,2,2020,EARRING,1
ANUTEX SHOPPING MALL LLP-1,ASM1,SMT302,A+,Sparkles,Less Then 30k,South Zone,11,2022,EARRING,1
ANUTEX SHOPPING MALL LLP-1,ASM1,SMT370,A+,Sparkles,Less Then 30k,South Zone,2,2023,EARRING,1
ANUTEX SHOPPING MALL LLP-1,ASM1,T10022,A+,Sparkles,Less Then 30k,South Zone,1,2022,EARRING,1
ANUTEX SHOPPING MALL LLP-1,ASM1,T10042,A+,Sparkles,30k-50k,South Zone,5,2021,EARRING,1
ANUTEX SHOPPING MALL LLP-1,ASM1,T10074,A+,Sparkles,30k-50k,South Zone,2,2021,EARRING,1
ANUTEX SHOPPING MALL LLP-1,ASM1,T10392,A+,Sparkles,30k-50k,South Zone,3,2021,EARRING,1
ANUTEX SHOPPING MALL LLP-1,ASM1,T10401,A+,Sparkles,30k-50k,South Zone,3,2021,EARRING,1
ANUTEX SHOPPING MALL LLP-1,ASM1,T10401,A+,Sparkles,Less Then 30k,South Zone,5,2023,EARRING,1
ANUTEX SHOPPING MALL LLP-1,ASM1,T10547,A+,Sparkles,Less Then 30k,South Zone,5,2026,EARRING,1
ANUTEX SHOPPING MALL LLP-1,ASM1,T10547,A+,Sparkles,Less Then 30k,South Zone,6,2025,EARRING,1
ANUTEX SHOPPING MALL LLP-1,ASM1,T1118,A+,Sparkles,75k-100k,South Zone,8,2021,EARRING,1
ANUTEX SHOPPING MALL LLP-1,ASM1,T12121,A+,Sparkles,50k-75k,South Zone,5,2022,EARRING,1
ANUTEX SHOPPING MALL LLP-1,ASM1,T12339,A+,Sparkles,Less Then 30k,South Zone,2,2026,EARRING,1
ANUTEX SHOPPING MALL LLP-1,ASM1,T12500,A+,Sparkles,30k-50k,South Zone,1,2025,EARRING,1
ANUTEX SHOPPING MALL LLP-1,ASM1,T12503,A+,Sparkles,30k-50k,South Zone,2,2026,EARRING,1
ANUTEX SHOPPING MALL LLP-1,ASM1,T12678,A+,Sparkles,Less Then 30k,South Zone,7,2024,EARRING,1
ANUTEX SHOPPING MALL LLP-1,ASM1,T12977,A+,Sparkles,30k-50k,South Zone,4,2026,EARRING,1
ANUTEX SHOPPING MALL LLP-1,ASM1,T13911,A+,Sparkles,30k-50k,South Zone,1,2026,EARRING,1
ANUTEX SHOPPING MALL LLP-1,ASM1,T13913,A+,Sparkles,30k-50k,South Zone,3,2025,EARRING,1
ANUTEX SHOPPING MALL LLP-1,ASM1,T13930,A+,Sparkles,30k-50k,South Zone,9,2025,EARRING,1
ANUTEX SHOPPING MALL LLP-1,ASM1,T13932,A+,Sparkles,30k-50k,South Zone,7,2025,EARRING,1
ANUTEX SHOPPING MALL LLP-1,ASM1,T14380,A+,Sparkles,Less Then 30k,South Zone,3,2026,EARRING,1
ANUTEX SHOPPING MALL LLP-1,ASM1,T14474,A+,Sparkles,30k-50k,South Zone,10,2024,EARRING,1
ANUTEX SHOPPING MALL LLP-1,ASM1,T14504,A+,Sparkles,50k-75k,South Zone,11,2024,EARRING,1
ANUTEX SHOPPING MALL LLP-1,ASM1,T14621,A+,Sparkles,30k-50k,South Zone,1,2025,EARRING,1
ANUTEX SHOPPING MALL LLP-1,ASM1,T14703,A+,Sparkles,30k-50k,South Zone,12,2025,EARRING,1
ANUTEX SHOPPING MALL LLP-1,ASM1,T17663,A+,Sparkles,30k-50k,South Zone,4,2026,EARRING,1
ANUTEX SHOPPING MALL LLP-1,ASM1,T17797,A+,Sparkles,30k-50k,South Zone,9,2024,EARRING,1
ANUTEX SHOPPING MALL LLP-1,ASM1,T17884,A+,Sparkles,Less Then 30k,South Zone,9,2024,EARRING,1
ANUTEX SHOPPING MALL LLP-1,ASM1,T18030,A+,Sparkles,30k-50k,South Zone,2,2026,EARRING,1
ANUTEX SHOPPING MALL LLP-1,ASM1,T18030,A+,Sparkles,30k-50k,South Zone,7,2025,EARRING,1
ANUTEX SHOPPING MALL LLP-1,ASM1,T18129,A+,Sparkles,30k-50k,South Zone,5,2026,EARRING,1
ANUTEX SHOPPING MALL LLP-1,ASM1,T18129,A+,Sparkles,50k-75k,South Zone,5,2026,EARRING,1
ANUTEX SHOPPING MALL LLP-1,ASM1,T18553,A+,Sparkles,Less Then 30k,South Zone,6,2025,EARRING,1
ANUTEX SHOPPING MALL LLP-1,ASM1,T18554,A+,Sparkles,Less Then 30k,South Zone,1,2025,EARRING,1
ANUTEX SHOPPING MALL LLP-1,ASM1,T18554,A+,Sparkles,Less Then 30k,South Zone,5,2025,EARRING,1
ANUTEX SHOPPING MALL LLP-1,ASM1,T18555,A+,Sparkles,Less Then 30k,South Zone,9,2025,EARRING,1
ANUTEX SHOPPING MALL LLP-1,ASM1,T18555,A+,Sparkles,Less Then 30k,South Zone,10,2024,EARRING,1
ANUTEX SHOPPING MALL LLP-1,ASM1,T18555,A+,Sparkles,Less Then 30k,South Zone,11,2025,EARRING,2
ANUTEX SHOPPING MALL LLP-1,ASM1,T18555,A+,Sparkles,Less Then 30k,South Zone,12,2024,EARRING,2
ANUTEX SHOPPING MALL LLP-1,ASM1,T18659,A+,Sparkles,Less Then 30k,South Zone,5,2026,EARRING,1
ANUTEX SHOPPING MALL LLP-1,ASM1,T18659,A+,Sparkles,Less Then 30k,South Zone,7,2025,EARRING,1
ANUTEX SHOPPING MALL LLP-1,ASM1,T18659,A+,Sparkles,Less Then 30k,South Zone,12,2024,EARRING,1
ANUTEX SHOPPING MALL LLP-1,ASM1,T18661,A+,Sparkles,30k-50k,South Zone,6,2025,EARRING,1
ANUTEX SHOPPING MALL LLP-1,ASM1,T18661,A+,Sparkles,30k-50k,South Zone,9,2024,EARRING,1
ANUTEX SHOPPING MALL LLP-1,ASM1,T18663,A+,Sparkles,30k-50k,South Zone,1,2025,EARRING,1
ANUTEX SHOPPING MALL LLP-1,ASM1,T18663,A+,Sparkles,50k-75k,South Zone,5,2026,EARRING,1
ANUTEX SHOPPING MALL LLP-1,ASM1,T18663,A+,Sparkles,50k-75k,South Zone,7,2024,EARRING,1
ANUTEX SHOPPING MALL LLP-1,ASM1,T18664,A+,Sparkles,30k-50k,South Zone,11,2025,EARRING,1
ANUTEX SHOPPING MALL LLP-1,ASM1,T18665,A+,Sparkles,Less Then 30k,South Zone,4,2026,EARRING,1
ANUTEX SHOPPING MALL LLP-1,ASM1,T18665,A+,Sparkles,Less Then 30k,South Zone,11,2025,EARRING,2
ANUTEX SHOPPING MALL LLP-1,ASM1,T18665,A+,Sparkles,Less Then 30k,South Zone,12,2024,EARRING,2
ANUTEX SHOPPING MALL LLP-1,ASM1,T18666,A+,Sparkles,Less Then 30k,South Zone,3,2025,EARRING,1
ANUTEX SHOPPING MALL LLP-1,ASM1,T18666,A+,Sparkles,Less Then 30k,South Zone,3,2026,EARRING,2
ANUTEX SHOPPING MALL LLP-1,ASM1,T18666,A+,Sparkles,Less Then 30k,South Zone,10,2024,EARRING,1
ANUTEX SHOPPING MALL LLP-1,ASM1,T18667,A+,Sparkles,Less Then 30k,South Zone,4,2025,EARRING,1
ANUTEX SHOPPING MALL LLP-1,ASM1,T18667,A+,Sparkles,Less Then 30k,South Zone,4,2026,EARRING,1
ANUTEX SHOPPING MALL LLP-1,ASM1,T18670,A+,Sparkles,30k-50k,South Zone,8,2024,EARRING,1
ANUTEX SHOPPING MALL LLP-1,ASM1,T18670,A+,Sparkles,Less Then 30k,South Zone,1,2025,EARRING,1
ANUTEX SHOPPING MALL LLP-1,ASM1,T18670,A+,Sparkles,Less Then 30k,South Zone,12,2024,EARRING,1
ANUTEX SHOPPING MALL LLP-1,ASM1,T18678,A+,Sparkles,30k-50k,South Zone,4,2025,EARRING,1
ANUTEX SHOPPING MALL LLP-1,ASM1,T18678,A+,Sparkles,30k-50k,South Zone,12,2025,EARRING,1
ANUTEX SHOPPING MALL LLP-1,ASM1,T18679,A+,Sparkles,30k-50k,South Zone,1,2026,EARRING,1
ANUTEX SHOPPING MALL LLP-1,ASM1,T18679,A+,Sparkles,30k-50k,South Zone,3,2025,EARRING,1
ANUTEX SHOPPING MALL LLP-1,ASM1,T18680,A+,Sparkles,Less Then 30k,South Zone,3,2026,EARRING,1
ANUTEX SHOPPING MALL LLP-1,ASM1,T18680,A+,Sparkles,Less Then 30k,South Zone,9,2025,EARRING,1
ANUTEX SHOPPING MALL LLP-1,ASM1,T18680,A+,Sparkles,Less Then 30k,South Zone,11,2025,EARRING,1
ANUTEX SHOPPING MALL LLP-1,ASM1,T19004,A+,Sparkles,75k-100k,South Zone,9,2024,EARRING,1
ANUTEX SHOPPING MALL LLP-1,ASM1,T19015,A+,Sparkles,50k-75k,South Zone,4,2025,EARRING,1
ANUTEX SHOPPING MALL LLP-1,ASM1,T19017,A+,Sparkles,30k-50k,South Zone,1,2026,EARRING,1
ANUTEX SHOPPING MALL LLP-1,ASM1,T19034,A+,Sparkles,30k-50k,South Zone,2,2026,EARRING,1
ANUTEX SHOPPING MALL LLP-1,ASM1,T19043,A+,Sparkles,30k-50k,South Zone,8,2025,EARRING,1
ANUTEX SHOPPING MALL LLP-1,ASM1,T19047,A+,Sparkles,Less Then 30k,South Zone,6,2025,EARRING,1
ANUTEX SHOPPING MALL LLP-1,ASM1,T19047,A+,Sparkles,Less Then 30k,South Zone,11,2024,EARRING,1
ANUTEX SHOPPING MALL LLP-1,ASM1,T19050,A+,Sparkles,Less Then 30k,South Zone,1,2025,EARRING,1
ANUTEX SHOPPING MALL LLP-1,ASM1,T19050,A+,Sparkles,Less Then 30k,South Zone,11,2025,EARRING,1
ANUTEX SHOPPING MALL LLP-1,ASM1,T19084,A+,Sparkles,Less Then 30k,South Zone,6,2025,EARRING,1
ANUTEX SHOPPING MALL LLP-1,ASM1,T19086,A+,Sparkles,30k-50k,South Zone,6,2025,EARRING,1
ANUTEX SHOPPING MALL LLP-1,ASM1,T19093,A+,Sparkles,Less Then 30k,South Zone,3,2026,EARRING,1
ANUTEX SHOPPING MALL LLP-1,ASM1,T19095,A+,Sparkles,Less Then 30k,South Zone,3,2025,EARRING,1
ANUTEX SHOPPING MALL LLP-1,ASM1,T19098,A+,Sparkles,Less Then 30k,South Zone,8,2025,EARRING,1
ANUTEX SHOPPING MALL LLP-1,ASM1,T19099,A+,Sparkles,30k-50k,South Zone,8,2025,EARRING,1
ANUTEX SHOPPING MALL LLP-1,ASM1,T19104,A+,Sparkles,30k-50k,South Zone,11,2025,EARRING,1
ANUTEX SHOPPING MALL LLP-1,ASM1,T19107,A+,Sparkles,30k-50k,South Zone,4,2025,EARRING,1
ANUTEX SHOPPING MALL LLP-1,ASM1,T19115,A+,Sparkles,Less Then 30k,South Zone,7,2025,EARRING,1
ANUTEX SHOPPING MALL LLP-1,ASM1,T19115,A+,Sparkles,Less Then 30k,South Zone,11,2025,EARRING,1
ANUTEX SHOPPING MALL LLP-1,ASM1,T19121,A+,Sparkles,30k-50k,South Zone,1,2026,EARRING,1
ANUTEX SHOPPING MALL LLP-1,ASM1,T19234,A+,Sparkles,50k-75k,South Zone,11,2025,EARRING,1
ANUTEX SHOPPING MALL LLP-1,ASM1,T19293,A+,Sparq,10k-15k,South Zone,2,2026,EARRING,1
ANUTEX SHOPPING MALL LLP-1,ASM1,T19332,A+,Sparq,7k-10k,South Zone,2,2026,EARRING,1
ANUTEX SHOPPING MALL LLP-1,ASM1,T19339,A+,Sparq,4k-7k,South Zone,2,2026,EARRING,1
ANUTEX SHOPPING MALL LLP-1,ASM1,T19341,A+,Sparkles,Less Then 30k,South Zone,8,2025,EARRING,1
ANUTEX SHOPPING MALL LLP-1,ASM1,T19341,A+,Sparkles,Less Then 30k,South Zone,11,2025,EARRING,1
ANUTEX SHOPPING MALL LLP-1,ASM1,T19342,A+,Sparkles,Less Then 30k,South Zone,11,2025,EARRING,1
ANUTEX SHOPPING MALL LLP-1,ASM1,T19345,A+,Sparq,4k-7k,South Zone,2,2026,EARRING,1
ANUTEX SHOPPING MALL LLP-1,ASM1,T19489,A+,Sparkles,30k-50k,South Zone,3,2026,EARRING,1
ANUTEX SHOPPING MALL LLP-1,ASM1,T19489,A+,Sparkles,30k-50k,South Zone,7,2025,EARRING,1
ANUTEX SHOPPING MALL LLP-1,ASM1,T19643,A+,Sparkles,30k-50k,South Zone,5,2026,EARRING,1
ANUTEX SHOPPING MALL LLP-1,ASM1,T19643,A+,Sparkles,Less Then 30k,South Zone,1,2026,EARRING,1
ANUTEX SHOPPING MALL LLP-1,ASM1,T19662,A+,Sparkles,50k-75k,South Zone,11,2025,EARRING,1
ANUTEX SHOPPING MALL LLP-1,ASM1,T19692,A+,Sparq,15k-25k,South Zone,9,2025,EARRING,1
ANUTEX SHOPPING MALL LLP-1,ASM1,T19718,A+,Sparkles,50k-75k,South Zone,2,2026,EARRING,1
ANUTEX SHOPPING MALL LLP-1,ASM1,T19726,A+,Sparq,2k-4k,South Zone,2,2026,EARRING,1
ANUTEX SHOPPING MALL LLP-1,ASM1,T19726,A+,Sparq,4k-7k,South Zone,2,2026,EARRING,1
ANUTEX SHOPPING MALL LLP-1,ASM1,T19728,A+,Sparq,2k-4k,South Zone,1,2026,EARRING,1
ANUTEX SHOPPING MALL LLP-1,ASM1,T20046,A+,Sparkles,30k-50k,South Zone,11,2025,EARRING,1
ANUTEX SHOPPING MALL LLP-1,ASM1,T20294,A+,Sparkles,30k-50k,South Zone,5,2026,EARRING,1
ANUTEX SHOPPING MALL LLP-1,ASM1,T21603,A+,Sparq,10k-15k,South Zone,2,2026,EARRING,1
ANUTEX SHOPPING MALL LLP-1,ASM1,T21612,A+,Sparq,10k-15k,South Zone,2,2026,EARRING,1
ANUTEX SHOPPING MALL LLP-1,ASM1,T21617,A+,Sparq,4k-7k,South Zone,2,2026,EARRING,1
ANUTEX SHOPPING MALL LLP-1,ASM1,T21621,A+,Sparq,10k-15k,South Zone,2,2026,EARRING,1
ANUTEX SHOPPING MALL LLP-1,ASM1,T21961,A+,Sparkles,Less Then 30k,South Zone,4,2026,EARRING,1
ANUTEX SHOPPING MALL LLP-1,ASM1,T2291,A+,Sparkles,50k-75k,South Zone,3,2025,EARRING,1
ANUTEX SHOPPING MALL LLP-1,ASM1,T23046,A+,Sparq,10k-15k,South Zone,2,2026,EARRING,1
ANUTEX SHOPPING MALL LLP-1,ASM1,T2729,A+,Sparkles,Less Then 30k,South Zone,1,2026,EARRING,1
ANUTEX SHOPPING MALL LLP-1,ASM1,T3568,A+,Sparkles,Less Then 30k,South Zone,4,2026,EARRING,1
ANUTEX SHOPPING MALL LLP-1,ASM1,T3568,A+,Sparkles,Less Then 30k,South Zone,11,2025,EARRING,1
ANUTEX SHOPPING MALL LLP-1,ASM1,T515,A+,Sparkles,30k-50k,South Zone,11,2019,EARRING,1
ANUTEX SHOPPING MALL LLP-1,ASM1,T5367,A+,Sparkles,30k-50k,South Zone,2,2021,EARRING,1
ANUTEX SHOPPING MALL LLP-1,ASM1,T5367,A+,Sparkles,Less Then 30k,South Zone,8,2021,EARRING,1
ANUTEX SHOPPING MALL LLP-1,ASM1,T537,A+,Sparkles,30k-50k,South Zone,2,2020,EARRING,1
ANUTEX SHOPPING MALL LLP-1,ASM1,T5513,A+,Sparkles,Less Then 30k,South Zone,11,2019,EARRING,1
ANUTEX SHOPPING MALL LLP-1,ASM1,T5663,A+,Sparkles,Less Then 30k,South Zone,9,2025,EARRING,1
ANUTEX SHOPPING MALL LLP-1,ASM1,T6338,A+,Sparkles,30k-50k,South Zone,2,2021,EARRING,1
ANUTEX SHOPPING MALL LLP-1,ASM1,T6478,A+,Sparkles,30k-50k,South Zone,6,2021,EARRING,1
ANUTEX SHOPPING MALL LLP-1,ASM1,T6478,A+,Sparq,10k-15k,South Zone,5,2026,EARRING,1
ANUTEX SHOPPING MALL LLP-1,ASM1,T6485,A+,Sparkles,Less Then 30k,South Zone,2,2026,EARRING,1
ANUTEX SHOPPING MALL LLP-1,ASM1,T6503,A+,Sparkles,30k-50k,South Zone,3,2026,EARRING,1
ANUTEX SHOPPING MALL LLP-1,ASM1,T6503,A+,Sparkles,30k-50k,South Zone,10,2024,EARRING,1
ANUTEX SHOPPING MALL LLP-1,ASM1,T6549,A+,Sparkles,30k-50k,South Zone,2,2026,EARRING,1
ANUTEX SHOPPING MALL LLP-1,ASM1,T6549,A+,Sparkles,30k-50k,South Zone,5,2026,EARRING,1
ANUTEX SHOPPING MALL LLP-1,ASM1,T6553,A+,Sparkles,Less Then 30k,South Zone,11,2024,EARRING,1
ANUTEX SHOPPING MALL LLP-1,ASM1,T748,A+,Sparkles,30k-50k,South Zone,5,2021,EARRING,1
ANUTEX SHOPPING MALL LLP-1,ASM1,T748,A+,Sparkles,50k-75k,South Zone,5,2026,EARRING,1
ANUTEX SHOPPING MALL LLP-1,ASM1,T7959,A+,Sparkles,50k-75k,South Zone,4,2023,EARRING,1
ANUTEX SHOPPING MALL LLP-1,ASM1,T8150,A+,Sparkles,Less Then 30k,South Zone,7,2022,EARRING,1
ANUTEX SHOPPING MALL LLP-1,ASM1,T8150,A+,Sparkles,Less Then 30k,South Zone,12,2021,EARRING,1
ANUTEX SHOPPING MALL LLP-1,ASM1,T8526,A+,Sparkles,100k-150k,South Zone,11,2019,EARRING,1
ANUTEX SHOPPING MALL LLP-1,ASM1,T8715,A+,Sparkles,Less Then 30k,South Zone,1,2025,EARRING,1
ANUTEX SHOPPING MALL LLP-1,ASM1,T8715,A+,Sparkles,Less Then 30k,South Zone,11,2025,EARRING,1
ANUTEX SHOPPING MALL LLP-1,ASM1,T9310,A+,Sparkles,Less Then 30k,South Zone,9,2022,EARRING,1
ANUTEX SHOPPING MALL LLP-1,ASM1,T9699,A+,Sparkles,30k-50k,South Zone,2,2025,EARRING,1
ANUTEX SHOPPING MALL LLP-1,ASM1,T9699,A+,Sparkles,30k-50k,South Zone,2,2026,EARRING,1
ANUTEX SHOPPING MALL LLP-1,ASM1,T9802,A+,Sparkles,Less Then 30k,South Zone,12,2019,EARRING,1
ANUTEX SHOPPING MALL LLP-1,ASM1,T996,A+,Sparkles,30k-50k,South Zone,5,2026,EARRING,1
ANUTEX SHOPPING MALL LLP-1,ASM1,T996,A+,Sparkles,30k-50k,South Zone,11,2025,EARRING,1
ANUTEX SHOPPING MALL LLP-1,ASM1,TN20403,A+,Sparkles,Less Then 30k,South Zone,5,2026,EARRING,1
ANUTEX SHOPPING MALL LLP-1,ASM1,TN20403,A+,Sparkles,Less Then 30k,South Zone,12,2025,EARRING,1
ANUTEX SHOPPING MALL LLP-1,ASM1,TN20405,A+,Sparkles,Less Then 30k,South Zone,1,2026,EARRING,2
ANUTEX SHOPPING MALL LLP-1,ASM1,TN20405,A+,Sparkles,Less Then 30k,South Zone,3,2026,EARRING,1
ANUTEX SHOPPING MALL LLP-1,ASM1,TN20409,A+,Sparkles,Less Then 30k,South Zone,2,2026,EARRING,1
ANUTEX SHOPPING MALL LLP-1,ASM1,TN20409,A+,Sparkles,Less Then 30k,South Zone,12,2025,EARRING,1
ANUTEX SHOPPING MALL LLP-1,ASM1,TN20463,A+,Sparq,2k-4k,South Zone,2,2026,EARRING,1
ANUTEX SHOPPING MALL LLP-1,ASM1,TN20464,A+,Sparq,2k-4k,South Zone,2,2026,EARRING,1
ANUTEX SHOPPING MALL LLP-1,ASM1,TN20467,A+,Sparq,2k-4k,South Zone,2,2026,EARRING,1
ANUTEX SHOPPING MALL LLP-1,ASM1,TN20468,A+,Sparq,2k-4k,South Zone,2,2026,EARRING,1
ANUTEX SHOPPING MALL LLP-1,ASM1,TN20471,A+,Sparq,2k-4k,South Zone,2,2026,EARRING,1
ANUTEX SHOPPING MALL LLP-1,ASM1,TNP1883,A+,Sparkles,Less Then 30k,South Zone,5,2026,EARRING,1
ANUTEX SHOPPING MALL LLP-1,ASM1,TNP2231,A+,Sparkles,Less Then 30k,South Zone,12,2025,EARRING,1
ANUTEX SHOPPING MALL LLP-1,ASM1,TNP3261,A+,Sparkles,Less Then 30k,South Zone,12,2025,EARRING,1
ANUTEX SHOPPING MALL LLP-1,ASM1,TNP6365,A+,Sparkles,Less Then 30k,South Zone,8,2025,NOSE PIN,1
ANUTEX SHOPPINGMALL LLP-3,ASM3,AFDRE16203,A+,Sparkles,30k-50k,South Zone,2,2026,RING,1
ANUTEX SHOPPINGMALL LLP-3,ASM3,AFDRE16203,A+,Sparkles,50k-75k,South Zone,11,2024,RING,1
ANUTEX SHOPPINGMALL LLP-3,ASM3,AFDRE9402,A+,Sparkles,30k-50k,South Zone,3,2025,RING,1
ANUTEX SHOPPINGMALL LLP-3,ASM3,AFDRE9853,A+,Sparkles,50k-75k,South Zone,2,2026,RING,1
ANUTEX SHOPPINGMALL LLP-3,ASM3,AFDT1400,A+,Sparkles,30k-50k,South Zone,4,2026,EARRING,1
ANUTEX SHOPPINGMALL LLP-3,ASM3,AFDT1400,A+,Sparkles,Less Then 30k,South Zone,3,2025,EARRING,1
ANUTEX SHOPPINGMALL LLP-3,ASM3,AFDT1400,A+,Sparkles,Less Then 30k,South Zone,7,2024,EARRING,2
ANUTEX SHOPPINGMALL LLP-3,ASM3,AFDT1400,A+,Sparkles,Less Then 30k,South Zone,8,2024,EARRING,1
ANUTEX SHOPPINGMALL LLP-3,ASM3,AFDT1400,A+,Sparkles,Less Then 30k,South Zone,10,2024,EARRING,1
ANUTEX SHOPPINGMALL LLP-3,ASM3,AFDT1409,A+,Sparkles,30k-50k,South Zone,5,2026,EARRING,1
ANUTEX SHOPPINGMALL LLP-3,ASM3,AFDT1409,A+,Sparkles,30k-50k,South Zone,6,2024,EARRING,1
ANUTEX SHOPPINGMALL LLP-3,ASM3,AFDT1409,A+,Sparkles,30k-50k,South Zone,6,2025,EARRING,1
ANUTEX SHOPPINGMALL LLP-3,ASM3,AFDT1409,A+,Sparkles,30k-50k,South Zone,7,2024,EARRING,1
ANUTEX SHOPPINGMALL LLP-3,ASM3,AFDT1409,A+,Sparkles,30k-50k,South Zone,7,2025,EARRING,1
ANUTEX SHOPPINGMALL LLP-3,ASM3,AFDT1409,A+,Sparkles,30k-50k,South Zone,9,2024,EARRING,1
ANUTEX SHOPPINGMALL LLP-3,ASM3,AFDT1410,A+,Sparkles,Less Then 30k,South Zone,1,2025,EARRING,1
ANUTEX SHOPPINGMALL LLP-3,ASM3,AFDT1410,A+,Sparkles,Less Then 30k,South Zone,1,2026,EARRING,2
ANUTEX SHOPPINGMALL LLP-3,ASM3,AFDT1410,A+,Sparkles,Less Then 30k,South Zone,4,2026,EARRING,1
ANUTEX SHOPPINGMALL LLP-3,ASM3,AFDT1410,A+,Sparkles,Less Then 30k,South Zone,8,2024,EARRING,1
ANUTEX SHOPPINGMALL LLP-3,ASM3,AFDT1410,A+,Sparkles,Less Then 30k,South Zone,11,2025,EARRING,1
ANUTEX SHOPPINGMALL LLP-3,ASM3,AFDT1411,A+,Sparkles,Less Then 30k,South Zone,5,2025,EARRING,2
ANUTEX SHOPPINGMALL LLP-3,ASM3,AFDT1411,A+,Sparkles,Less Then 30k,South Zone,6,2025,EARRING,1
ANUTEX SHOPPINGMALL LLP-3,ASM3,AFDT1411,A+,Sparkles,Less Then 30k,South Zone,7,2024,EARRING,1
ANUTEX SHOPPINGMALL LLP-3,ASM3,AFDT1411,A+,Sparkles,Less Then 30k,South Zone,11,2025,EARRING,1
ANUTEX SHOPPINGMALL LLP-3,ASM3,AFDT3002,A+,Sparkles,Less Then 30k,South Zone,5,2026,EARRING,1
ANUTEX SHOPPINGMALL LLP-3,ASM3,AFDT600,A+,Sparkles,30k-50k,South Zone,8,2024,EARRING,1
ANUTEX SHOPPINGMALL LLP-3,ASM3,AFDT90075,A+,Sparkles,Less Then 30k,South Zone,7,2024,EARRING,1
ANUTEX SHOPPINGMALL LLP-3,ASM3,CHAIN1,A+,Sparq,Less Then 2k,South Zone,2,2026,CHAIN,1
ANUTEX SHOPPINGMALL LLP-3,ASM3,CHAIN1,A+,Sparq,Less Then 2k,South Zone,4,2026,CHAIN,1
ANUTEX SHOPPINGMALL LLP-3,ASM3,CHAIN1,A+,Sparq,Less Then 2k,South Zone,12,2025,CHAIN,2
ANUTEX SHOPPINGMALL LLP-3,ASM3,N10476,A+,Sparq,7k-10k,South Zone,2,2026,TANMANIYA,1
ANUTEX SHOPPINGMALL LLP-3,ASM3,N10476,A+,Sparq,7k-10k,South Zone,3,2026,TANMANIYA,1
ANUTEX SHOPPINGMALL LLP-3,ASM3,N10994,A+,Sparq,10k-15k,South Zone,2,2026,TANMANIYA,1
ANUTEX SHOPPINGMALL LLP-3,ASM3,N13743,A+,Sparq,15k-25k,South Zone,2,2026,TANMANIYA,1
ANUTEX SHOPPINGMALL LLP-3,ASM3,N19502,A+,Sparkles,50k-75k,South Zone,3,2025,NECKLACE,1
ANUTEX SHOPPINGMALL LLP-3,ASM3,N19505,A+,Sparkles,Less Then 30k,South Zone,1,2025,NECKLACE,1
ANUTEX SHOPPINGMALL LLP-3,ASM3,N19509,A+,Sparkles,50k-75k,South Zone,10,2024,NECKLACE,1
ANUTEX SHOPPINGMALL LLP-3,ASM3,N19536,A+,Sparkles,50k-75k,South Zone,3,2025,NECKLACE,1
ANUTEX SHOPPINGMALL LLP-3,ASM3,N19540,A+,Sparkles,30k-50k,South Zone,7,2025,NECKLACE,1
ANUTEX SHOPPINGMALL LLP-3,ASM3,N19541,A+,Sparkles,50k-75k,South Zone,11,2025,NECKLACE,1
ANUTEX SHOPPINGMALL LLP-3,ASM3,N19545,A+,Sparkles,30k-50k,South Zone,11,2025,NECKLACE,1
ANUTEX SHOPPINGMALL LLP-3,ASM3,N19545,A+,Sparkles,50k-75k,South Zone,4,2026,TANMANIYA,1
ANUTEX SHOPPINGMALL LLP-3,ASM3,N19546,A+,Sparkles,30k-50k,South Zone,3,2025,NECKLACE,1
ANUTEX SHOPPINGMALL LLP-3,ASM3,N19552,A+,Sparkles,50k-75k,South Zone,6,2025,NECKLACE,1
ANUTEX SHOPPINGMALL LLP-3,ASM3,N19606,A+,Sparkles,50k-75k,South Zone,5,2025,NECKLACE,1
ANUTEX SHOPPINGMALL LLP-3,ASM3,N19607,A+,Sparkles,30k-50k,South Zone,5,2025,NECKLACE,1
ANUTEX SHOPPINGMALL LLP-3,ASM3,N19612,A+,Sparkles,Less Then 30k,South Zone,11,2025,NECKLACE,1
ANUTEX SHOPPINGMALL LLP-3,ASM3,N19617,A+,Sparkles,50k-75k,South Zone,4,2026,NECKLACE,1
ANUTEX SHOPPINGMALL LLP-3,ASM3,N19625,A+,Sparkles,30k-50k,South Zone,12,2025,NECKLACE,1
ANUTEX SHOPPINGMALL LLP-3,ASM3,N19636,A+,Sparkles,50k-75k,South Zone,2,2026,NECKLACE,1
ANUTEX SHOPPINGMALL LLP-3,ASM3,N19719,A+,Sparq,4k-7k,South Zone,12,2025,NECKLACE,1
ANUTEX SHOPPINGMALL LLP-3,ASM3,N19728,A+,Sparq,4k-7k,South Zone,12,2025,NECKLACE,1
ANUTEX SHOPPINGMALL LLP-3,ASM3,N19734,A+,Sparq,4k-7k,South Zone,4,2026,NECKLACE,1
ANUTEX SHOPPINGMALL LLP-3,ASM3,N19735,A+,Sparq,4k-7k,South Zone,12,2025,NECKLACE,1
ANUTEX SHOPPINGMALL LLP-3,ASM3,N19746,A+,Sparq,7k-10k,South Zone,1,2026,NECKLACE,1
ANUTEX SHOPPINGMALL LLP-3,ASM3,N4508,A+,Sparq,10k-15k,South Zone,2,2026,TANMANIYA,1
ANUTEX SHOPPINGMALL LLP-3,ASM3,N6433,A+,Sparq,10k-15k,South Zone,4,2026,TANMANIYA,1
ANUTEX SHOPPINGMALL LLP-3,ASM3,N8744,A+,Sparq,7k-10k,South Zone,4,2026,TANMANIYA,1
ANUTEX SHOPPINGMALL LLP-3,ASM3,N9910,A+,Sparq,10k-15k,South Zone,2,2026,TANMANIYA,1
ANUTEX SHOPPINGMALL LLP-3,ASM3,NP10273,A+,Sparkles,Less Then 30k,South Zone,11,2024,NOSE PIN,3
ANUTEX SHOPPINGMALL LLP-3,ASM3,NP11010,A+,Sparkles,Less Then 30k,South Zone,2,2026,NOSE PIN,1
ANUTEX SHOPPINGMALL LLP-3,ASM3,NP11010,A+,Sparkles,Less Then 30k,South Zone,4,2025,NOSE PIN,2
ANUTEX SHOPPINGMALL LLP-3,ASM3,NP11014,A+,Sparkles,Less Then 30k,South Zone,1,2026,NOSE PIN,2
ANUTEX SHOPPINGMALL LLP-3,ASM3,NP11014,A+,Sparkles,Less Then 30k,South Zone,3,2026,NOSE PIN,2
ANUTEX SHOPPINGMALL LLP-3,ASM3,NP11014,A+,Sparkles,Less Then 30k,South Zone,4,2026,NOSE PIN,1
ANUTEX SHOPPINGMALL LLP-3,ASM3,NP11014,A+,Sparkles,Less Then 30k,South Zone,7,2025,NOSE PIN,1
ANUTEX SHOPPINGMALL LLP-3,ASM3,NP11014,A+,Sparkles,Less Then 30k,South Zone,11,2025,NOSE PIN,1
ANUTEX SHOPPINGMALL LLP-3,ASM3,NP11015,A+,Sparkles,Less Then 30k,South Zone,5,2026,NOSE PIN,1
ANUTEX SHOPPINGMALL LLP-3,ASM3,NP11015,A+,Sparkles,Less Then 30k,South Zone,6,2024,NOSE PIN,2
ANUTEX SHOPPINGMALL LLP-3,ASM3,NP11015,A+,Sparkles,Less Then 30k,South Zone,7,2024,NOSE PIN,1
ANUTEX SHOPPINGMALL LLP-3,ASM3,NP11015,A+,Sparkles,Less Then 30k,South Zone,9,2025,NOSE PIN,1
ANUTEX SHOPPINGMALL LLP-3,ASM3,NP1102,A+,Sparkles,Less Then 30k,South Zone,5,2025,NOSE PIN,2
ANUTEX SHOPPINGMALL LLP-3,ASM3,NP11020,A+,Sparkles,Less Then 30k,South Zone,12,2025,NOSE PIN,1
ANUTEX SHOPPINGMALL LLP-3,ASM3,NP11484,A+,Sparkles,Less Then 30k,South Zone,4,2026,NOSE PIN,1
ANUTEX SHOPPINGMALL LLP-3,ASM3,NP11484,A+,Sparkles,Less Then 30k,South Zone,5,2026,NOSE PIN,2
ANUTEX SHOPPINGMALL LLP-3,ASM3,NP11484,A+,Sparkles,Less Then 30k,South Zone,7,2025,NOSE PIN,2
ANUTEX SHOPPINGMALL LLP-3,ASM3,NP11754,A+,Sparkles,Less Then 30k,South Zone,11,2025,NOSE PIN,1
ANUTEX SHOPPINGMALL LLP-3,ASM3,NP1231,A+,Sparkles,Less Then 30k,South Zone,1,2026,NOSE PIN,2
ANUTEX SHOPPINGMALL LLP-3,ASM3,NP1231,A+,Sparkles,Less Then 30k,South Zone,2,2025,NOSE PIN,1
ANUTEX SHOPPINGMALL LLP-3,ASM3,NP1231,A+,Sparkles,Less Then 30k,South Zone,3,2025,NOSE PIN,2
ANUTEX SHOPPINGMALL LLP-3,ASM3,NP1231,A+,Sparkles,Less Then 30k,South Zone,3,2026,NOSE PIN,1
ANUTEX SHOPPINGMALL LLP-3,ASM3,NP1231,A+,Sparkles,Less Then 30k,South Zone,5,2025,NOSE PIN,1
ANUTEX SHOPPINGMALL LLP-3,ASM3,NP12432,A+,Sparkles,Less Then 30k,South Zone,3,2026,NOSE PIN,1
ANUTEX SHOPPINGMALL LLP-3,ASM3,NP12432,A+,Sparkles,Less Then 30k,South Zone,4,2026,NOSE PIN,1
ANUTEX SHOPPINGMALL LLP-3,ASM3,NP1259,A+,Sparkles,Less Then 30k,South Zone,3,2025,NOSE PIN,2
ANUTEX SHOPPINGMALL LLP-3,ASM3,NP13651,A+,Sparkles,Less Then 30k,South Zone,6,2024,NOSE PIN,1
ANUTEX SHOPPINGMALL LLP-3,ASM3,NP1484,A+,Sparkles,Less Then 30k,South Zone,4,2026,NOSE PIN,1
ANUTEX SHOPPINGMALL LLP-3,ASM3,NP1484,A+,Sparkles,Less Then 30k,South Zone,12,2025,NOSE PIN,2
ANUTEX SHOPPINGMALL LLP-3,ASM3,NP1488,A+,Sparkles,Less Then 30k,South Zone,3,2026,NOSE PIN,2
ANUTEX SHOPPINGMALL LLP-3,ASM3,NP1488,A+,Sparkles,Less Then 30k,South Zone,6,2025,NOSE PIN,2
ANUTEX SHOPPINGMALL LLP-3,ASM3,NP14905,A+,Sparkles,Less Then 30k,South Zone,11,2024,NOSE PIN,2
ANUTEX SHOPPINGMALL LLP-3,ASM3,NP14908,A+,Sparkles,Less Then 30k,South Zone,11,2024,NOSE PIN,1
ANUTEX SHOPPINGMALL LLP-3,ASM3,NP1754,A+,Sparkles,Less Then 30k,South Zone,3,2026,NOSE PIN,1
ANUTEX SHOPPINGMALL LLP-3,ASM3,NP1754,A+,Sparkles,Less Then 30k,South Zone,9,2025,NOSE PIN,1
ANUTEX SHOPPINGMALL LLP-3,ASM3,NP1868,A+,Sparkles,Less Then 30k,South Zone,9,2024,NOSE PIN,1
ANUTEX SHOPPINGMALL LLP-3,ASM3,NP1868,A+,Sparkles,Less Then 30k,South Zone,12,2024,NOSE PIN,1
ANUTEX SHOPPINGMALL LLP-3,ASM3,NP1870,A+,Sparkles,Less Then 30k,South Zone,7,2025,NOSE PIN,1
ANUTEX SHOPPINGMALL LLP-3,ASM3,NP1873,A+,Sparkles,Less Then 30k,South Zone,5,2025,NOSE PIN,1
ANUTEX SHOPPINGMALL LLP-3,ASM3,NP1876,A+,Sparkles,Less Then 30k,South Zone,1,2025,NOSE PIN,4
ANUTEX SHOPPINGMALL LLP-3,ASM3,NP1876,A+,Sparkles,Less Then 30k,South Zone,1,2026,NOSE PIN,2
ANUTEX SHOPPINGMALL LLP-3,ASM3,NP1876,A+,Sparkles,Less Then 30k,South Zone,2,2025,NOSE PIN,2
ANUTEX SHOPPINGMALL LLP-3,ASM3,NP1876,A+,Sparkles,Less Then 30k,South Zone,2,2026,NOSE PIN,3
ANUTEX SHOPPINGMALL LLP-3,ASM3,NP1876,A+,Sparkles,Less Then 30k,South Zone,3,2025,NOSE PIN,1
ANUTEX SHOPPINGMALL LLP-3,ASM3,NP1876,A+,Sparkles,Less Then 30k,South Zone,4,2025,NOSE PIN,1
ANUTEX SHOPPINGMALL LLP-3,ASM3,NP1876,A+,Sparkles,Less Then 30k,South Zone,4,2026,NOSE PIN,2
ANUTEX SHOPPINGMALL LLP-3,ASM3,NP1876,A+,Sparkles,Less Then 30k,South Zone,5,2026,NOSE PIN,2
ANUTEX SHOPPINGMALL LLP-3,ASM3,NP1876,A+,Sparkles,Less Then 30k,South Zone,7,2025,NOSE PIN,2
ANUTEX SHOPPINGMALL LLP-3,ASM3,NP1876,A+,Sparkles,Less Then 30k,South Zone,8,2024,NOSE PIN,2
ANUTEX SHOPPINGMALL LLP-3,ASM3,NP1876,A+,Sparkles,Less Then 30k,South Zone,9,2024,NOSE PIN,1
ANUTEX SHOPPINGMALL LLP-3,ASM3,NP1876,A+,Sparkles,Less Then 30k,South Zone,10,2024,NOSE PIN,1
ANUTEX SHOPPINGMALL LLP-3,ASM3,NP1876,A+,Sparkles,Less Then 30k,South Zone,11,2025,NOSE PIN,1
ANUTEX SHOPPINGMALL LLP-3,ASM3,NP1876,A+,Sparkles,Less Then 30k,South Zone,12,2025,NOSE PIN,2
ANUTEX SHOPPINGMALL LLP-3,ASM3,NP1876,A+,Sparq,2k-4k,South Zone,1,2026,NOSE PIN,2
ANUTEX SHOPPINGMALL LLP-3,ASM3,NP1876,A+,Sparq,2k-4k,South Zone,12,2025,NOSE PIN,2
ANUTEX SHOPPINGMALL LLP-3,ASM3,NP1878,A+,Sparkles,Less Then 30k,South Zone,1,2025,NOSE PIN,1
ANUTEX SHOPPINGMALL LLP-3,ASM3,NP1878,A+,Sparkles,Less Then 30k,South Zone,4,2025,NOSE PIN,2
ANUTEX SHOPPINGMALL LLP-3,ASM3,NP1878,A+,Sparkles,Less Then 30k,South Zone,4,2026,NOSE PIN,1
ANUTEX SHOPPINGMALL LLP-3,ASM3,NP1878,A+,Sparkles,Less Then 30k,South Zone,6,2025,NOSE PIN,1
ANUTEX SHOPPINGMALL LLP-3,ASM3,NP1878,A+,Sparkles,Less Then 30k,South Zone,7,2024,NOSE PIN,2
ANUTEX SHOPPINGMALL LLP-3,ASM3,NP1878,A+,Sparkles,Less Then 30k,South Zone,12,2025,NOSE PIN,3
ANUTEX SHOPPINGMALL LLP-3,ASM3,NP1879,A+,Sparkles,Less Then 30k,South Zone,1,2026,NOSE PIN,1
ANUTEX SHOPPINGMALL LLP-3,ASM3,NP1879,A+,Sparkles,Less Then 30k,South Zone,2,2026,NOSE PIN,1
ANUTEX SHOPPINGMALL LLP-3,ASM3,NP1879,A+,Sparkles,Less Then 30k,South Zone,4,2025,NOSE PIN,2
ANUTEX SHOPPINGMALL LLP-3,ASM3,NP1879,A+,Sparkles,Less Then 30k,South Zone,4,2026,NOSE PIN,2
ANUTEX SHOPPINGMALL LLP-3,ASM3,NP1879,A+,Sparkles,Less Then 30k,South Zone,5,2024,NOSE PIN,1
ANUTEX SHOPPINGMALL LLP-3,ASM3,NP1879,A+,Sparkles,Less Then 30k,South Zone,5,2025,NOSE PIN,3
ANUTEX SHOPPINGMALL LLP-3,ASM3,NP1879,A+,Sparkles,Less Then 30k,South Zone,6,2024,NOSE PIN,2
ANUTEX SHOPPINGMALL LLP-3,ASM3,NP1879,A+,Sparkles,Less Then 30k,South Zone,7,2024,NOSE PIN,1
ANUTEX SHOPPINGMALL LLP-3,ASM3,NP1879,A+,Sparkles,Less Then 30k,South Zone,8,2024,NOSE PIN,5
ANUTEX SHOPPINGMALL LLP-3,ASM3,NP1879,A+,Sparkles,Less Then 30k,South Zone,8,2025,NOSE PIN,1
ANUTEX SHOPPINGMALL LLP-3,ASM3,NP1879,A+,Sparkles,Less Then 30k,South Zone,9,2024,NOSE PIN,2
ANUTEX SHOPPINGMALL LLP-3,ASM3,NP1879,A+,Sparkles,Less Then 30k,South Zone,11,2025,NOSE PIN,1
ANUTEX SHOPPINGMALL LLP-3,ASM3,NP1879,A+,Sparkles,Less Then 30k,South Zone,12,2024,NOSE PIN,1
ANUTEX SHOPPINGMALL LLP-3,ASM3,NP1880,A+,Sparkles,Less Then 30k,South Zone,3,2026,NOSE PIN,1
ANUTEX SHOPPINGMALL LLP-3,ASM3,NP1880,A+,Sparkles,Less Then 30k,South Zone,5,2024,NOSE PIN,2
ANUTEX SHOPPINGMALL LLP-3,ASM3,NP1880,A+,Sparkles,Less Then 30k,South Zone,5,2026,NOSE PIN,1
ANUTEX SHOPPINGMALL LLP-3,ASM3,NP1880,A+,Sparkles,Less Then 30k,South Zone,6,2024,NOSE PIN,1
ANUTEX SHOPPINGMALL LLP-3,ASM3,NP1880,A+,Sparkles,Less Then 30k,South Zone,7,2024,NOSE PIN,1
ANUTEX SHOPPINGMALL LLP-3,ASM3,NP1880,A+,Sparkles,Less Then 30k,South Zone,8,2024,NOSE PIN,1
ANUTEX SHOPPINGMALL LLP-3,ASM3,NP1881,A+,Sparkles,Less Then 30k,South Zone,4,2026,NOSE PIN,1
ANUTEX SHOPPINGMALL LLP-3,ASM3,NP1881,A+,Sparkles,Less Then 30k,South Zone,5,2024,NOSE PIN,1
ANUTEX SHOPPINGMALL LLP-3,ASM3,NP1881,A+,Sparkles,Less Then 30k,South Zone,5,2025,NOSE PIN,2
ANUTEX SHOPPINGMALL LLP-3,ASM3,NP1881,A+,Sparkles,Less Then 30k,South Zone,6,2024,NOSE PIN,2
ANUTEX SHOPPINGMALL LLP-3,ASM3,NP1881,A+,Sparkles,Less Then 30k,South Zone,7,2024,NOSE PIN,1
ANUTEX SHOPPINGMALL LLP-3,ASM3,NP1881,A+,Sparkles,Less Then 30k,South Zone,8,2025,NOSE PIN,2
ANUTEX SHOPPINGMALL LLP-3,ASM3,NP1881,A+,Sparkles,Less Then 30k,South Zone,9,2025,NOSE PIN,1
ANUTEX SHOPPINGMALL LLP-3,ASM3,NP1881,A+,Sparkles,Less Then 30k,South Zone,10,2024,NOSE PIN,1
ANUTEX SHOPPINGMALL LLP-3,ASM3,NP1881,A+,Sparkles,Less Then 30k,South Zone,11,2025,NOSE PIN,1
ANUTEX SHOPPINGMALL LLP-3,ASM3,NP1882,A+,Sparkles,Less Then 30k,South Zone,3,2026,NOSE PIN,1
ANUTEX SHOPPINGMALL LLP-3,ASM3,NP1882,A+,Sparkles,Less Then 30k,South Zone,4,2026,NOSE PIN,1
ANUTEX SHOPPINGMALL LLP-3,ASM3,NP1882,A+,Sparkles,Less Then 30k,South Zone,5,2024,NOSE PIN,1
ANUTEX SHOPPINGMALL LLP-3,ASM3,NP1882,A+,Sparkles,Less Then 30k,South Zone,5,2026,NOSE PIN,3
ANUTEX SHOPPINGMALL LLP-3,ASM3,NP1882,A+,Sparkles,Less Then 30k,South Zone,6,2024,NOSE PIN,2
ANUTEX SHOPPINGMALL LLP-3,ASM3,NP1882,A+,Sparkles,Less Then 30k,South Zone,8,2024,NOSE PIN,4
ANUTEX SHOPPINGMALL LLP-3,ASM3,NP1882,A+,Sparkles,Less Then 30k,South Zone,12,2025,NOSE PIN,1
ANUTEX SHOPPINGMALL LLP-3,ASM3,NP1883,A+,Sparkles,Less Then 30k,South Zone,2,2025,NOSE PIN,1
ANUTEX SHOPPINGMALL LLP-3,ASM3,NP1883,A+,Sparkles,Less Then 30k,South Zone,2,2026,NOSE PIN,1
ANUTEX SHOPPINGMALL LLP-3,ASM3,NP1883,A+,Sparkles,Less Then 30k,South Zone,3,2025,NOSE PIN,3
ANUTEX SHOPPINGMALL LLP-3,ASM3,NP1883,A+,Sparkles,Less Then 30k,South Zone,4,2025,NOSE PIN,1
ANUTEX SHOPPINGMALL LLP-3,ASM3,NP1883,A+,Sparkles,Less Then 30k,South Zone,5,2025,NOSE PIN,2
ANUTEX SHOPPINGMALL LLP-3,ASM3,NP1883,A+,Sparkles,Less Then 30k,South Zone,6,2024,NOSE PIN,2
ANUTEX SHOPPINGMALL LLP-3,ASM3,NP1883,A+,Sparkles,Less Then 30k,South Zone,6,2025,NOSE PIN,2
ANUTEX SHOPPINGMALL LLP-3,ASM3,NP1883,A+,Sparkles,Less Then 30k,South Zone,8,2025,NOSE PIN,2
ANUTEX SHOPPINGMALL LLP-3,ASM3,NP1883,A+,Sparkles,Less Then 30k,South Zone,12,2025,NOSE PIN,2
ANUTEX SHOPPINGMALL LLP-3,ASM3,NP1884,A+,Sparkles,Less Then 30k,South Zone,6,2024,NOSE PIN,1
ANUTEX SHOPPINGMALL LLP-3,ASM3,NP1884,A+,Sparkles,Less Then 30k,South Zone,7,2024,NOSE PIN,2
ANUTEX SHOPPINGMALL LLP-3,ASM3,NP20504,A+,Sparkles,Less Then 30k,South Zone,8,2024,NOSE PIN,2
ANUTEX SHOPPINGMALL LLP-3,ASM3,NP20504,A+,Sparkles,Less Then 30k,South Zone,10,2024,NOSE PIN,2
ANUTEX SHOPPINGMALL LLP-3,ASM3,NP20505,A+,Sparkles,Less Then 30k,South Zone,1,2025,NOSE PIN,1
ANUTEX SHOPPINGMALL LLP-3,ASM3,NP20505,A+,Sparkles,Less Then 30k,South Zone,1,2026,NOSE PIN,1
ANUTEX SHOPPINGMALL LLP-3,ASM3,NP20505,A+,Sparkles,Less Then 30k,South Zone,2,2025,NOSE PIN,2
ANUTEX SHOPPINGMALL LLP-3,ASM3,NP20505,A+,Sparkles,Less Then 30k,South Zone,3,2025,NOSE PIN,4
ANUTEX SHOPPINGMALL LLP-3,ASM3,NP20505,A+,Sparkles,Less Then 30k,South Zone,4,2025,NOSE PIN,1
ANUTEX SHOPPINGMALL LLP-3,ASM3,NP20505,A+,Sparkles,Less Then 30k,South Zone,7,2025,NOSE PIN,4
ANUTEX SHOPPINGMALL LLP-3,ASM3,NP20505,A+,Sparkles,Less Then 30k,South Zone,11,2024,NOSE PIN,2
ANUTEX SHOPPINGMALL LLP-3,ASM3,NP20505,A+,Sparkles,Less Then 30k,South Zone,12,2025,NOSE PIN,2
ANUTEX SHOPPINGMALL LLP-3,ASM3,NP20506,A+,Sparkles,Less Then 30k,South Zone,9,2024,NOSE PIN,2
ANUTEX SHOPPINGMALL LLP-3,ASM3,NP20507,A+,Sparkles,Less Then 30k,South Zone,1,2025,NOSE PIN,2
ANUTEX SHOPPINGMALL LLP-3,ASM3,NP20507,A+,Sparkles,Less Then 30k,South Zone,2,2025,NOSE PIN,2
ANUTEX SHOPPINGMALL LLP-3,ASM3,NP20507,A+,Sparkles,Less Then 30k,South Zone,3,2025,NOSE PIN,2
ANUTEX SHOPPINGMALL LLP-3,ASM3,NP20507,A+,Sparkles,Less Then 30k,South Zone,4,2026,NOSE PIN,2
ANUTEX SHOPPINGMALL LLP-3,ASM3,NP20507,A+,Sparkles,Less Then 30k,South Zone,5,2025,NOSE PIN,2
ANUTEX SHOPPINGMALL LLP-3,ASM3,NP20507,A+,Sparkles,Less Then 30k,South Zone,11,2024,NOSE PIN,1
ANUTEX SHOPPINGMALL LLP-3,ASM3,NP20507,A+,Sparkles,Less Then 30k,South Zone,11,2025,NOSE PIN,3
ANUTEX SHOPPINGMALL LLP-3,ASM3,NP20509,A+,Sparq,2k-4k,South Zone,2,2026,NOSE PIN,2
ANUTEX SHOPPINGMALL LLP-3,ASM3,NP20509,A+,Sparq,2k-4k,South Zone,4,2026,NOSE PIN,1
ANUTEX SHOPPINGMALL LLP-3,ASM3,NP20511,A+,Sparkles,Less Then 30k,South Zone,9,2024,NOSE PIN,1
ANUTEX SHOPPINGMALL LLP-3,ASM3,NP20511,A+,Sparkles,Less Then 30k,South Zone,12,2024,NOSE PIN,4
ANUTEX SHOPPINGMALL LLP-3,ASM3,NP20518,A+,Sparkles,Less Then 30k,South Zone,8,2025,NOSE PIN,1
ANUTEX SHOPPINGMALL LLP-3,ASM3,NP20523,A+,Sparq,2k-4k,South Zone,12,2025,NOSE PIN,2
ANUTEX SHOPPINGMALL LLP-3,ASM3,NP20524,A+,Sparkles,Less Then 30k,South Zone,3,2026,NOSE PIN,2
ANUTEX SHOPPINGMALL LLP-3,ASM3,NP20524,A+,Sparq,2k-4k,South Zone,1,2026,NOSE PIN,1
ANUTEX SHOPPINGMALL LLP-3,ASM3,NP20524,A+,Sparq,2k-4k,South Zone,4,2026,NOSE PIN,1
ANUTEX SHOPPINGMALL LLP-3,ASM3,NP20524,A+,Sparq,Less Then 2k,South Zone,2,2026,NOSE PIN,1
ANUTEX SHOPPINGMALL LLP-3,ASM3,NP20524,A+,Sparq,Less Then 2k,South Zone,12,2025,NOSE PIN,2
ANUTEX SHOPPINGMALL LLP-3,ASM3,NP20525,A+,Sparkles,Less Then 30k,South Zone,3,2026,NOSE PIN,3
ANUTEX SHOPPINGMALL LLP-3,ASM3,NP20525,A+,Sparkles,Less Then 30k,South Zone,4,2026,NOSE PIN,1
ANUTEX SHOPPINGMALL LLP-3,ASM3,NP20525,A+,Sparq,2k-4k,South Zone,1,2026,NOSE PIN,1
ANUTEX SHOPPINGMALL LLP-3,ASM3,NP20525,A+,Sparq,2k-4k,South Zone,2,2026,NOSE PIN,1
ANUTEX SHOPPINGMALL LLP-3,ASM3,NP20525,A+,Sparq,Less Then 2k,South Zone,2,2026,NOSE PIN,3
ANUTEX SHOPPINGMALL LLP-3,ASM3,NP20525,A+,Sparq,Less Then 2k,South Zone,12,2025,NOSE PIN,1
ANUTEX SHOPPINGMALL LLP-3,ASM3,NP20528,A+,Sparq,Less Then 2k,South Zone,12,2025,NOSE PIN,3
ANUTEX SHOPPINGMALL LLP-3,ASM3,NP20529,A+,Sparq,Less Then 2k,South Zone,1,2026,NOSE PIN,1
ANUTEX SHOPPINGMALL LLP-3,ASM3,NP20529,A+,Sparq,Less Then 2k,South Zone,2,2026,NOSE PIN,5
ANUTEX SHOPPINGMALL LLP-3,ASM3,NP20531,A+,Sparkles,Less Then 30k,South Zone,1,2026,NOSE PIN,1
ANUTEX SHOPPINGMALL LLP-3,ASM3,NP20531,A+,Sparkles,Less Then 30k,South Zone,2,2026,NOSE PIN,3
ANUTEX SHOPPINGMALL LLP-3,ASM3,NP20531,A+,Sparkles,Less Then 30k,South Zone,3,2026,NOSE PIN,1
ANUTEX SHOPPINGMALL LLP-3,ASM3,NP21754,A+,Sparkles,Less Then 30k,South Zone,1,2026,NOSE PIN,1
ANUTEX SHOPPINGMALL LLP-3,ASM3,NP21754,A+,Sparkles,Less Then 30k,South Zone,2,2026,NOSE PIN,1
ANUTEX SHOPPINGMALL LLP-3,ASM3,NP21754,A+,Sparkles,Less Then 30k,South Zone,4,2026,NOSE PIN,5
ANUTEX SHOPPINGMALL LLP-3,ASM3,NP21754,A+,Sparkles,Less Then 30k,South Zone,6,2025,NOSE PIN,1
ANUTEX SHOPPINGMALL LLP-3,ASM3,NP21754,A+,Sparkles,Less Then 30k,South Zone,7,2024,NOSE PIN,4
ANUTEX SHOPPINGMALL LLP-3,ASM3,NP21754,A+,Sparkles,Less Then 30k,South Zone,8,2024,NOSE PIN,3
ANUTEX SHOPPINGMALL LLP-3,ASM3,NP21754,A+,Sparkles,Less Then 30k,South Zone,8,2025,NOSE PIN,2
ANUTEX SHOPPINGMALL LLP-3,ASM3,NP21754,A+,Sparkles,Less Then 30k,South Zone,11,2024,NOSE PIN,1
ANUTEX SHOPPINGMALL LLP-3,ASM3,NP21754,A+,Sparkles,Less Then 30k,South Zone,12,2024,NOSE PIN,2
ANUTEX SHOPPINGMALL LLP-3,ASM3,NP21754,A+,Sparkles,Less Then 30k,South Zone,12,2025,NOSE PIN,3
ANUTEX SHOPPINGMALL LLP-3,ASM3,NP21754,A+,Sparq,Less Then 2k,South Zone,2,2026,NOSE PIN,2
ANUTEX SHOPPINGMALL LLP-3,ASM3,NP21754,A+,Sparq,Less Then 2k,South Zone,12,2025,NOSE PIN,1
ANUTEX SHOPPINGMALL LLP-3,ASM3,NP2231,A+,Sparkles,Less Then 30k,South Zone,1,2025,NOSE PIN,1
ANUTEX SHOPPINGMALL LLP-3,ASM3,NP2231,A+,Sparkles,Less Then 30k,South Zone,3,2026,NOSE PIN,2
ANUTEX SHOPPINGMALL LLP-3,ASM3,NP2231,A+,Sparkles,Less Then 30k,South Zone,8,2024,NOSE PIN,7
ANUTEX SHOPPINGMALL LLP-3,ASM3,NP2231,A+,Sparkles,Less Then 30k,South Zone,9,2025,NOSE PIN,1
ANUTEX SHOPPINGMALL LLP-3,ASM3,NP2231,A+,Sparkles,Less Then 30k,South Zone,10,2024,NOSE PIN,3
ANUTEX SHOPPINGMALL LLP-3,ASM3,NP2231,A+,Sparkles,Less Then 30k,South Zone,11,2024,NOSE PIN,1
ANUTEX SHOPPINGMALL LLP-3,ASM3,NP2231,A+,Sparkles,Less Then 30k,South Zone,12,2024,NOSE PIN,1
ANUTEX SHOPPINGMALL LLP-3,ASM3,NP22432,A+,Sparkles,Less Then 30k,South Zone,2,2026,NOSE PIN,1
ANUTEX SHOPPINGMALL LLP-3,ASM3,NP22432,A+,Sparkles,Less Then 30k,South Zone,3,2025,NOSE PIN,1
ANUTEX SHOPPINGMALL LLP-3,ASM3,NP22432,A+,Sparkles,Less Then 30k,South Zone,3,2026,NOSE PIN,2
ANUTEX SHOPPINGMALL LLP-3,ASM3,NP22432,A+,Sparkles,Less Then 30k,South Zone,6,2024,NOSE PIN,2
ANUTEX SHOPPINGMALL LLP-3,ASM3,NP22432,A+,Sparkles,Less Then 30k,South Zone,8,2024,NOSE PIN,1
ANUTEX SHOPPINGMALL LLP-3,ASM3,NP22432,A+,Sparkles,Less Then 30k,South Zone,9,2025,NOSE PIN,1
ANUTEX SHOPPINGMALL LLP-3,ASM3,NP22432,A+,Sparkles,Less Then 30k,South Zone,11,2025,NOSE PIN,1
ANUTEX SHOPPINGMALL LLP-3,ASM3,NP22432,A+,Sparkles,Less Then 30k,South Zone,12,2025,NOSE PIN,1
ANUTEX SHOPPINGMALL LLP-3,ASM3,NP2273,A+,Sparkles,Less Then 30k,South Zone,4,2026,NOSE PIN,2
ANUTEX SHOPPINGMALL LLP-3,ASM3,NP2273,A+,Sparkles,Less Then 30k,South Zone,5,2025,NOSE PIN,1
ANUTEX SHOPPINGMALL LLP-3,ASM3,NP2273,A+,Sparkles,Less Then 30k,South Zone,11,2025,NOSE PIN,1
ANUTEX SHOPPINGMALL LLP-3,ASM3,NP231,A+,Sparkles,Less Then 30k,South Zone,1,2026,NOSE PIN,1
ANUTEX SHOPPINGMALL LLP-3,ASM3,NP231,A+,Sparkles,Less Then 30k,South Zone,2,2026,NOSE PIN,3
ANUTEX SHOPPINGMALL LLP-3,ASM3,NP2432,A+,Sparkles,Less Then 30k,South Zone,6,2025,NOSE PIN,1
ANUTEX SHOPPINGMALL LLP-3,ASM3,NP273,A+,Sparkles,Less Then 30k,South Zone,1,2026,NOSE PIN,1
ANUTEX SHOPPINGMALL LLP-3,ASM3,NP273,A+,Sparkles,Less Then 30k,South Zone,5,2026,NOSE PIN,1
ANUTEX SHOPPINGMALL LLP-3,ASM3,NP273,A+,Sparkles,Less Then 30k,South Zone,9,2025,NOSE PIN,2
ANUTEX SHOPPINGMALL LLP-3,ASM3,NP273,A+,Sparkles,Less Then 30k,South Zone,11,2025,NOSE PIN,1
ANUTEX SHOPPINGMALL LLP-3,ASM3,NP3290,A+,Sparkles,Less Then 30k,South Zone,3,2026,NOSE PIN,2
ANUTEX SHOPPINGMALL LLP-3,ASM3,NP3290,A+,Sparkles,Less Then 30k,South Zone,7,2025,NOSE PIN,1
ANUTEX SHOPPINGMALL LLP-3,ASM3,NP3290,A+,Sparq,Less Then 2k,South Zone,5,2026,NOSE PIN,2
ANUTEX SHOPPINGMALL LLP-3,ASM3,NP3596,A+,Sparkles,Less Then 30k,South Zone,3,2025,NOSE PIN,1
ANUTEX SHOPPINGMALL LLP-3,ASM3,NP515,A+,Sparkles,Less Then 30k,South Zone,5,2026,NOSE PIN,2
ANUTEX SHOPPINGMALL LLP-3,ASM3,NP516,A+,Sparkles,Less Then 30k,South Zone,3,2026,NOSE PIN,1
ANUTEX SHOPPINGMALL LLP-3,ASM3,NP516,A+,Sparkles,Less Then 30k,South Zone,5,2026,NOSE PIN,2
ANUTEX SHOPPINGMALL LLP-3,ASM3,NP516,A+,Sparkles,Less Then 30k,South Zone,7,2025,NOSE PIN,2
ANUTEX SHOPPINGMALL LLP-3,ASM3,NP5231,A+,Sparkles,Less Then 30k,South Zone,6,2024,NOSE PIN,1
ANUTEX SHOPPINGMALL LLP-3,ASM3,NP5231,A+,Sparkles,Less Then 30k,South Zone,7,2025,NOSE PIN,2
ANUTEX SHOPPINGMALL LLP-3,ASM3,NP52432,A+,Sparkles,Less Then 30k,South Zone,8,2024,NOSE PIN,1
ANUTEX SHOPPINGMALL LLP-3,ASM3,NP537,A+,Sparkles,Less Then 30k,South Zone,4,2025,NOSE PIN,2
ANUTEX SHOPPINGMALL LLP-3,ASM3,NP544,A+,Sparkles,Less Then 30k,South Zone,4,2026,NOSE PIN,2
ANUTEX SHOPPINGMALL LLP-3,ASM3,NP550,A+,Sparq,Less Then 2k,South Zone,2,2026,NOSE PIN,1
ANUTEX SHOPPINGMALL LLP-3,ASM3,NP550,A+,Sparq,Less Then 2k,South Zone,12,2025,NOSE PIN,1
ANUTEX SHOPPINGMALL LLP-3,ASM3,NP7134,A+,Sparkles,Less Then 30k,South Zone,5,2025,NOSE PIN,1
ANUTEX SHOPPINGMALL LLP-3,ASM3,NP7134,A+,Sparkles,Less Then 30k,South Zone,7,2024,NOSE PIN,1
ANUTEX SHOPPINGMALL LLP-3,ASM3,NP7134,A+,Sparkles,Less Then 30k,South Zone,11,2025,NOSE PIN,1
ANUTEX SHOPPINGMALL LLP-3,ASM3,NP7231,A+,Sparkles,Less Then 30k,South Zone,2,2026,NOSE PIN,1
ANUTEX SHOPPINGMALL LLP-3,ASM3,NP7231,A+,Sparkles,Less Then 30k,South Zone,3,2026,NOSE PIN,1
ANUTEX SHOPPINGMALL LLP-3,ASM3,NP7231,A+,Sparkles,Less Then 30k,South Zone,12,2025,NOSE PIN,1
ANUTEX SHOPPINGMALL LLP-3,ASM3,NP7231,A+,Sparq,Less Then 2k,South Zone,2,2026,NOSE PIN,2
ANUTEX SHOPPINGMALL LLP-3,ASM3,NP7950,A+,Sparkles,Less Then 30k,South Zone,1,2026,NOSE PIN,2
ANUTEX SHOPPINGMALL LLP-3,ASM3,NP7950,A+,Sparkles,Less Then 30k,South Zone,2,2025,NOSE PIN,2
ANUTEX SHOPPINGMALL LLP-3,ASM3,NP7950,A+,Sparkles,Less Then 30k,South Zone,2,2026,NOSE PIN,2
ANUTEX SHOPPINGMALL LLP-3,ASM3,NP7950,A+,Sparkles,Less Then 30k,South Zone,3,2025,NOSE PIN,3
ANUTEX SHOPPINGMALL LLP-3,ASM3,NP7950,A+,Sparkles,Less Then 30k,South Zone,3,2026,NOSE PIN,1
ANUTEX SHOPPINGMALL LLP-3,ASM3,NP7950,A+,Sparkles,Less Then 30k,South Zone,5,2026,NOSE PIN,2
ANUTEX SHOPPINGMALL LLP-3,ASM3,NP7950,A+,Sparkles,Less Then 30k,South Zone,6,2025,NOSE PIN,1
ANUTEX SHOPPINGMALL LLP-3,ASM3,NP7950,A+,Sparkles,Less Then 30k,South Zone,7,2025,NOSE PIN,1
ANUTEX SHOPPINGMALL LLP-3,ASM3,NP7950,A+,Sparkles,Less Then 30k,South Zone,8,2024,NOSE PIN,2
ANUTEX SHOPPINGMALL LLP-3,ASM3,NP7950,A+,Sparkles,Less Then 30k,South Zone,10,2024,NOSE PIN,1
ANUTEX SHOPPINGMALL LLP-3,ASM3,NP7950,A+,Sparkles,Less Then 30k,South Zone,12,2024,NOSE PIN,2
ANUTEX SHOPPINGMALL LLP-3,ASM3,NP7950,A+,Sparkles,Less Then 30k,South Zone,12,2025,NOSE PIN,4
ANUTEX SHOPPINGMALL LLP-3,ASM3,NP7950,A+,Sparq,Less Then 2k,South Zone,2,2026,NOSE PIN,1
ANUTEX SHOPPINGMALL LLP-3,ASM3,NP7951,A+,Sparkles,Less Then 30k,South Zone,1,2026,NOSE PIN,2
ANUTEX SHOPPINGMALL LLP-3,ASM3,NP7951,A+,Sparkles,Less Then 30k,South Zone,2,2026,NOSE PIN,2
ANUTEX SHOPPINGMALL LLP-3,ASM3,NP7951,A+,Sparkles,Less Then 30k,South Zone,3,2026,NOSE PIN,1
ANUTEX SHOPPINGMALL LLP-3,ASM3,NP7951,A+,Sparkles,Less Then 30k,South Zone,4,2025,NOSE PIN,1
ANUTEX SHOPPINGMALL LLP-3,ASM3,NP7951,A+,Sparkles,Less Then 30k,South Zone,4,2026,NOSE PIN,1
ANUTEX SHOPPINGMALL LLP-3,ASM3,NP7951,A+,Sparq,Less Then 2k,South Zone,1,2026,NOSE PIN,2
ANUTEX SHOPPINGMALL LLP-3,ASM3,NP7953,A+,Sparkles,Less Then 30k,South Zone,3,2026,NOSE PIN,1
ANUTEX SHOPPINGMALL LLP-3,ASM3,NP7953,A+,Sparkles,Less Then 30k,South Zone,5,2025,NOSE PIN,3
ANUTEX SHOPPINGMALL LLP-3,ASM3,NP7953,A+,Sparkles,Less Then 30k,South Zone,6,2025,NOSE PIN,1
ANUTEX SHOPPINGMALL LLP-3,ASM3,NP7953,A+,Sparkles,Less Then 30k,South Zone,8,2025,NOSE PIN,1
ANUTEX SHOPPINGMALL LLP-3,ASM3,NP850,A+,Sparkles,Less Then 30k,South Zone,11,2025,NOSE PIN,1
ANUTEX SHOPPINGMALL LLP-3,ASM3,NP8514,A+,Sparkles,Less Then 30k,South Zone,3,2026,NOSE PIN,3
ANUTEX SHOPPINGMALL LLP-3,ASM3,NP8516,A+,Sparkles,Less Then 30k,South Zone,1,2025,NOSE PIN,5
ANUTEX SHOPPINGMALL LLP-3,ASM3,NP8516,A+,Sparkles,Less Then 30k,South Zone,2,2025,NOSE PIN,3
ANUTEX SHOPPINGMALL LLP-3,ASM3,NP8516,A+,Sparkles,Less Then 30k,South Zone,3,2025,NOSE PIN,1
ANUTEX SHOPPINGMALL LLP-3,ASM3,NP8516,A+,Sparkles,Less Then 30k,South Zone,3,2026,NOSE PIN,2
ANUTEX SHOPPINGMALL LLP-3,ASM3,NP8516,A+,Sparkles,Less Then 30k,South Zone,4,2025,NOSE PIN,5
ANUTEX SHOPPINGMALL LLP-3,ASM3,NP8516,A+,Sparkles,Less Then 30k,South Zone,4,2026,NOSE PIN,3
ANUTEX SHOPPINGMALL LLP-3,ASM3,NP8516,A+,Sparkles,Less Then 30k,South Zone,5,2025,NOSE PIN,4
ANUTEX SHOPPINGMALL LLP-3,ASM3,NP8516,A+,Sparkles,Less Then 30k,South Zone,6,2025,NOSE PIN,2
ANUTEX SHOPPINGMALL LLP-3,ASM3,NP8516,A+,Sparkles,Less Then 30k,South Zone,7,2025,NOSE PIN,4
ANUTEX SHOPPINGMALL LLP-3,ASM3,NP8516,A+,Sparkles,Less Then 30k,South Zone,11,2024,NOSE PIN,3
ANUTEX SHOPPINGMALL LLP-3,ASM3,NP8516,A+,Sparkles,Less Then 30k,South Zone,11,2025,NOSE PIN,2
ANUTEX SHOPPINGMALL LLP-3,ASM3,NP8516,A+,Sparkles,Less Then 30k,South Zone,12,2024,NOSE PIN,2
ANUTEX SHOPPINGMALL LLP-3,ASM3,NP8516,A+,Sparkles,Less Then 30k,South Zone,12,2025,NOSE PIN,4
ANUTEX SHOPPINGMALL LLP-3,ASM3,NP8516,A+,Sparq,2k-4k,South Zone,1,2026,NOSE PIN,1
ANUTEX SHOPPINGMALL LLP-3,ASM3,NP8516,A+,Sparq,2k-4k,South Zone,12,2025,NOSE PIN,3
ANUTEX SHOPPINGMALL LLP-3,ASM3,NP8516,A+,Sparq,4k-7k,South Zone,1,2026,NOSE PIN,1
ANUTEX SHOPPINGMALL LLP-3,ASM3,NP8517,A+,Sparkles,Less Then 30k,South Zone,4,2026,NOSE PIN,2
ANUTEX SHOPPINGMALL LLP-3,ASM3,NP8517,A+,Sparkles,Less Then 30k,South Zone,5,2026,NOSE PIN,1
ANUTEX SHOPPINGMALL LLP-3,ASM3,NP8519,A+,Sparkles,Less Then 30k,South Zone,11,2025,NOSE PIN,2
ANUTEX SHOPPINGMALL LLP-3,ASM3,NP8519,A+,Sparkles,Less Then 30k,South Zone,12,2025,NOSE PIN,1
ANUTEX SHOPPINGMALL LLP-3,ASM3,NPA1754,A+,Sparkles,Less Then 30k,South Zone,1,2026,NOSE PIN,3
ANUTEX SHOPPINGMALL LLP-3,ASM3,NPA1754,A+,Sparkles,Less Then 30k,South Zone,3,2025,NOSE PIN,2
ANUTEX SHOPPINGMALL LLP-3,ASM3,NPA1754,A+,Sparkles,Less Then 30k,South Zone,4,2026,NOSE PIN,1
ANUTEX SHOPPINGMALL LLP-3,ASM3,P12476,A+,Sparkles,Less Then 30k,South Zone,4,2026,PENDANT,1
ANUTEX SHOPPINGMALL LLP-3,ASM3,P13636,A+,Sparkles,Less Then 30k,South Zone,11,2025,PENDANT,1
ANUTEX SHOPPINGMALL LLP-3,ASM3,P14393,A+,Sparkles,Less Then 30k,South Zone,5,2026,PENDANT,1
ANUTEX SHOPPINGMALL LLP-3,ASM3,P16302,A+,Sparkles,Less Then 30k,South Zone,5,2025,PENDANT,1
ANUTEX SHOPPINGMALL LLP-3,ASM3,P20075,A+,Sparkles,30k-50k,South Zone,5,2026,PENDANT,1
ANUTEX SHOPPINGMALL LLP-3,ASM3,P20083,A+,Sparq,7k-10k,South Zone,2,2026,PENDANT,1
ANUTEX SHOPPINGMALL LLP-3,ASM3,P20094,A+,Sparq,4k-7k,South Zone,2,2026,PENDANT,2
ANUTEX SHOPPINGMALL LLP-3,ASM3,P20110,A+,Sparq,2k-4k,South Zone,5,2025,PENDANT,1
ANUTEX SHOPPINGMALL LLP-3,ASM3,P20110,A+,Sparq,4k-7k,South Zone,2,2026,PENDANT,1
ANUTEX SHOPPINGMALL LLP-3,ASM3,P20139,A+,Sparkles,30k-50k,South Zone,11,2025,PENDANT,1
ANUTEX SHOPPINGMALL LLP-3,ASM3,P20165,A+,Sparq,2k-4k,South Zone,12,2025,PENDANT,1
ANUTEX SHOPPINGMALL LLP-3,ASM3,P20165,A+,Sparq,4k-7k,South Zone,2,2026,PENDANT,1
ANUTEX SHOPPINGMALL LLP-3,ASM3,P20264,A+,Sparq,10k-15k,South Zone,2,2026,PENDANT,1
ANUTEX SHOPPINGMALL LLP-3,ASM3,P20285,A+,Sparq,10k-15k,South Zone,2,2026,PENDANT,1
ANUTEX SHOPPINGMALL LLP-3,ASM3,P20494,A+,Sparq,Less Then 2k,South Zone,2,2026,PENDANT,1
ANUTEX SHOPPINGMALL LLP-3,ASM3,P22001,A+,Sparq,Less Then 2k,South Zone,2,2026,PENDANT,1
ANUTEX SHOPPINGMALL LLP-3,ASM3,P2291,A+,Sparkles,30k-50k,South Zone,9,2024,PENDANT,1
ANUTEX SHOPPINGMALL LLP-3,ASM3,P6255,A+,Sparkles,Less Then 30k,South Zone,4,2026,PENDANT,1
ANUTEX SHOPPINGMALL LLP-3,ASM3,PN20446,A+,Sparq,7k-10k,South Zone,1,2026,PENDANT,1
ANUTEX SHOPPINGMALL LLP-3,ASM3,PN20449,A+,Sparq,7k-10k,South Zone,12,2025,PENDANT,1
ANUTEX SHOPPINGMALL LLP-3,ASM3,PXR7606,A+,Sparkles,Less Then 30k,South Zone,12,2025,RING,1
ANUTEX SHOPPINGMALL LLP-3,ASM3,PXR7610,A+,Sparkles,Less Then 30k,South Zone,5,2025,RING,1
ANUTEX SHOPPINGMALL LLP-3,ASM3,PXR7625,A+,Sparkles,30k-50k,South Zone,4,2026,RING,1
ANUTEX SHOPPINGMALL LLP-3,ASM3,PXR7630,A+,Sparkles,Less Then 30k,South Zone,2,2026,RING,1
ANUTEX SHOPPINGMALL LLP-3,ASM3,R10141,A+,Sparkles,30k-50k,South Zone,4,2025,RING,1
ANUTEX SHOPPINGMALL LLP-3,ASM3,R10141,A+,Sparkles,30k-50k,South Zone,7,2024,RING,1
ANUTEX SHOPPINGMALL LLP-3,ASM3,R10153,A+,Sparkles,Less Then 30k,South Zone,1,2026,RING,1
ANUTEX SHOPPINGMALL LLP-3,ASM3,R10153,A+,Sparkles,Less Then 30k,South Zone,2,2026,RING,1
ANUTEX SHOPPINGMALL LLP-3,ASM3,R10153,A+,Sparkles,Less Then 30k,South Zone,5,2025,RING,1
ANUTEX SHOPPINGMALL LLP-3,ASM3,R10153,A+,Sparkles,Less Then 30k,South Zone,12,2025,RING,2
ANUTEX SHOPPINGMALL LLP-3,ASM3,R10219,A+,Sparkles,Less Then 30k,South Zone,6,2025,RING,1
ANUTEX SHOPPINGMALL LLP-3,ASM3,R10297,A+,Sparkles,Less Then 30k,South Zone,3,2026,RING,1
ANUTEX SHOPPINGMALL LLP-3,ASM3,R10297,A+,Sparkles,Less Then 30k,South Zone,5,2026,RING,1
ANUTEX SHOPPINGMALL LLP-3,ASM3,R10383,A+,Sparkles,Less Then 30k,South Zone,5,2025,RING,1
ANUTEX SHOPPINGMALL LLP-3,ASM3,R10669,A+,Sparkles,30k-50k,South Zone,4,2025,RING,1
ANUTEX SHOPPINGMALL LLP-3,ASM3,R10698,A+,Sparkles,Less Then 30k,South Zone,4,2026,RING,1
ANUTEX SHOPPINGMALL LLP-3,ASM3,R10705,A+,Sparkles,30k-50k,South Zone,3,2025,RING,1
ANUTEX SHOPPINGMALL LLP-3,ASM3,R10706,A+,Sparkles,30k-50k,South Zone,1,2026,RING,1
ANUTEX SHOPPINGMALL LLP-3,ASM3,R10712,A+,Sparkles,30k-50k,South Zone,5,2026,RING,1
ANUTEX SHOPPINGMALL LLP-3,ASM3,R10783,A+,Sparkles,Less Then 30k,South Zone,2,2025,RING,1
ANUTEX SHOPPINGMALL LLP-3,ASM3,R10783,A+,Sparkles,Less Then 30k,South Zone,4,2026,RING,1
ANUTEX SHOPPINGMALL LLP-3,ASM3,R10830,A+,Sparkles,Less Then 30k,South Zone,1,2026,RING,1
ANUTEX SHOPPINGMALL LLP-3,ASM3,R10856,A+,Sparkles,Less Then 30k,South Zone,2,2025,RING,1
ANUTEX SHOPPINGMALL LLP-3,ASM3,R10856,A+,Sparkles,Less Then 30k,South Zone,2,2026,RING,1
ANUTEX SHOPPINGMALL LLP-3,ASM3,R10856,A+,Sparkles,Less Then 30k,South Zone,4,2026,RING,1
ANUTEX SHOPPINGMALL LLP-3,ASM3,R10856,A+,Sparkles,Less Then 30k,South Zone,12,2024,RING,1
ANUTEX SHOPPINGMALL LLP-3,ASM3,R10958,A+,Sparkles,30k-50k,South Zone,1,2026,RING,1
ANUTEX SHOPPINGMALL LLP-3,ASM3,R10958,A+,Sparkles,30k-50k,South Zone,12,2025,RING,1
ANUTEX SHOPPINGMALL LLP-3,ASM3,R10958,A+,Sparkles,Less Then 30k,South Zone,3,2025,RING,1
ANUTEX SHOPPINGMALL LLP-3,ASM3,R10958,A+,Sparkles,Less Then 30k,South Zone,4,2025,RING,1
ANUTEX SHOPPINGMALL LLP-3,ASM3,R10958,A+,Sparkles,Less Then 30k,South Zone,4,2026,RING,1
ANUTEX SHOPPINGMALL LLP-3,ASM3,R10984,A+,Sparkles,Less Then 30k,South Zone,5,2026,RING,1
ANUTEX SHOPPINGMALL LLP-3,ASM3,R10991,A+,Sparkles,Less Then 30k,South Zone,1,2026,RING,1
ANUTEX SHOPPINGMALL LLP-3,ASM3,R10991,A+,Sparkles,Less Then 30k,South Zone,12,2025,RING,1
ANUTEX SHOPPINGMALL LLP-3,ASM3,R11756,A+,Sparkles,50k-75k,South Zone,5,2026,RING,1
ANUTEX SHOPPINGMALL LLP-3,ASM3,R11930,A+,Sparkles,Less Then 30k,South Zone,1,2026,RING,1
ANUTEX SHOPPINGMALL LLP-3,ASM3,R11930,A+,Sparkles,Less Then 30k,South Zone,2,2025,RING,1
ANUTEX SHOPPINGMALL LLP-3,ASM3,R11930,A+,Sparkles,Less Then 30k,South Zone,3,2025,RING,1
ANUTEX SHOPPINGMALL LLP-3,ASM3,R11930,A+,Sparq,10k-15k,South Zone,12,2025,RING,1
ANUTEX SHOPPINGMALL LLP-3,ASM3,R11993,A+,Sparkles,30k-50k,South Zone,3,2026,RING,1
ANUTEX SHOPPINGMALL LLP-3,ASM3,R12052,A+,Sparkles,30k-50k,South Zone,8,2024,RING,1
ANUTEX SHOPPINGMALL LLP-3,ASM3,R12052,A+,Sparkles,30k-50k,South Zone,9,2024,RING,1
ANUTEX SHOPPINGMALL LLP-3,ASM3,R12186,A+,Sparkles,30k-50k,South Zone,4,2026,RING,1
ANUTEX SHOPPINGMALL LLP-3,ASM3,R12367,A+,Sparkles,30k-50k,South Zone,5,2026,RING,1
ANUTEX SHOPPINGMALL LLP-3,ASM3,R12375,A+,Sparkles,30k-50k,South Zone,10,2024,RING,1
ANUTEX SHOPPINGMALL LLP-3,ASM3,R12377,A+,Sparkles,30k-50k,South Zone,2,2026,RING,1
ANUTEX SHOPPINGMALL LLP-3,ASM3,R12377,A+,Sparkles,30k-50k,South Zone,4,2026,RING,1
ANUTEX SHOPPINGMALL LLP-3,ASM3,R12377,A+,Sparkles,Less Then 30k,South Zone,8,2024,RING,1
ANUTEX SHOPPINGMALL LLP-3,ASM3,R12384,A+,Sparkles,Less Then 30k,South Zone,12,2025,RING,1
ANUTEX SHOPPINGMALL LLP-3,ASM3,R12416,A+,Sparkles,30k-50k,South Zone,5,2026,RING,1
ANUTEX SHOPPINGMALL LLP-3,ASM3,R12420,A+,Sparkles,30k-50k,South Zone,12,2024,RING,1
ANUTEX SHOPPINGMALL LLP-3,ASM3,R12754,A+,Sparkles,30k-50k,South Zone,5,2025,RING,1
ANUTEX SHOPPINGMALL LLP-3,ASM3,R12837,A+,Sparkles,50k-75k,South Zone,3,2025,RING,1
ANUTEX SHOPPINGMALL LLP-3,ASM3,R13057,A+,Sparkles,30k-50k,South Zone,12,2024,RING,1
ANUTEX SHOPPINGMALL LLP-3,ASM3,R1327,A+,Sparkles,Less Then 30k,South Zone,2,2026,RING,1
ANUTEX SHOPPINGMALL LLP-3,ASM3,R1327,A+,Sparkles,Less Then 30k,South Zone,12,2025,RING,1
ANUTEX SHOPPINGMALL LLP-3,ASM3,R13650,A+,Sparkles,30k-50k,South Zone,4,2026,RING,1
ANUTEX SHOPPINGMALL LLP-3,ASM3,R13650,A+,Sparkles,30k-50k,South Zone,5,2025,RING,1
ANUTEX SHOPPINGMALL LLP-3,ASM3,R13650,A+,Sparkles,30k-50k,South Zone,10,2024,RING,1
ANUTEX SHOPPINGMALL LLP-3,ASM3,R14107,A+,Sparkles,30k-50k,South Zone,12,2025,RING,1
ANUTEX SHOPPINGMALL LLP-3,ASM3,R14107,A+,Sparkles,Less Then 30k,South Zone,2,2025,RING,1
ANUTEX SHOPPINGMALL LLP-3,ASM3,R14120,A+,Sparkles,30k-50k,South Zone,3,2025,RING,1
ANUTEX SHOPPINGMALL LLP-3,ASM3,R14120,A+,Sparkles,30k-50k,South Zone,8,2024,RING,1
ANUTEX SHOPPINGMALL LLP-3,ASM3,R14121,A+,Sparkles,50k-75k,South Zone,4,2025,RING,1
ANUTEX SHOPPINGMALL LLP-3,ASM3,R14127,A+,Sparkles,30k-50k,South Zone,6,2024,RING,1
ANUTEX SHOPPINGMALL LLP-3,ASM3,R14129,A+,Sparkles,50k-75k,South Zone,7,2024,RING,1
ANUTEX SHOPPINGMALL LLP-3,ASM3,R14130,A+,Sparkles,50k-75k,South Zone,4,2025,RING,1
ANUTEX SHOPPINGMALL LLP-3,ASM3,R14135,A+,Sparkles,30k-50k,South Zone,6,2024,RING,1
ANUTEX SHOPPINGMALL LLP-3,ASM3,R14135,A+,Sparkles,50k-75k,South Zone,8,2024,RING,1
ANUTEX SHOPPINGMALL LLP-3,ASM3,R14137,A+,Sparkles,Less Then 30k,South Zone,11,2024,RING,1
ANUTEX SHOPPINGMALL LLP-3,ASM3,R14177,A+,Sparkles,30k-50k,South Zone,11,2024,RING,1
ANUTEX SHOPPINGMALL LLP-3,ASM3,R14178,A+,Sparkles,30k-50k,South Zone,12,2024,RING,1
ANUTEX SHOPPINGMALL LLP-3,ASM3,R14184,A+,Sparkles,30k-50k,South Zone,8,2025,RING,1
ANUTEX SHOPPINGMALL LLP-3,ASM3,R14184,A+,Sparkles,Less Then 30k,South Zone,10,2024,RING,1
ANUTEX SHOPPINGMALL LLP-3,ASM3,R14185,A+,Sparkles,30k-50k,South Zone,9,2024,RING,1
ANUTEX SHOPPINGMALL LLP-3,ASM3,R14188,A+,Sparkles,30k-50k,South Zone,12,2024,RING,1
ANUTEX SHOPPINGMALL LLP-3,ASM3,R14193,A+,Sparkles,30k-50k,South Zone,1,2026,RING,1
ANUTEX SHOPPINGMALL LLP-3,ASM3,R14200,A+,Sparkles,30k-50k,South Zone,4,2026,RING,1
ANUTEX SHOPPINGMALL LLP-3,ASM3,R14279,A+,Sparkles,30k-50k,South Zone,5,2025,RING,1
ANUTEX SHOPPINGMALL LLP-3,ASM3,R14294,A+,Sparkles,30k-50k,South Zone,4,2026,RING,1
ANUTEX SHOPPINGMALL LLP-3,ASM3,R14296,A+,Sparkles,Less Then 30k,South Zone,2,2025,RING,1
ANUTEX SHOPPINGMALL LLP-3,ASM3,R14296,A+,Sparkles,Less Then 30k,South Zone,12,2025,RING,2
ANUTEX SHOPPINGMALL LLP-3,ASM3,R14316,A+,Sparkles,50k-75k,South Zone,4,2026,RING,1
ANUTEX SHOPPINGMALL LLP-3,ASM3,R14317,A+,Sparkles,50k-75k,South Zone,3,2025,RING,1
ANUTEX SHOPPINGMALL LLP-3,ASM3,R14338,A+,Sparkles,30k-50k,South Zone,4,2026,RING,1
ANUTEX SHOPPINGMALL LLP-3,ASM3,R14347,A+,Sparkles,Less Then 30k,South Zone,8,2025,RING,1
ANUTEX SHOPPINGMALL LLP-3,ASM3,R14354,A+,Sparkles,Less Then 30k,South Zone,2,2026,RING,1
ANUTEX SHOPPINGMALL LLP-3,ASM3,R14354,A+,Sparkles,Less Then 30k,South Zone,4,2026,RING,1
ANUTEX SHOPPINGMALL LLP-3,ASM3,R14366,A+,Sparkles,Less Then 30k,South Zone,4,2026,RING,1
ANUTEX SHOPPINGMALL LLP-3,ASM3,R14457,A+,Sparkles,30k-50k,South Zone,4,2026,RING,1
ANUTEX SHOPPINGMALL LLP-3,ASM3,R14481,A+,Sparkles,30k-50k,South Zone,6,2025,RING,1
ANUTEX SHOPPINGMALL LLP-3,ASM3,R14504,A+,Sparq,10k-15k,South Zone,2,2026,RING,1
ANUTEX SHOPPINGMALL LLP-3,ASM3,R14504,A+,Sparq,10k-15k,South Zone,12,2025,RING,1
ANUTEX SHOPPINGMALL LLP-3,ASM3,R14505,A+,Sparq,10k-15k,South Zone,1,2026,RING,1
ANUTEX SHOPPINGMALL LLP-3,ASM3,R14509,A+,Sparq,7k-10k,South Zone,5,2025,RING,1
ANUTEX SHOPPINGMALL LLP-3,ASM3,R14510,A+,Sparq,4k-7k,South Zone,2,2026,RING,3
ANUTEX SHOPPINGMALL LLP-3,ASM3,R14510,A+,Sparq,4k-7k,South Zone,12,2025,RING,1
ANUTEX SHOPPINGMALL LLP-3,ASM3,R14511,A+,Sparq,4k-7k,South Zone,12,2025,RING,1
ANUTEX SHOPPINGMALL LLP-3,ASM3,R14513,A+,Sparq,4k-7k,South Zone,4,2026,RING,1
ANUTEX SHOPPINGMALL LLP-3,ASM3,R14513,A+,Sparq,4k-7k,South Zone,5,2025,RING,1
ANUTEX SHOPPINGMALL LLP-3,ASM3,R14513,A+,Sparq,7k-10k,South Zone,2,2026,RING,1
ANUTEX SHOPPINGMALL LLP-3,ASM3,R14514,A+,Sparq,4k-7k,South Zone,1,2026,RING,1
ANUTEX SHOPPINGMALL LLP-3,ASM3,R14514,A+,Sparq,4k-7k,South Zone,5,2025,RING,1
ANUTEX SHOPPINGMALL LLP-3,ASM3,R14516,A+,Sparq,15k-25k,South Zone,2,2026,RING,1
ANUTEX SHOPPINGMALL LLP-3,ASM3,R14517,A+,Sparq,7k-10k,South Zone,2,2026,RING,1
ANUTEX SHOPPINGMALL LLP-3,ASM3,R14518,A+,Sparq,15k-25k,South Zone,2,2026,RING,1
ANUTEX SHOPPINGMALL LLP-3,ASM3,R14520,A+,Sparq,15k-25k,South Zone,2,2026,RING,1
ANUTEX SHOPPINGMALL LLP-3,ASM3,R14521,A+,Sparq,15k-25k,South Zone,2,2026,RING,1
ANUTEX SHOPPINGMALL LLP-3,ASM3,R14522,A+,Sparq,4k-7k,South Zone,1,2026,RING,1
ANUTEX SHOPPINGMALL LLP-3,ASM3,R14522,A+,Sparq,4k-7k,South Zone,5,2025,RING,1
ANUTEX SHOPPINGMALL LLP-3,ASM3,R14522,A+,Sparq,4k-7k,South Zone,5,2026,RING,1
ANUTEX SHOPPINGMALL LLP-3,ASM3,R14522,A+,Sparq,4k-7k,South Zone,12,2025,RING,2
ANUTEX SHOPPINGMALL LLP-3,ASM3,R14523,A+,Sparq,7k-10k,South Zone,5,2025,RING,1
ANUTEX SHOPPINGMALL LLP-3,ASM3,R14524,A+,Sparq,7k-10k,South Zone,12,2025,RING,1
ANUTEX SHOPPINGMALL LLP-3,ASM3,R14525,A+,Sparq,4k-7k,South Zone,3,2026,RING,1
ANUTEX SHOPPINGMALL LLP-3,ASM3,R14532,A+,Sparq,15k-25k,South Zone,2,2026,RING,1
ANUTEX SHOPPINGMALL LLP-3,ASM3,R14532,A+,Sparq,15k-25k,South Zone,12,2025,RING,1
ANUTEX SHOPPINGMALL LLP-3,ASM3,R14536,A+,Sparq,4k-7k,South Zone,5,2025,RING,1
ANUTEX SHOPPINGMALL LLP-3,ASM3,R14536,A+,Sparq,7k-10k,South Zone,2,2026,RING,1
ANUTEX SHOPPINGMALL LLP-3,ASM3,R14540,A+,Sparq,4k-7k,South Zone,5,2025,RING,1
ANUTEX SHOPPINGMALL LLP-3,ASM3,R14540,A+,Sparq,7k-10k,South Zone,2,2026,RING,1
ANUTEX SHOPPINGMALL LLP-3,ASM3,R14540,A+,Sparq,7k-10k,South Zone,12,2025,RING,1
ANUTEX SHOPPINGMALL LLP-3,ASM3,R14541,A+,Sparq,10k-15k,South Zone,12,2025,RING,1
ANUTEX SHOPPINGMALL LLP-3,ASM3,R14549,A+,Sparkles,30k-50k,South Zone,4,2026,RING,1
ANUTEX SHOPPINGMALL LLP-3,ASM3,R14549,A+,Sparkles,Less Then 30k,South Zone,2,2026,RING,1
ANUTEX SHOPPINGMALL LLP-3,ASM3,R14554,A+,Sparq,10k-15k,South Zone,1,2026,RING,1
ANUTEX SHOPPINGMALL LLP-3,ASM3,R14556,A+,Sparq,4k-7k,South Zone,12,2025,RING,2
ANUTEX SHOPPINGMALL LLP-3,ASM3,R14559,A+,Sparq,4k-7k,South Zone,5,2025,RING,1
ANUTEX SHOPPINGMALL LLP-3,ASM3,R14559,A+,Sparq,7k-10k,South Zone,2,2026,RING,1
ANUTEX SHOPPINGMALL LLP-3,ASM3,R14576,A+,Sparkles,30k-50k,South Zone,1,2026,RING,1
ANUTEX SHOPPINGMALL LLP-3,ASM3,R14586,A+,Sparkles,30k-50k,South Zone,5,2025,RING,1
ANUTEX SHOPPINGMALL LLP-3,ASM3,R14605,A+,Sparkles,30k-50k,South Zone,7,2025,RING,1
ANUTEX SHOPPINGMALL LLP-3,ASM3,R14608,A+,Sparkles,30k-50k,South Zone,5,2026,RING,1
ANUTEX SHOPPINGMALL LLP-3,ASM3,R14637,A+,Sparkles,30k-50k,South Zone,4,2026,RING,1
ANUTEX SHOPPINGMALL LLP-3,ASM3,R14639,A+,Sparkles,Less Then 30k,South Zone,12,2025,RING,1
ANUTEX SHOPPINGMALL LLP-3,ASM3,R14652,A+,Sparkles,30k-50k,South Zone,7,2025,RING,1
ANUTEX SHOPPINGMALL LLP-3,ASM3,R14659,A+,Sparq,7k-10k,South Zone,12,2025,RING,1
ANUTEX SHOPPINGMALL LLP-3,ASM3,R14660,A+,Sparq,15k-25k,South Zone,2,2026,RING,1
ANUTEX SHOPPINGMALL LLP-3,ASM3,R14663,A+,Sparq,2k-4k,South Zone,2,2026,RING,1
ANUTEX SHOPPINGMALL LLP-3,ASM3,R14663,A+,Sparq,2k-4k,South Zone,12,2025,RING,2
ANUTEX SHOPPINGMALL LLP-3,ASM3,R14665,A+,Sparq,2k-4k,South Zone,2,2026,RING,2
ANUTEX SHOPPINGMALL LLP-3,ASM3,R14667,A+,Sparq,2k-4k,South Zone,2,2026,RING,2
ANUTEX SHOPPINGMALL LLP-3,ASM3,R14668,A+,Sparq,2k-4k,South Zone,2,2026,RING,1
ANUTEX SHOPPINGMALL LLP-3,ASM3,R14668,A+,Sparq,2k-4k,South Zone,12,2025,RING,1
ANUTEX SHOPPINGMALL LLP-3,ASM3,R14669,A+,Sparq,2k-4k,South Zone,2,2026,RING,2
ANUTEX SHOPPINGMALL LLP-3,ASM3,R14669,A+,Sparq,2k-4k,South Zone,12,2025,RING,2
ANUTEX SHOPPINGMALL LLP-3,ASM3,R14671,A+,Sparq,4k-7k,South Zone,4,2026,RING,1
ANUTEX SHOPPINGMALL LLP-3,ASM3,R14672,A+,Sparq,4k-7k,South Zone,2,2026,RING,1
ANUTEX SHOPPINGMALL LLP-3,ASM3,R14673,A+,Sparq,4k-7k,South Zone,2,2026,RING,3
ANUTEX SHOPPINGMALL LLP-3,ASM3,R14673,A+,Sparq,4k-7k,South Zone,11,2025,RING,1
ANUTEX SHOPPINGMALL LLP-3,ASM3,R14676,A+,Sparq,4k-7k,South Zone,12,2025,RING,3
ANUTEX SHOPPINGMALL LLP-3,ASM3,R14678,A+,Sparq,4k-7k,South Zone,2,2026,RING,1
ANUTEX SHOPPINGMALL LLP-3,ASM3,R14688,A+,Sparq,7k-10k,South Zone,2,2026,RING,1
ANUTEX SHOPPINGMALL LLP-3,ASM3,R14689,A+,Sparq,10k-15k,South Zone,11,2025,RING,1
ANUTEX SHOPPINGMALL LLP-3,ASM3,R14689,A+,Sparq,7k-10k,South Zone,2,2026,RING,1
ANUTEX SHOPPINGMALL LLP-3,ASM3,R14689,A+,Sparq,7k-10k,South Zone,12,2025,RING,1
ANUTEX SHOPPINGMALL LLP-3,ASM3,R14692,A+,Sparq,10k-15k,South Zone,1,2026,RING,1
ANUTEX SHOPPINGMALL LLP-3,ASM3,R14692,A+,Sparq,10k-15k,South Zone,12,2025,RING,1
ANUTEX SHOPPINGMALL LLP-3,ASM3,R14692,A+,Sparq,7k-10k,South Zone,2,2026,RING,1
ANUTEX SHOPPINGMALL LLP-3,ASM3,R14694,A+,Sparq,7k-10k,South Zone,12,2025,RING,1
ANUTEX SHOPPINGMALL LLP-3,ASM3,R14699,A+,Sparq,10k-15k,South Zone,12,2025,RING,1
ANUTEX SHOPPINGMALL LLP-3,ASM3,R14715,A+,Sparkles,Less Then 30k,South Zone,7,2025,RING,1
ANUTEX SHOPPINGMALL LLP-3,ASM3,R14749,A+,Sparkles,Less Then 30k,South Zone,4,2026,RING,1
ANUTEX SHOPPINGMALL LLP-3,ASM3,R14749,A+,Sparkles,Less Then 30k,South Zone,8,2025,RING,1
ANUTEX SHOPPINGMALL LLP-3,ASM3,R14749,A+,Sparkles,Less Then 30k,South Zone,11,2025,RING,1
ANUTEX SHOPPINGMALL LLP-3,ASM3,R14750,A+,Sparkles,Less Then 30k,South Zone,2,2026,RING,2
ANUTEX SHOPPINGMALL LLP-3,ASM3,R14750,A+,Sparkles,Less Then 30k,South Zone,7,2025,RING,2
ANUTEX SHOPPINGMALL LLP-3,ASM3,R14750,A+,Sparkles,Less Then 30k,South Zone,11,2025,RING,1
ANUTEX SHOPPINGMALL LLP-3,ASM3,R14752,A+,Sparkles,Less Then 30k,South Zone,2,2026,RING,1
ANUTEX SHOPPINGMALL LLP-3,ASM3,R14752,A+,Sparkles,Less Then 30k,South Zone,4,2026,RING,1
ANUTEX SHOPPINGMALL LLP-3,ASM3,R14752,A+,Sparkles,Less Then 30k,South Zone,12,2025,RING,1
ANUTEX SHOPPINGMALL LLP-3,ASM3,R14753,A+,Sparkles,Less Then 30k,South Zone,1,2026,RING,1
ANUTEX SHOPPINGMALL LLP-3,ASM3,R14753,A+,Sparkles,Less Then 30k,South Zone,4,2026,RING,1
ANUTEX SHOPPINGMALL LLP-3,ASM3,R14755,A+,Sparkles,Less Then 30k,South Zone,8,2025,RING,1
ANUTEX SHOPPINGMALL LLP-3,ASM3,R14770,A+,Sparq,10k-15k,South Zone,2,2026,RING,1
ANUTEX SHOPPINGMALL LLP-3,ASM3,R14772,A+,Sparq,4k-7k,South Zone,1,2026,RING,1
ANUTEX SHOPPINGMALL LLP-3,ASM3,R14773,A+,Sparq,4k-7k,South Zone,2,2026,RING,2
ANUTEX SHOPPINGMALL LLP-3,ASM3,R14773,A+,Sparq,4k-7k,South Zone,12,2025,RING,3
ANUTEX SHOPPINGMALL LLP-3,ASM3,R14775,A+,Sparq,7k-10k,South Zone,2,2026,RING,1
ANUTEX SHOPPINGMALL LLP-3,ASM3,R14776,A+,Sparq,7k-10k,South Zone,1,2026,RING,3
ANUTEX SHOPPINGMALL LLP-3,ASM3,R14776,A+,Sparq,7k-10k,South Zone,4,2026,RING,1
ANUTEX SHOPPINGMALL LLP-3,ASM3,R14776,A+,Sparq,7k-10k,South Zone,5,2026,RING,1
ANUTEX SHOPPINGMALL LLP-3,ASM3,R14776,A+,Sparq,7k-10k,South Zone,12,2025,RING,1
ANUTEX SHOPPINGMALL LLP-3,ASM3,R14912,A+,Sparkles,Less Then 30k,South Zone,1,2026,RING,1
ANUTEX SHOPPINGMALL LLP-3,ASM3,R14913,A+,Sparkles,Less Then 30k,South Zone,2,2026,RING,1
ANUTEX SHOPPINGMALL LLP-3,ASM3,R14914,A+,Sparkles,Less Then 30k,South Zone,2,2026,RING,1
ANUTEX SHOPPINGMALL LLP-3,ASM3,R14915,A+,Sparkles,Less Then 30k,South Zone,12,2025,RING,1
ANUTEX SHOPPINGMALL LLP-3,ASM3,R14916,A+,Sparkles,Less Then 30k,South Zone,2,2026,RING,1
ANUTEX SHOPPINGMALL LLP-3,ASM3,R14917,A+,Sparkles,Less Then 30k,South Zone,2,2026,RING,1
ANUTEX SHOPPINGMALL LLP-3,ASM3,R14917,A+,Sparkles,Less Then 30k,South Zone,4,2026,RING,1
ANUTEX SHOPPINGMALL LLP-3,ASM3,R14917,A+,Sparkles,Less Then 30k,South Zone,12,2025,RING,1
ANUTEX SHOPPINGMALL LLP-3,ASM3,R14918,A+,Sparkles,Less Then 30k,South Zone,2,2026,RING,1
ANUTEX SHOPPINGMALL LLP-3,ASM3,R14934,A+,Sparkles,Less Then 30k,South Zone,3,2026,RING,1
ANUTEX SHOPPINGMALL LLP-3,ASM3,R14934,A+,Sparkles,Less Then 30k,South Zone,12,2025,RING,1
ANUTEX SHOPPINGMALL LLP-3,ASM3,R14936,A+,Sparkles,30k-50k,South Zone,2,2026,RING,1
ANUTEX SHOPPINGMALL LLP-3,ASM3,R14936,A+,Sparkles,Less Then 30k,South Zone,2,2026,RING,1
ANUTEX SHOPPINGMALL LLP-3,ASM3,R14937,A+,Sparkles,Less Then 30k,South Zone,3,2026,RING,1
ANUTEX SHOPPINGMALL LLP-3,ASM3,R15008,A+,Sparq,7k-10k,South Zone,2,2026,RING,1
ANUTEX SHOPPINGMALL LLP-3,ASM3,R15010,A+,Sparq,7k-10k,South Zone,2,2026,RING,1
ANUTEX SHOPPINGMALL LLP-3,ASM3,R15042,A+,Sparq,7k-10k,South Zone,2,2026,RING,1
ANUTEX SHOPPINGMALL LLP-3,ASM3,R15049,A+,Sparq,4k-7k,South Zone,2,2026,RING,4
ANUTEX SHOPPINGMALL LLP-3,ASM3,R15055,A+,Sparq,4k-7k,South Zone,2,2026,RING,4
ANUTEX SHOPPINGMALL LLP-3,ASM3,R15056,A+,Sparq,4k-7k,South Zone,2,2026,RING,1
ANUTEX SHOPPINGMALL LLP-3,ASM3,R15057,A+,Sparq,4k-7k,South Zone,2,2026,RING,1
ANUTEX SHOPPINGMALL LLP-3,ASM3,R15059,A+,Sparq,7k-10k,South Zone,2,2026,RING,1
ANUTEX SHOPPINGMALL LLP-3,ASM3,R15102,A+,Sparq,7k-10k,South Zone,4,2026,RING,1
ANUTEX SHOPPINGMALL LLP-3,ASM3,R15103,A+,Sparq,7k-10k,South Zone,4,2026,RING,1
ANUTEX SHOPPINGMALL LLP-3,ASM3,R15164,A+,Sparq,4k-7k,South Zone,3,2026,RING,1
ANUTEX SHOPPINGMALL LLP-3,ASM3,R19644,A+,Sparq,4k-7k,South Zone,11,2025,RING,1
ANUTEX SHOPPINGMALL LLP-3,ASM3,R19644,A+,Sparq,4k-7k,South Zone,12,2025,RING,3
ANUTEX SHOPPINGMALL LLP-3,ASM3,R19651,A+,Sparq,4k-7k,South Zone,11,2025,RING,1
ANUTEX SHOPPINGMALL LLP-3,ASM3,R19651,A+,Sparq,4k-7k,South Zone,12,2025,RING,3
ANUTEX SHOPPINGMALL LLP-3,ASM3,R19656,A+,Sparq,7k-10k,South Zone,2,2026,RING,1
ANUTEX SHOPPINGMALL LLP-3,ASM3,R19656,A+,Sparq,7k-10k,South Zone,12,2025,RING,1
ANUTEX SHOPPINGMALL LLP-3,ASM3,R19685,A+,Sparq,7k-10k,South Zone,2,2026,RING,1
ANUTEX SHOPPINGMALL LLP-3,ASM3,R19685,A+,Sparq,7k-10k,South Zone,12,2025,RING,2
ANUTEX SHOPPINGMALL LLP-3,ASM3,R19695,A+,Sparq,4k-7k,South Zone,2,2026,RING,1
ANUTEX SHOPPINGMALL LLP-3,ASM3,R19695,A+,Sparq,4k-7k,South Zone,12,2025,RING,1
ANUTEX SHOPPINGMALL LLP-3,ASM3,R19695,A+,Sparq,7k-10k,South Zone,1,2026,RING,1
ANUTEX SHOPPINGMALL LLP-3,ASM3,R19695,A+,Sparq,7k-10k,South Zone,2,2026,RING,2
ANUTEX SHOPPINGMALL LLP-3,ASM3,R20239,A+,Sparq,4k-7k,South Zone,12,2025,RING,2
ANUTEX SHOPPINGMALL LLP-3,ASM3,R20246,A+,Sparq,7k-10k,South Zone,2,2026,RING,1
ANUTEX SHOPPINGMALL LLP-3,ASM3,R20247,A+,Sparq,4k-7k,South Zone,3,2026,RING,1
ANUTEX SHOPPINGMALL LLP-3,ASM3,R20248,A+,Sparq,7k-10k,South Zone,2,2026,RING,1
ANUTEX SHOPPINGMALL LLP-3,ASM3,R20249,A+,Sparq,4k-7k,South Zone,11,2025,RING,2
ANUTEX SHOPPINGMALL LLP-3,ASM3,R20249,A+,Sparq,4k-7k,South Zone,12,2025,RING,3
ANUTEX SHOPPINGMALL LLP-3,ASM3,R20257,A+,Sparq,2k-4k,South Zone,12,2025,RING,1
ANUTEX SHOPPINGMALL LLP-3,ASM3,R20257,A+,Sparq,4k-7k,South Zone,2,2026,RING,3
ANUTEX SHOPPINGMALL LLP-3,ASM3,R20257,A+,Sparq,4k-7k,South Zone,12,2025,RING,2
ANUTEX SHOPPINGMALL LLP-3,ASM3,R20262,A+,Sparq,7k-10k,South Zone,12,2025,RING,1
ANUTEX SHOPPINGMALL LLP-3,ASM3,R20263,A+,Sparq,7k-10k,South Zone,2,2026,RING,1
ANUTEX SHOPPINGMALL LLP-3,ASM3,R20264,A+,Sparq,10k-15k,South Zone,12,2025,RING,1
ANUTEX SHOPPINGMALL LLP-3,ASM3,R20269,A+,Sparq,10k-15k,South Zone,12,2025,RING,1
ANUTEX SHOPPINGMALL LLP-3,ASM3,R20275,A+,Sparq,7k-10k,South Zone,12,2025,RING,2
ANUTEX SHOPPINGMALL LLP-3,ASM3,R20283,A+,Sparq,7k-10k,South Zone,4,2026,RING,1
ANUTEX SHOPPINGMALL LLP-3,ASM3,R20284,A+,Sparq,10k-15k,South Zone,2,2026,RING,1
ANUTEX SHOPPINGMALL LLP-3,ASM3,R20285,A+,Sparq,10k-15k,South Zone,1,2026,RING,1
ANUTEX SHOPPINGMALL LLP-3,ASM3,R20297,A+,Sparkles,Less Then 30k,South Zone,4,2026,RING,1
ANUTEX SHOPPINGMALL LLP-3,ASM3,R25109,A+,Sparkles,50k-75k,South Zone,9,2024,RING,1
ANUTEX SHOPPINGMALL LLP-3,ASM3,R2805,A+,Sparkles,30k-50k,South Zone,5,2026,RING,1
ANUTEX SHOPPINGMALL LLP-3,ASM3,R2805,A+,Sparkles,Less Then 30k,South Zone,12,2025,RING,1
ANUTEX SHOPPINGMALL LLP-3,ASM3,R3435,A+,Sparkles,Less Then 30k,South Zone,11,2025,RING,1
ANUTEX SHOPPINGMALL LLP-3,ASM3,R3941,A+,Sparq,15k-25k,South Zone,2,2026,RING,1
ANUTEX SHOPPINGMALL LLP-3,ASM3,R4232,A+,Sparq,4k-7k,South Zone,3,2026,RING,1
ANUTEX SHOPPINGMALL LLP-3,ASM3,R4232,A+,Sparq,4k-7k,South Zone,12,2025,RING,1
ANUTEX SHOPPINGMALL LLP-3,ASM3,R4232,A+,Sparq,7k-10k,South Zone,12,2025,RING,1
ANUTEX SHOPPINGMALL LLP-3,ASM3,R425,A+,Sparkles,Less Then 30k,South Zone,4,2025,RING,1
ANUTEX SHOPPINGMALL LLP-3,ASM3,R425,A+,Sparkles,Less Then 30k,South Zone,6,2025,RING,1
ANUTEX SHOPPINGMALL LLP-3,ASM3,R425,A+,Sparkles,Less Then 30k,South Zone,7,2025,RING,1
ANUTEX SHOPPINGMALL LLP-3,ASM3,R425,A+,Sparq,4k-7k,South Zone,5,2026,RING,1
ANUTEX SHOPPINGMALL LLP-3,ASM3,R4678,A+,Sparq,4k-7k,South Zone,5,2025,RING,1
ANUTEX SHOPPINGMALL LLP-3,ASM3,R472,A+,Sparkles,Less Then 30k,South Zone,5,2025,RING,1
ANUTEX SHOPPINGMALL LLP-3,ASM3,R4838,A+,Sparkles,Less Then 30k,South Zone,5,2025,RING,1
ANUTEX SHOPPINGMALL LLP-3,ASM3,R490,A+,Sparkles,30k-50k,South Zone,3,2025,RING,1
ANUTEX SHOPPINGMALL LLP-3,ASM3,R5375,A+,Sparq,4k-7k,South Zone,2,2026,RING,1
ANUTEX SHOPPINGMALL LLP-3,ASM3,R5561,A+,Sparq,7k-10k,South Zone,1,2026,RING,1
ANUTEX SHOPPINGMALL LLP-3,ASM3,R5636,A+,Sparq,7k-10k,South Zone,5,2025,RING,1
ANUTEX SHOPPINGMALL LLP-3,ASM3,R6033,A+,Sparkles,30k-50k,South Zone,12,2025,RING,1
ANUTEX SHOPPINGMALL LLP-3,ASM3,R6599,A+,Sparkles,30k-50k,South Zone,7,2024,RING,1
ANUTEX SHOPPINGMALL LLP-3,ASM3,R6599,A+,Sparkles,30k-50k,South Zone,8,2024,RING,1
ANUTEX SHOPPINGMALL LLP-3,ASM3,R6599,A+,Sparkles,50k-75k,South Zone,9,2024,RING,1
ANUTEX SHOPPINGMALL LLP-3,ASM3,R6745,A+,Sparq,4k-7k,South Zone,3,2026,RING,1
ANUTEX SHOPPINGMALL LLP-3,ASM3,R7148,A+,Sparq,7k-10k,South Zone,1,2026,RING,1
ANUTEX SHOPPINGMALL LLP-3,ASM3,R7153,A+,Sparq,4k-7k,South Zone,2,2026,RING,1
ANUTEX SHOPPINGMALL LLP-3,ASM3,R7535,A+,Sparkles,Less Then 30k,South Zone,11,2025,RING,1
ANUTEX SHOPPINGMALL LLP-3,ASM3,R7535,A+,Sparkles,Less Then 30k,South Zone,12,2025,RING,1
ANUTEX SHOPPINGMALL LLP-3,ASM3,R7880,A+,Sparq,4k-7k,South Zone,1,2026,RING,1
ANUTEX SHOPPINGMALL LLP-3,ASM3,R8183,A+,Sparkles,30k-50k,South Zone,2,2026,RING,1
ANUTEX SHOPPINGMALL LLP-3,ASM3,R8525,A+,Sparkles,30k-50k,South Zone,2,2026,RING,1
ANUTEX SHOPPINGMALL LLP-3,ASM3,R8612,A+,Sparkles,Less Then 30k,South Zone,4,2025,RING,1
ANUTEX SHOPPINGMALL LLP-3,ASM3,R8858,A+,Sparkles,Less Then 30k,South Zone,11,2025,RING,1
ANUTEX SHOPPINGMALL LLP-3,ASM3,R8858,A+,Sparkles,Less Then 30k,South Zone,12,2025,RING,1
ANUTEX SHOPPINGMALL LLP-3,ASM3,R8869,A+,Sparkles,Less Then 30k,South Zone,6,2024,RING,1
ANUTEX SHOPPINGMALL LLP-3,ASM3,R8912,A+,Sparkles,30k-50k,South Zone,4,2025,RING,1
ANUTEX SHOPPINGMALL LLP-3,ASM3,R8963,A+,Sparkles,30k-50k,South Zone,3,2025,RING,1
ANUTEX SHOPPINGMALL LLP-3,ASM3,R8963,A+,Sparkles,30k-50k,South Zone,5,2024,RING,2
ANUTEX SHOPPINGMALL LLP-3,ASM3,R8963,A+,Sparkles,30k-50k,South Zone,8,2024,RING,1
ANUTEX SHOPPINGMALL LLP-3,ASM3,R8963,A+,Sparkles,30k-50k,South Zone,10,2024,RING,1
ANUTEX SHOPPINGMALL LLP-3,ASM3,R8963,A+,Sparkles,30k-50k,South Zone,11,2024,RING,1
ANUTEX SHOPPINGMALL LLP-3,ASM3,R9019,A+,Sparkles,30k-50k,South Zone,6,2024,RING,1
ANUTEX SHOPPINGMALL LLP-3,ASM3,R9019,A+,Sparkles,30k-50k,South Zone,8,2024,RING,1
ANUTEX SHOPPINGMALL LLP-3,ASM3,R9023,A+,Sparkles,Less Then 30k,South Zone,3,2026,RING,1
ANUTEX SHOPPINGMALL LLP-3,ASM3,R9041,A+,Sparkles,30k-50k,South Zone,11,2025,RING,1
ANUTEX SHOPPINGMALL LLP-3,ASM3,R9063,A+,Sparkles,Less Then 30k,South Zone,7,2025,RING,1
ANUTEX SHOPPINGMALL LLP-3,ASM3,R9219,A+,Sparkles,30k-50k,South Zone,7,2024,RING,1
ANUTEX SHOPPINGMALL LLP-3,ASM3,R9361,A+,Sparkles,30k-50k,South Zone,5,2026,RING,1
ANUTEX SHOPPINGMALL LLP-3,ASM3,R9531,A+,Sparkles,Less Then 30k,South Zone,10,2024,RING,1
ANUTEX SHOPPINGMALL LLP-3,ASM3,RF15154,A+,Sparq,4k-7k,South Zone,4,2026,RING,1
ANUTEX SHOPPINGMALL LLP-3,ASM3,RF15158,A+,Sparq,4k-7k,South Zone,4,2026,RING,1
ANUTEX SHOPPINGMALL LLP-3,ASM3,RN14774,A+,Sparkles,30k-50k,South Zone,2,2026,RING,1
ANUTEX SHOPPINGMALL LLP-3,ASM3,RN14777,A+,Sparkles,30k-50k,South Zone,2,2026,RING,1
ANUTEX SHOPPINGMALL LLP-3,ASM3,RN14777,A+,Sparkles,50k-75k,South Zone,2,2026,RING,1
ANUTEX SHOPPINGMALL LLP-3,ASM3,RN14780,A+,Sparkles,30k-50k,South Zone,2,2026,RING,1
ANUTEX SHOPPINGMALL LLP-3,ASM3,RN14781,A+,Sparkles,30k-50k,South Zone,4,2026,RING,1
ANUTEX SHOPPINGMALL LLP-3,ASM3,RN14784,A+,Sparkles,30k-50k,South Zone,4,2026,RING,1
ANUTEX SHOPPINGMALL LLP-3,ASM3,RN14785,A+,Sparkles,30k-50k,South Zone,8,2025,RING,1
ANUTEX SHOPPINGMALL LLP-3,ASM3,RN14824,A+,Sparkles,Less Then 30k,South Zone,9,2025,RING,1
ANUTEX SHOPPINGMALL LLP-3,ASM3,RN14825,A+,Sparkles,Less Then 30k,South Zone,3,2026,RING,1
ANUTEX SHOPPINGMALL LLP-3,ASM3,RN14826,A+,Sparkles,Less Then 30k,South Zone,4,2026,RING,1
ANUTEX SHOPPINGMALL LLP-3,ASM3,RN14826,A+,Sparkles,Less Then 30k,South Zone,11,2025,RING,1
ANUTEX SHOPPINGMALL LLP-3,ASM3,RN14827,A+,Sparkles,Less Then 30k,South Zone,1,2026,RING,1
ANUTEX SHOPPINGMALL LLP-3,ASM3,RN14828,A+,Sparkles,Less Then 30k,South Zone,2,2026,RING,3
ANUTEX SHOPPINGMALL LLP-3,ASM3,RN14828,A+,Sparkles,Less Then 30k,South Zone,12,2025,RING,1
ANUTEX SHOPPINGMALL LLP-3,ASM3,RN14829,A+,Sparkles,Less Then 30k,South Zone,2,2026,RING,3
ANUTEX SHOPPINGMALL LLP-3,ASM3,RN14829,A+,Sparkles,Less Then 30k,South Zone,3,2026,RING,1
ANUTEX SHOPPINGMALL LLP-3,ASM3,RN14830,A+,Sparkles,Less Then 30k,South Zone,2,2026,RING,1
ANUTEX SHOPPINGMALL LLP-3,ASM3,RN14832,A+,Sparkles,Less Then 30k,South Zone,12,2025,RING,1
ANUTEX SHOPPINGMALL LLP-3,ASM3,RN14833,A+,Sparkles,Less Then 30k,South Zone,11,2025,RING,1
ANUTEX SHOPPINGMALL LLP-3,ASM3,RN14834,A+,Sparkles,Less Then 30k,South Zone,3,2026,RING,1
ANUTEX SHOPPINGMALL LLP-3,ASM3,RN14834,A+,Sparkles,Less Then 30k,South Zone,11,2025,RING,1
ANUTEX SHOPPINGMALL LLP-3,ASM3,RN14835,A+,Sparkles,Less Then 30k,South Zone,1,2026,RING,1
ANUTEX SHOPPINGMALL LLP-3,ASM3,RN14835,A+,Sparkles,Less Then 30k,South Zone,2,2026,RING,1
ANUTEX SHOPPINGMALL LLP-3,ASM3,RN14835,A+,Sparkles,Less Then 30k,South Zone,3,2026,RING,1
ANUTEX SHOPPINGMALL LLP-3,ASM3,RN20403,A+,Sparkles,Less Then 30k,South Zone,1,2026,RING,1
ANUTEX SHOPPINGMALL LLP-3,ASM3,RN20403,A+,Sparkles,Less Then 30k,South Zone,2,2026,RING,1
ANUTEX SHOPPINGMALL LLP-3,ASM3,RN20404,A+,Sparkles,Less Then 30k,South Zone,11,2025,RING,1
ANUTEX SHOPPINGMALL LLP-3,ASM3,RN20407,A+,Sparkles,Less Then 30k,South Zone,4,2026,RING,2
ANUTEX SHOPPINGMALL LLP-3,ASM3,RN20407,A+,Sparkles,Less Then 30k,South Zone,11,2025,RING,4
ANUTEX SHOPPINGMALL LLP-3,ASM3,RN20409,A+,Sparkles,Less Then 30k,South Zone,1,2026,RING,1
ANUTEX SHOPPINGMALL LLP-3,ASM3,RN20409,A+,Sparkles,Less Then 30k,South Zone,2,2026,RING,1
ANUTEX SHOPPINGMALL LLP-3,ASM3,RN20410,A+,Sparkles,Less Then 30k,South Zone,2,2026,RING,1
ANUTEX SHOPPINGMALL LLP-3,ASM3,RN20410,A+,Sparkles,Less Then 30k,South Zone,11,2025,RING,1
ANUTEX SHOPPINGMALL LLP-3,ASM3,RN20412,A+,Sparkles,Less Then 30k,South Zone,12,2025,RING,1
ANUTEX SHOPPINGMALL LLP-3,ASM3,RN20452,A+,Sparq,2k-4k,South Zone,2,2026,RING,2
ANUTEX SHOPPINGMALL LLP-3,ASM3,RN20452,A+,Sparq,2k-4k,South Zone,12,2025,RING,2
ANUTEX SHOPPINGMALL LLP-3,ASM3,RN20452,A+,Sparq,Less Then 2k,South Zone,2,2026,RING,1
ANUTEX SHOPPINGMALL LLP-3,ASM3,RN20452,A+,Sparq,Less Then 2k,South Zone,12,2025,RING,2
ANUTEX SHOPPINGMALL LLP-3,ASM3,RN20459,A+,Sparq,2k-4k,South Zone,2,2026,RING,2
ANUTEX SHOPPINGMALL LLP-3,ASM3,RN20459,A+,Sparq,Less Then 2k,South Zone,2,2026,RING,2
ANUTEX SHOPPINGMALL LLP-3,ASM3,RN20459,A+,Sparq,Less Then 2k,South Zone,12,2025,RING,1
ANUTEX SHOPPINGMALL LLP-3,ASM3,RN20460,A+,Sparq,2k-4k,South Zone,1,2026,RING,1
ANUTEX SHOPPINGMALL LLP-3,ASM3,RN20460,A+,Sparq,2k-4k,South Zone,2,2026,RING,1
ANUTEX SHOPPINGMALL LLP-3,ASM3,RN20460,A+,Sparq,2k-4k,South Zone,12,2025,RING,1
ANUTEX SHOPPINGMALL LLP-3,ASM3,RN20460,A+,Sparq,Less Then 2k,South Zone,12,2025,RING,1
ANUTEX SHOPPINGMALL LLP-3,ASM3,RN20461,A+,Sparq,2k-4k,South Zone,1,2026,RING,1
ANUTEX SHOPPINGMALL LLP-3,ASM3,RN20461,A+,Sparq,2k-4k,South Zone,2,2026,RING,2
ANUTEX SHOPPINGMALL LLP-3,ASM3,RN20461,A+,Sparq,Less Then 2k,South Zone,12,2025,RING,1
ANUTEX SHOPPINGMALL LLP-3,ASM3,RN20462,A+,Sparq,2k-4k,South Zone,2,2026,RING,1
ANUTEX SHOPPINGMALL LLP-3,ASM3,RN20462,A+,Sparq,2k-4k,South Zone,12,2025,RING,1
ANUTEX SHOPPINGMALL LLP-3,ASM3,RN20462,A+,Sparq,Less Then 2k,South Zone,1,2026,RING,1
ANUTEX SHOPPINGMALL LLP-3,ASM3,RN20462,A+,Sparq,Less Then 2k,South Zone,12,2025,RING,1
ANUTEX SHOPPINGMALL LLP-3,ASM3,RN20463,A+,Sparq,2k-4k,South Zone,2,2026,RING,6
ANUTEX SHOPPINGMALL LLP-3,ASM3,RN20463,A+,Sparq,2k-4k,South Zone,12,2025,RING,1
ANUTEX SHOPPINGMALL LLP-3,ASM3,RN20463,A+,Sparq,Less Then 2k,South Zone,12,2025,RING,1
ANUTEX SHOPPINGMALL LLP-3,ASM3,RN20464,A+,Sparq,2k-4k,South Zone,2,2026,RING,5
ANUTEX SHOPPINGMALL LLP-3,ASM3,RN20464,A+,Sparq,2k-4k,South Zone,12,2025,RING,2
ANUTEX SHOPPINGMALL LLP-3,ASM3,RN20465,A+,Sparq,2k-4k,South Zone,2,2026,RING,1
ANUTEX SHOPPINGMALL LLP-3,ASM3,RN20465,A+,Sparq,2k-4k,South Zone,12,2025,RING,1
ANUTEX SHOPPINGMALL LLP-3,ASM3,RN20465,A+,Sparq,Less Then 2k,South Zone,12,2025,RING,1
ANUTEX SHOPPINGMALL LLP-3,ASM3,RN20466,A+,Sparq,2k-4k,South Zone,2,2026,RING,7
ANUTEX SHOPPINGMALL LLP-3,ASM3,RN20466,A+,Sparq,2k-4k,South Zone,3,2026,RING,1
ANUTEX SHOPPINGMALL LLP-3,ASM3,RN20467,A+,Sparq,2k-4k,South Zone,2,2026,RING,5
ANUTEX SHOPPINGMALL LLP-3,ASM3,RN20467,A+,Sparq,2k-4k,South Zone,3,2026,RING,1
ANUTEX SHOPPINGMALL LLP-3,ASM3,RN20467,A+,Sparq,2k-4k,South Zone,4,2026,RING,1
ANUTEX SHOPPINGMALL LLP-3,ASM3,RN20467,A+,Sparq,2k-4k,South Zone,12,2025,RING,2
ANUTEX SHOPPINGMALL LLP-3,ASM3,RN20467,A+,Sparq,Less Then 2k,South Zone,2,2026,RING,1
ANUTEX SHOPPINGMALL LLP-3,ASM3,RN20468,A+,Sparq,2k-4k,South Zone,2,2026,RING,3
ANUTEX SHOPPINGMALL LLP-3,ASM3,RN20468,A+,Sparq,2k-4k,South Zone,3,2026,RING,1
ANUTEX SHOPPINGMALL LLP-3,ASM3,RN20468,A+,Sparq,2k-4k,South Zone,4,2026,RING,3
ANUTEX SHOPPINGMALL LLP-3,ASM3,RN20468,A+,Sparq,2k-4k,South Zone,5,2026,RING,1
ANUTEX SHOPPINGMALL LLP-3,ASM3,RN20468,A+,Sparq,2k-4k,South Zone,12,2025,RING,2
ANUTEX SHOPPINGMALL LLP-3,ASM3,RN20469,A+,Sparq,2k-4k,South Zone,2,2026,RING,2
ANUTEX SHOPPINGMALL LLP-3,ASM3,RN20469,A+,Sparq,2k-4k,South Zone,3,2026,RING,1
ANUTEX SHOPPINGMALL LLP-3,ASM3,RN20469,A+,Sparq,2k-4k,South Zone,4,2026,RING,2
ANUTEX SHOPPINGMALL LLP-3,ASM3,RN20469,A+,Sparq,Less Then 2k,South Zone,2,2026,RING,1
ANUTEX SHOPPINGMALL LLP-3,ASM3,RN20469,A+,Sparq,Less Then 2k,South Zone,12,2025,RING,2
ANUTEX SHOPPINGMALL LLP-3,ASM3,RN20470,A+,Sparq,2k-4k,South Zone,2,2026,RING,2
ANUTEX SHOPPINGMALL LLP-3,ASM3,RN20470,A+,Sparq,2k-4k,South Zone,3,2026,RING,1
ANUTEX SHOPPINGMALL LLP-3,ASM3,RN20470,A+,Sparq,2k-4k,South Zone,12,2025,RING,2
ANUTEX SHOPPINGMALL LLP-3,ASM3,RN20471,A+,Sparq,2k-4k,South Zone,2,2026,RING,2
ANUTEX SHOPPINGMALL LLP-3,ASM3,RN20471,A+,Sparq,2k-4k,South Zone,12,2025,RING,2
ANUTEX SHOPPINGMALL LLP-3,ASM3,SMNP504,A+,Sparkles,Less Then 30k,South Zone,5,2026,NOSE PIN,2
ANUTEX SHOPPINGMALL LLP-3,ASM3,SMNP522,A+,Sparkles,Less Then 30k,South Zone,3,2025,NOSE PIN,1
ANUTEX SHOPPINGMALL LLP-3,ASM3,SMNP522,A+,Sparkles,Less Then 30k,South Zone,3,2026,NOSE PIN,2
ANUTEX SHOPPINGMALL LLP-3,ASM3,SMNP522,A+,Sparkles,Less Then 30k,South Zone,5,2025,NOSE PIN,2
ANUTEX SHOPPINGMALL LLP-3,ASM3,SMNP526,A+,Sparkles,Less Then 30k,South Zone,3,2026,NOSE PIN,2
ANUTEX SHOPPINGMALL LLP-3,ASM3,SMNP537,A+,Sparkles,Less Then 30k,South Zone,2,2026,NOSE PIN,1
ANUTEX SHOPPINGMALL LLP-3,ASM3,SMNP537,A+,Sparkles,Less Then 30k,South Zone,4,2026,NOSE PIN,1
ANUTEX SHOPPINGMALL LLP-3,ASM3,SMNP537,A+,Sparkles,Less Then 30k,South Zone,8,2025,NOSE PIN,1
ANUTEX SHOPPINGMALL LLP-3,ASM3,T10538,A+,Sparkles,30k-50k,South Zone,11,2025,EARRING,1
ANUTEX SHOPPINGMALL LLP-3,ASM3,T10547,A+,Sparkles,Less Then 30k,South Zone,4,2025,EARRING,1
ANUTEX SHOPPINGMALL LLP-3,ASM3,T10897,A+,Sparkles,30k-50k,South Zone,1,2026,EARRING,1
ANUTEX SHOPPINGMALL LLP-3,ASM3,T11079,A+,Sparkles,Less Then 30k,South Zone,3,2026,EARRING,1
ANUTEX SHOPPINGMALL LLP-3,ASM3,T11273,A+,Sparkles,30k-50k,South Zone,2,2025,EARRING,1
ANUTEX SHOPPINGMALL LLP-3,ASM3,T11275,A+,Sparkles,Less Then 30k,South Zone,3,2026,EARRING,1
ANUTEX SHOPPINGMALL LLP-3,ASM3,T11746,A+,Sparkles,50k-75k,South Zone,7,2025,EARRING,1
ANUTEX SHOPPINGMALL LLP-3,ASM3,T12323,A+,Sparkles,Less Then 30k,South Zone,3,2025,EARRING,1
ANUTEX SHOPPINGMALL LLP-3,ASM3,T12349,A+,Sparkles,50k-75k,South Zone,6,2024,EARRING,1
ANUTEX SHOPPINGMALL LLP-3,ASM3,T12423,A+,Sparkles,50k-75k,South Zone,7,2024,EARRING,1
ANUTEX SHOPPINGMALL LLP-3,ASM3,T12458,A+,Sparkles,Less Then 30k,South Zone,6,2024,EARRING,1
ANUTEX SHOPPINGMALL LLP-3,ASM3,T12478,A+,Sparkles,Less Then 30k,South Zone,6,2025,EARRING,1
ANUTEX SHOPPINGMALL LLP-3,ASM3,T12494,A+,Sparkles,Less Then 30k,South Zone,7,2024,EARRING,1
ANUTEX SHOPPINGMALL LLP-3,ASM3,T12503,A+,Sparkles,30k-50k,South Zone,4,2026,EARRING,1
ANUTEX SHOPPINGMALL LLP-3,ASM3,T12624,A+,Sparkles,30k-50k,South Zone,2,2026,EARRING,1
ANUTEX SHOPPINGMALL LLP-3,ASM3,T12678,A+,Sparkles,30k-50k,South Zone,11,2024,EARRING,1
ANUTEX SHOPPINGMALL LLP-3,ASM3,T12678,A+,Sparkles,Less Then 30k,South Zone,5,2025,EARRING,1
ANUTEX SHOPPINGMALL LLP-3,ASM3,T12678,A+,Sparkles,Less Then 30k,South Zone,8,2024,EARRING,1
ANUTEX SHOPPINGMALL LLP-3,ASM3,T12977,A+,Sparkles,30k-50k,South Zone,4,2025,EARRING,1
ANUTEX SHOPPINGMALL LLP-3,ASM3,T12977,A+,Sparkles,30k-50k,South Zone,12,2025,EARRING,1
ANUTEX SHOPPINGMALL LLP-3,ASM3,T13106,A+,Sparkles,Less Then 30k,South Zone,11,2024,EARRING,1
ANUTEX SHOPPINGMALL LLP-3,ASM3,T13123,A+,Sparkles,30k-50k,South Zone,1,2026,EARRING,1
ANUTEX SHOPPINGMALL LLP-3,ASM3,T13125,A+,Sparkles,30k-50k,South Zone,1,2025,EARRING,1
ANUTEX SHOPPINGMALL LLP-3,ASM3,T13451,A+,Sparkles,30k-50k,South Zone,6,2024,EARRING,1
ANUTEX SHOPPINGMALL LLP-3,ASM3,T13451,A+,Sparkles,30k-50k,South Zone,10,2024,EARRING,1
ANUTEX SHOPPINGMALL LLP-3,ASM3,T13507,A+,Sparkles,30k-50k,South Zone,3,2026,EARRING,1
ANUTEX SHOPPINGMALL LLP-3,ASM3,T13590,A+,Sparkles,30k-50k,South Zone,9,2025,EARRING,1
ANUTEX SHOPPINGMALL LLP-3,ASM3,T13924,A+,Sparkles,Less Then 30k,South Zone,12,2025,EARRING,1
ANUTEX SHOPPINGMALL LLP-3,ASM3,T13930,A+,Sparkles,30k-50k,South Zone,3,2026,EARRING,1
ANUTEX SHOPPINGMALL LLP-3,ASM3,T13930,A+,Sparkles,30k-50k,South Zone,5,2026,EARRING,1
ANUTEX SHOPPINGMALL LLP-3,ASM3,T13930,A+,Sparkles,30k-50k,South Zone,6,2024,EARRING,1
ANUTEX SHOPPINGMALL LLP-3,ASM3,T14151,A+,Sparkles,Less Then 30k,South Zone,6,2025,EARRING,1
ANUTEX SHOPPINGMALL LLP-3,ASM3,T14298,A+,Sparkles,30k-50k,South Zone,5,2024,EARRING,1
ANUTEX SHOPPINGMALL LLP-3,ASM3,T14298,A+,Sparkles,30k-50k,South Zone,7,2024,EARRING,2
ANUTEX SHOPPINGMALL LLP-3,ASM3,T14305,A+,Sparkles,30k-50k,South Zone,3,2026,EARRING,1
ANUTEX SHOPPINGMALL LLP-3,ASM3,T14313,A+,Sparkles,30k-50k,South Zone,9,2025,EARRING,1
ANUTEX SHOPPINGMALL LLP-3,ASM3,T14380,A+,Sparkles,Less Then 30k,South Zone,4,2025,EARRING,1
ANUTEX SHOPPINGMALL LLP-3,ASM3,T14446,A+,Sparkles,30k-50k,South Zone,8,2025,EARRING,1
ANUTEX SHOPPINGMALL LLP-3,ASM3,T14474,A+,Sparkles,30k-50k,South Zone,3,2025,EARRING,1
ANUTEX SHOPPINGMALL LLP-3,ASM3,T14703,A+,Sparkles,30k-50k,South Zone,1,2025,EARRING,1
ANUTEX SHOPPINGMALL LLP-3,ASM3,T15029,A+,Sparkles,30k-50k,South Zone,2,2026,EARRING,1
ANUTEX SHOPPINGMALL LLP-3,ASM3,T15120,A+,Sparkles,30k-50k,South Zone,11,2024,EARRING,1
ANUTEX SHOPPINGMALL LLP-3,ASM3,T1710,A+,Sparkles,Less Then 30k,South Zone,3,2025,EARRING,1
ANUTEX SHOPPINGMALL LLP-3,ASM3,T17480,A+,Sparkles,Less Then 30k,South Zone,3,2025,EARRING,1
ANUTEX SHOPPINGMALL LLP-3,ASM3,T17480,A+,Sparkles,Less Then 30k,South Zone,4,2025,EARRING,1
ANUTEX SHOPPINGMALL LLP-3,ASM3,T17480,A+,Sparkles,Less Then 30k,South Zone,7,2025,EARRING,1
ANUTEX SHOPPINGMALL LLP-3,ASM3,T17758,A+,Sparkles,30k-50k,South Zone,4,2026,EARRING,1
ANUTEX SHOPPINGMALL LLP-3,ASM3,T17884,A+,Sparkles,Less Then 30k,South Zone,5,2025,EARRING,1
ANUTEX SHOPPINGMALL LLP-3,ASM3,T17884,A+,Sparkles,Less Then 30k,South Zone,9,2024,EARRING,1
ANUTEX SHOPPINGMALL LLP-3,ASM3,T18030,A+,Sparkles,30k-50k,South Zone,2,2025,EARRING,1
ANUTEX SHOPPINGMALL LLP-3,ASM3,T18030,A+,Sparkles,30k-50k,South Zone,9,2024,EARRING,1
ANUTEX SHOPPINGMALL LLP-3,ASM3,T18197,A+,Sparkles,30k-50k,South Zone,2,2026,EARRING,1
ANUTEX SHOPPINGMALL LLP-3,ASM3,T18541,A+,Sparkles,Less Then 30k,South Zone,1,2025,EARRING,1
ANUTEX SHOPPINGMALL LLP-3,ASM3,T18543,A+,Sparkles,Less Then 30k,South Zone,3,2025,EARRING,1
ANUTEX SHOPPINGMALL LLP-3,ASM3,T18553,A+,Sparkles,30k-50k,South Zone,4,2026,EARRING,1
ANUTEX SHOPPINGMALL LLP-3,ASM3,T18554,A+,Sparkles,Less Then 30k,South Zone,1,2025,EARRING,1
ANUTEX SHOPPINGMALL LLP-3,ASM3,T18554,A+,Sparkles,Less Then 30k,South Zone,5,2026,EARRING,1
ANUTEX SHOPPINGMALL LLP-3,ASM3,T18554,A+,Sparkles,Less Then 30k,South Zone,11,2025,EARRING,1
ANUTEX SHOPPINGMALL LLP-3,ASM3,T18555,A+,Sparkles,Less Then 30k,South Zone,2,2026,EARRING,2
ANUTEX SHOPPINGMALL LLP-3,ASM3,T18555,A+,Sparkles,Less Then 30k,South Zone,5,2025,EARRING,1
ANUTEX SHOPPINGMALL LLP-3,ASM3,T18555,A+,Sparkles,Less Then 30k,South Zone,8,2024,EARRING,1
ANUTEX SHOPPINGMALL LLP-3,ASM3,T18555,A+,Sparkles,Less Then 30k,South Zone,8,2025,EARRING,1
ANUTEX SHOPPINGMALL LLP-3,ASM3,T18555,A+,Sparkles,Less Then 30k,South Zone,11,2025,EARRING,1
ANUTEX SHOPPINGMALL LLP-3,ASM3,T18555,A+,Sparkles,Less Then 30k,South Zone,12,2024,EARRING,1
ANUTEX SHOPPINGMALL LLP-3,ASM3,T18555,A+,Sparkles,Less Then 30k,South Zone,12,2025,EARRING,1
ANUTEX SHOPPINGMALL LLP-3,ASM3,T18657,A+,Sparkles,30k-50k,South Zone,4,2026,EARRING,1
ANUTEX SHOPPINGMALL LLP-3,ASM3,T18658,A+,Sparkles,30k-50k,South Zone,1,2025,EARRING,1
ANUTEX SHOPPINGMALL LLP-3,ASM3,T18658,A+,Sparkles,30k-50k,South Zone,1,2026,EARRING,1
ANUTEX SHOPPINGMALL LLP-3,ASM3,T18658,A+,Sparkles,50k-75k,South Zone,12,2025,EARRING,1
ANUTEX SHOPPINGMALL LLP-3,ASM3,T18659,A+,Sparkles,Less Then 30k,South Zone,2,2026,EARRING,1
ANUTEX SHOPPINGMALL LLP-3,ASM3,T18659,A+,Sparkles,Less Then 30k,South Zone,3,2025,EARRING,1
ANUTEX SHOPPINGMALL LLP-3,ASM3,T18659,A+,Sparkles,Less Then 30k,South Zone,4,2025,EARRING,1
ANUTEX SHOPPINGMALL LLP-3,ASM3,T18659,A+,Sparkles,Less Then 30k,South Zone,6,2025,EARRING,1
ANUTEX SHOPPINGMALL LLP-3,ASM3,T18659,A+,Sparkles,Less Then 30k,South Zone,8,2025,EARRING,1
ANUTEX SHOPPINGMALL LLP-3,ASM3,T18660,A+,Sparkles,30k-50k,South Zone,12,2025,EARRING,1
ANUTEX SHOPPINGMALL LLP-3,ASM3,T18661,A+,Sparkles,30k-50k,South Zone,3,2026,EARRING,1
ANUTEX SHOPPINGMALL LLP-3,ASM3,T18663,A+,Sparkles,30k-50k,South Zone,3,2025,EARRING,1
ANUTEX SHOPPINGMALL LLP-3,ASM3,T18663,A+,Sparkles,30k-50k,South Zone,5,2025,EARRING,1
ANUTEX SHOPPINGMALL LLP-3,ASM3,T18663,A+,Sparkles,50k-75k,South Zone,1,2025,EARRING,1
ANUTEX SHOPPINGMALL LLP-3,ASM3,T18663,A+,Sparkles,50k-75k,South Zone,2,2026,EARRING,1
ANUTEX SHOPPINGMALL LLP-3,ASM3,T18663,A+,Sparkles,50k-75k,South Zone,4,2025,EARRING,1
ANUTEX SHOPPINGMALL LLP-3,ASM3,T18663,A+,Sparkles,50k-75k,South Zone,7,2024,EARRING,1
ANUTEX SHOPPINGMALL LLP-3,ASM3,T18663,A+,Sparkles,50k-75k,South Zone,11,2025,EARRING,1
ANUTEX SHOPPINGMALL LLP-3,ASM3,T18663,A+,Sparkles,50k-75k,South Zone,12,2024,EARRING,1
ANUTEX SHOPPINGMALL LLP-3,ASM3,T18663,A+,Sparkles,75k-100k,South Zone,5,2026,EARRING,1
ANUTEX SHOPPINGMALL LLP-3,ASM3,T18665,A+,Sparkles,Less Then 30k,South Zone,2,2026,EARRING,1
ANUTEX SHOPPINGMALL LLP-3,ASM3,T18665,A+,Sparkles,Less Then 30k,South Zone,5,2024,EARRING,1
ANUTEX SHOPPINGMALL LLP-3,ASM3,T18665,A+,Sparkles,Less Then 30k,South Zone,6,2024,EARRING,3
ANUTEX SHOPPINGMALL LLP-3,ASM3,T18665,A+,Sparkles,Less Then 30k,South Zone,7,2024,EARRING,1
ANUTEX SHOPPINGMALL LLP-3,ASM3,T18665,A+,Sparkles,Less Then 30k,South Zone,7,2025,EARRING,1
ANUTEX SHOPPINGMALL LLP-3,ASM3,T18665,A+,Sparkles,Less Then 30k,South Zone,8,2024,EARRING,1
ANUTEX SHOPPINGMALL LLP-3,ASM3,T18665,A+,Sparkles,Less Then 30k,South Zone,10,2024,EARRING,1
ANUTEX SHOPPINGMALL LLP-3,ASM3,T18665,A+,Sparkles,Less Then 30k,South Zone,12,2024,EARRING,2
ANUTEX SHOPPINGMALL LLP-3,ASM3,T18666,A+,Sparkles,Less Then 30k,South Zone,2,2026,EARRING,2
ANUTEX SHOPPINGMALL LLP-3,ASM3,T18666,A+,Sparkles,Less Then 30k,South Zone,3,2025,EARRING,1
ANUTEX SHOPPINGMALL LLP-3,ASM3,T18666,A+,Sparkles,Less Then 30k,South Zone,4,2025,EARRING,1
ANUTEX SHOPPINGMALL LLP-3,ASM3,T18666,A+,Sparkles,Less Then 30k,South Zone,6,2024,EARRING,1
ANUTEX SHOPPINGMALL LLP-3,ASM3,T18666,A+,Sparkles,Less Then 30k,South Zone,11,2025,EARRING,1
ANUTEX SHOPPINGMALL LLP-3,ASM3,T18666,A+,Sparkles,Less Then 30k,South Zone,12,2024,EARRING,1
ANUTEX SHOPPINGMALL LLP-3,ASM3,T18666,A+,Sparkles,Less Then 30k,South Zone,12,2025,EARRING,1
ANUTEX SHOPPINGMALL LLP-3,ASM3,T18667,A+,Sparkles,Less Then 30k,South Zone,1,2025,EARRING,2
ANUTEX SHOPPINGMALL LLP-3,ASM3,T18667,A+,Sparkles,Less Then 30k,South Zone,5,2024,EARRING,2
ANUTEX SHOPPINGMALL LLP-3,ASM3,T18667,A+,Sparkles,Less Then 30k,South Zone,6,2024,EARRING,2
ANUTEX SHOPPINGMALL LLP-3,ASM3,T18667,A+,Sparkles,Less Then 30k,South Zone,9,2025,EARRING,1
ANUTEX SHOPPINGMALL LLP-3,ASM3,T18671,A+,Sparkles,Less Then 30k,South Zone,8,2024,EARRING,1
ANUTEX SHOPPINGMALL LLP-3,ASM3,T18672,A+,Sparkles,Less Then 30k,South Zone,4,2026,EARRING,1
ANUTEX SHOPPINGMALL LLP-3,ASM3,T18672,A+,Sparkles,Less Then 30k,South Zone,9,2024,EARRING,1
ANUTEX SHOPPINGMALL LLP-3,ASM3,T18678,A+,Sparkles,30k-50k,South Zone,8,2024,EARRING,1
ANUTEX SHOPPINGMALL LLP-3,ASM3,T18678,A+,Sparkles,30k-50k,South Zone,8,2025,EARRING,1
ANUTEX SHOPPINGMALL LLP-3,ASM3,T18678,A+,Sparkles,30k-50k,South Zone,11,2025,EARRING,1
ANUTEX SHOPPINGMALL LLP-3,ASM3,T18679,A+,Sparkles,30k-50k,South Zone,1,2025,EARRING,1
ANUTEX SHOPPINGMALL LLP-3,ASM3,T18679,A+,Sparkles,30k-50k,South Zone,3,2026,EARRING,1
ANUTEX SHOPPINGMALL LLP-3,ASM3,T18680,A+,Sparkles,Less Then 30k,South Zone,1,2026,EARRING,1
ANUTEX SHOPPINGMALL LLP-3,ASM3,T18680,A+,Sparkles,Less Then 30k,South Zone,2,2026,EARRING,1
ANUTEX SHOPPINGMALL LLP-3,ASM3,T18680,A+,Sparkles,Less Then 30k,South Zone,4,2026,EARRING,1
ANUTEX SHOPPINGMALL LLP-3,ASM3,T18680,A+,Sparkles,Less Then 30k,South Zone,5,2024,EARRING,1
ANUTEX SHOPPINGMALL LLP-3,ASM3,T18680,A+,Sparkles,Less Then 30k,South Zone,6,2024,EARRING,1
ANUTEX SHOPPINGMALL LLP-3,ASM3,T18680,A+,Sparkles,Less Then 30k,South Zone,8,2025,EARRING,2
ANUTEX SHOPPINGMALL LLP-3,ASM3,T18680,A+,Sparkles,Less Then 30k,South Zone,11,2024,EARRING,1
ANUTEX SHOPPINGMALL LLP-3,ASM3,T18680,A+,Sparkles,Less Then 30k,South Zone,11,2025,EARRING,1
ANUTEX SHOPPINGMALL LLP-3,ASM3,T18680,A+,Sparkles,Less Then 30k,South Zone,12,2024,EARRING,1
ANUTEX SHOPPINGMALL LLP-3,ASM3,T19013,A+,Sparkles,50k-75k,South Zone,2,2026,EARRING,1
ANUTEX SHOPPINGMALL LLP-3,ASM3,T19017,A+,Sparkles,30k-50k,South Zone,3,2025,EARRING,1
ANUTEX SHOPPINGMALL LLP-3,ASM3,T19017,A+,Sparkles,30k-50k,South Zone,4,2025,EARRING,1
ANUTEX SHOPPINGMALL LLP-3,ASM3,T19017,A+,Sparkles,30k-50k,South Zone,11,2024,EARRING,1
ANUTEX SHOPPINGMALL LLP-3,ASM3,T19019,A+,Sparkles,30k-50k,South Zone,4,2026,EARRING,1
ANUTEX SHOPPINGMALL LLP-3,ASM3,T19025,A+,Sparkles,30k-50k,South Zone,4,2025,EARRING,1
ANUTEX SHOPPINGMALL LLP-3,ASM3,T19029,A+,Sparkles,30k-50k,South Zone,9,2024,EARRING,1
ANUTEX SHOPPINGMALL LLP-3,ASM3,T19034,A+,Sparkles,30k-50k,South Zone,2,2025,EARRING,1
ANUTEX SHOPPINGMALL LLP-3,ASM3,T19034,A+,Sparkles,30k-50k,South Zone,4,2025,EARRING,2
ANUTEX SHOPPINGMALL LLP-3,ASM3,T19034,A+,Sparkles,30k-50k,South Zone,9,2024,EARRING,1
ANUTEX SHOPPINGMALL LLP-3,ASM3,T19041,A+,Sparkles,30k-50k,South Zone,5,2026,EARRING,1
ANUTEX SHOPPINGMALL LLP-3,ASM3,T19041,A+,Sparkles,30k-50k,South Zone,10,2024,EARRING,1
ANUTEX SHOPPINGMALL LLP-3,ASM3,T19043,A+,Sparkles,Less Then 30k,South Zone,4,2025,EARRING,1
ANUTEX SHOPPINGMALL LLP-3,ASM3,T19047,A+,Sparkles,Less Then 30k,South Zone,2,2026,EARRING,1
ANUTEX SHOPPINGMALL LLP-3,ASM3,T19047,A+,Sparkles,Less Then 30k,South Zone,3,2026,EARRING,1
ANUTEX SHOPPINGMALL LLP-3,ASM3,T19047,A+,Sparkles,Less Then 30k,South Zone,4,2025,EARRING,1
ANUTEX SHOPPINGMALL LLP-3,ASM3,T19050,A+,Sparkles,30k-50k,South Zone,1,2026,EARRING,1
ANUTEX SHOPPINGMALL LLP-3,ASM3,T19050,A+,Sparkles,30k-50k,South Zone,9,2025,EARRING,1
ANUTEX SHOPPINGMALL LLP-3,ASM3,T19050,A+,Sparkles,Less Then 30k,South Zone,2,2025,EARRING,1
ANUTEX SHOPPINGMALL LLP-3,ASM3,T19050,A+,Sparkles,Less Then 30k,South Zone,12,2025,EARRING,1
ANUTEX SHOPPINGMALL LLP-3,ASM3,T19061,A+,Sparkles,50k-75k,South Zone,3,2025,EARRING,1
ANUTEX SHOPPINGMALL LLP-3,ASM3,T19072,A+,Sparkles,30k-50k,South Zone,1,2026,EARRING,2
ANUTEX SHOPPINGMALL LLP-3,ASM3,T19072,A+,Sparkles,30k-50k,South Zone,12,2025,EARRING,1
ANUTEX SHOPPINGMALL LLP-3,ASM3,T19084,A+,Sparkles,Less Then 30k,South Zone,3,2026,EARRING,1
ANUTEX SHOPPINGMALL LLP-3,ASM3,T19084,A+,Sparkles,Less Then 30k,South Zone,4,2026,EARRING,1
ANUTEX SHOPPINGMALL LLP-3,ASM3,T19092,A+,Sparkles,30k-50k,South Zone,4,2026,EARRING,1
ANUTEX SHOPPINGMALL LLP-3,ASM3,T19093,A+,Sparkles,Less Then 30k,South Zone,2,2025,EARRING,1
ANUTEX SHOPPINGMALL LLP-3,ASM3,T19094,A+,Sparkles,Less Then 30k,South Zone,4,2026,EARRING,1
ANUTEX SHOPPINGMALL LLP-3,ASM3,T19094,A+,Sparkles,Less Then 30k,South Zone,6,2025,EARRING,1
ANUTEX SHOPPINGMALL LLP-3,ASM3,T19099,A+,Sparkles,30k-50k,South Zone,4,2025,EARRING,1
ANUTEX SHOPPINGMALL LLP-3,ASM3,T19100,A+,Sparkles,30k-50k,South Zone,2,2025,EARRING,1
ANUTEX SHOPPINGMALL LLP-3,ASM3,T19101,A+,Sparkles,Less Then 30k,South Zone,4,2025,EARRING,1
ANUTEX SHOPPINGMALL LLP-3,ASM3,T19105,A+,Sparkles,30k-50k,South Zone,5,2026,EARRING,1
ANUTEX SHOPPINGMALL LLP-3,ASM3,T19107,A+,Sparkles,30k-50k,South Zone,2,2025,EARRING,1
ANUTEX SHOPPINGMALL LLP-3,ASM3,T19107,A+,Sparkles,30k-50k,South Zone,5,2026,EARRING,1
ANUTEX SHOPPINGMALL LLP-3,ASM3,T19110,A+,Sparkles,30k-50k,South Zone,2,2026,EARRING,1
ANUTEX SHOPPINGMALL LLP-3,ASM3,T19114,A+,Sparkles,30k-50k,South Zone,4,2025,EARRING,1
ANUTEX SHOPPINGMALL LLP-3,ASM3,T19115,A+,Sparkles,Less Then 30k,South Zone,1,2026,EARRING,1
ANUTEX SHOPPINGMALL LLP-3,ASM3,T19115,A+,Sparkles,Less Then 30k,South Zone,2,2026,EARRING,1
ANUTEX SHOPPINGMALL LLP-3,ASM3,T19115,A+,Sparkles,Less Then 30k,South Zone,3,2025,EARRING,1
ANUTEX SHOPPINGMALL LLP-3,ASM3,T19115,A+,Sparkles,Less Then 30k,South Zone,4,2025,EARRING,2
ANUTEX SHOPPINGMALL LLP-3,ASM3,T19115,A+,Sparkles,Less Then 30k,South Zone,4,2026,EARRING,2
ANUTEX SHOPPINGMALL LLP-3,ASM3,T19115,A+,Sparkles,Less Then 30k,South Zone,7,2025,EARRING,2
ANUTEX SHOPPINGMALL LLP-3,ASM3,T19115,A+,Sparkles,Less Then 30k,South Zone,12,2024,EARRING,1
ANUTEX SHOPPINGMALL LLP-3,ASM3,T19120,A+,Sparkles,Less Then 30k,South Zone,5,2025,EARRING,1
ANUTEX SHOPPINGMALL LLP-3,ASM3,T19120,A+,Sparkles,Less Then 30k,South Zone,8,2025,EARRING,1
ANUTEX SHOPPINGMALL LLP-3,ASM3,T19120,A+,Sparkles,Less Then 30k,South Zone,12,2025,EARRING,2
ANUTEX SHOPPINGMALL LLP-3,ASM3,T19138,A+,Sparkles,Less Then 30k,South Zone,5,2025,EARRING,1
ANUTEX SHOPPINGMALL LLP-3,ASM3,T19140,A+,Sparkles,Less Then 30k,South Zone,4,2025,EARRING,1
ANUTEX SHOPPINGMALL LLP-3,ASM3,T19178,A+,Sparkles,30k-50k,South Zone,4,2026,EARRING,1
ANUTEX SHOPPINGMALL LLP-3,ASM3,T19183,A+,Sparkles,Less Then 30k,South Zone,4,2026,EARRING,1
ANUTEX SHOPPINGMALL LLP-3,ASM3,T19188,A+,Sparkles,Less Then 30k,South Zone,3,2026,EARRING,2
ANUTEX SHOPPINGMALL LLP-3,ASM3,T19193,A+,Sparkles,Less Then 30k,South Zone,8,2025,EARRING,1
ANUTEX SHOPPINGMALL LLP-3,ASM3,T19205,A+,Sparkles,Less Then 30k,South Zone,4,2026,EARRING,1
ANUTEX SHOPPINGMALL LLP-3,ASM3,T19242,A+,Sparkles,30k-50k,South Zone,3,2026,EARRING,1
ANUTEX SHOPPINGMALL LLP-3,ASM3,T19259,A+,Sparq,10k-15k,South Zone,2,2026,EARRING,1
ANUTEX SHOPPINGMALL LLP-3,ASM3,T19261,A+,Sparq,10k-15k,South Zone,1,2026,EARRING,1
ANUTEX SHOPPINGMALL LLP-3,ASM3,T19261,A+,Sparq,10k-15k,South Zone,12,2025,EARRING,1
ANUTEX SHOPPINGMALL LLP-3,ASM3,T19272,A+,Sparq,7k-10k,South Zone,12,2025,EARRING,1
ANUTEX SHOPPINGMALL LLP-3,ASM3,T19276,A+,Sparq,15k-25k,South Zone,9,2025,EARRING,1
ANUTEX SHOPPINGMALL LLP-3,ASM3,T19281,A+,Sparq,10k-15k,South Zone,3,2026,EARRING,1
ANUTEX SHOPPINGMALL LLP-3,ASM3,T19292,A+,Sparq,10k-15k,South Zone,12,2025,EARRING,1
ANUTEX SHOPPINGMALL LLP-3,ASM3,T19293,A+,Sparq,7k-10k,South Zone,2,2026,EARRING,1
ANUTEX SHOPPINGMALL LLP-3,ASM3,T19293,A+,Sparq,7k-10k,South Zone,3,2026,EARRING,1
ANUTEX SHOPPINGMALL LLP-3,ASM3,T19297,A+,Sparq,10k-15k,South Zone,12,2025,EARRING,1
ANUTEX SHOPPINGMALL LLP-3,ASM3,T19327,A+,Sparq,10k-15k,South Zone,2,2026,EARRING,1
ANUTEX SHOPPINGMALL LLP-3,ASM3,T19330,A+,Sparq,4k-7k,South Zone,2,2026,EARRING,1
ANUTEX SHOPPINGMALL LLP-3,ASM3,T19331,A+,Sparq,15k-25k,South Zone,2,2026,EARRING,1
ANUTEX SHOPPINGMALL LLP-3,ASM3,T19333,A+,Sparq,10k-15k,South Zone,2,2026,EARRING,1
ANUTEX SHOPPINGMALL LLP-3,ASM3,T19339,A+,Sparq,4k-7k,South Zone,2,2026,EARRING,2
ANUTEX SHOPPINGMALL LLP-3,ASM3,T19340,A+,Sparq,7k-10k,South Zone,12,2025,EARRING,2
ANUTEX SHOPPINGMALL LLP-3,ASM3,T19341,A+,Sparkles,Less Then 30k,South Zone,2,2026,EARRING,1
ANUTEX SHOPPINGMALL LLP-3,ASM3,T19341,A+,Sparkles,Less Then 30k,South Zone,5,2026,EARRING,1
ANUTEX SHOPPINGMALL LLP-3,ASM3,T19342,A+,Sparkles,Less Then 30k,South Zone,1,2026,EARRING,1
ANUTEX SHOPPINGMALL LLP-3,ASM3,T19342,A+,Sparkles,Less Then 30k,South Zone,11,2025,EARRING,1
ANUTEX SHOPPINGMALL LLP-3,ASM3,T19343,A+,Sparq,10k-15k,South Zone,12,2025,EARRING,1
ANUTEX SHOPPINGMALL LLP-3,ASM3,T19345,A+,Sparq,4k-7k,South Zone,2,2026,EARRING,2
ANUTEX SHOPPINGMALL LLP-3,ASM3,T19345,A+,Sparq,4k-7k,South Zone,12,2025,EARRING,1
ANUTEX SHOPPINGMALL LLP-3,ASM3,T19360,A+,Sparq,15k-25k,South Zone,2,2026,EARRING,1
ANUTEX SHOPPINGMALL LLP-3,ASM3,T19417,A+,Sparkles,30k-50k,South Zone,9,2025,EARRING,1
ANUTEX SHOPPINGMALL LLP-3,ASM3,T19428,A+,Sparq,7k-10k,South Zone,2,2026,EARRING,1
ANUTEX SHOPPINGMALL LLP-3,ASM3,T19433,A+,Sparq,10k-15k,South Zone,4,2026,EARRING,1
ANUTEX SHOPPINGMALL LLP-3,ASM3,T19435,A+,Sparq,10k-15k,South Zone,3,2026,EARRING,1
ANUTEX SHOPPINGMALL LLP-3,ASM3,T19435,A+,Sparq,10k-15k,South Zone,12,2025,EARRING,1
ANUTEX SHOPPINGMALL LLP-3,ASM3,T19447,A+,Sparq,Above 25k,South Zone,2,2026,EARRING,1
ANUTEX SHOPPINGMALL LLP-3,ASM3,T19449,A+,Sparq,15k-25k,South Zone,12,2025,EARRING,1
ANUTEX SHOPPINGMALL LLP-3,ASM3,T19457,A+,Sparq,7k-10k,South Zone,12,2025,EARRING,1
ANUTEX SHOPPINGMALL LLP-3,ASM3,T19480,A+,Sparq,15k-25k,South Zone,2,2026,EARRING,1
ANUTEX SHOPPINGMALL LLP-3,ASM3,T19498,A+,Sparkles,30k-50k,South Zone,1,2026,EARRING,1
ANUTEX SHOPPINGMALL LLP-3,ASM3,T19504,A+,Sparkles,30k-50k,South Zone,12,2025,EARRING,1
ANUTEX SHOPPINGMALL LLP-3,ASM3,T19636,A+,Sparkles,30k-50k,South Zone,5,2026,EARRING,1
ANUTEX SHOPPINGMALL LLP-3,ASM3,T19643,A+,Sparkles,30k-50k,South Zone,2,2026,EARRING,1
ANUTEX SHOPPINGMALL LLP-3,ASM3,T19643,A+,Sparkles,Less Then 30k,South Zone,12,2025,EARRING,1
ANUTEX SHOPPINGMALL LLP-3,ASM3,T19649,A+,Sparkles,30k-50k,South Zone,3,2026,EARRING,1
ANUTEX SHOPPINGMALL LLP-3,ASM3,T19651,A+,Sparq,7k-10k,South Zone,12,2025,EARRING,1
ANUTEX SHOPPINGMALL LLP-3,ASM3,T19710,A+,Sparq,4k-7k,South Zone,2,2026,EARRING,1
ANUTEX SHOPPINGMALL LLP-3,ASM3,T19721,A+,Sparq,4k-7k,South Zone,12,2025,EARRING,1
ANUTEX SHOPPINGMALL LLP-3,ASM3,T19726,A+,Sparq,4k-7k,South Zone,1,2026,EARRING,1
ANUTEX SHOPPINGMALL LLP-3,ASM3,T19728,A+,Sparq,2k-4k,South Zone,2,2026,EARRING,1
ANUTEX SHOPPINGMALL LLP-3,ASM3,T19728,A+,Sparq,2k-4k,South Zone,5,2026,EARRING,1
ANUTEX SHOPPINGMALL LLP-3,ASM3,T19728,A+,Sparq,2k-4k,South Zone,12,2025,EARRING,4
ANUTEX SHOPPINGMALL LLP-3,ASM3,T20031,A+,Sparkles,30k-50k,South Zone,12,2024,EARRING,1
ANUTEX SHOPPINGMALL LLP-3,ASM3,T20249,A+,Sparq,4k-7k,South Zone,12,2025,EARRING,1
ANUTEX SHOPPINGMALL LLP-3,ASM3,T20250,A+,Sparkles,30k-50k,South Zone,11,2025,EARRING,1
ANUTEX SHOPPINGMALL LLP-3,ASM3,T20263,A+,Sparq,15k-25k,South Zone,3,2026,EARRING,1
ANUTEX SHOPPINGMALL LLP-3,ASM3,T20269,A+,Sparq,15k-25k,South Zone,2,2026,EARRING,1
ANUTEX SHOPPINGMALL LLP-3,ASM3,T20276,A+,Sparkles,30k-50k,South Zone,5,2026,EARRING,1
ANUTEX SHOPPINGMALL LLP-3,ASM3,T20280,A+,Sparkles,50k-75k,South Zone,11,2025,EARRING,1
ANUTEX SHOPPINGMALL LLP-3,ASM3,T20281,A+,Sparkles,30k-50k,South Zone,12,2025,EARRING,1
ANUTEX SHOPPINGMALL LLP-3,ASM3,T20301,A+,Sparq,4k-7k,South Zone,12,2025,EARRING,1
ANUTEX SHOPPINGMALL LLP-3,ASM3,T20304,A+,Sparq,4k-7k,South Zone,2,2026,EARRING,1
ANUTEX SHOPPINGMALL LLP-3,ASM3,T20309,A+,Sparkles,30k-50k,South Zone,5,2026,EARRING,1
ANUTEX SHOPPINGMALL LLP-3,ASM3,T21602,A+,Sparq,10k-15k,South Zone,2,2026,EARRING,1
ANUTEX SHOPPINGMALL LLP-3,ASM3,T21606,A+,Sparq,10k-15k,South Zone,2,2026,EARRING,1
ANUTEX SHOPPINGMALL LLP-3,ASM3,T21607,A+,Sparkles,Less Then 30k,South Zone,5,2026,EARRING,1
ANUTEX SHOPPINGMALL LLP-3,ASM3,T21616,A+,Sparq,4k-7k,South Zone,12,2025,EARRING,2
ANUTEX SHOPPINGMALL LLP-3,ASM3,T21617,A+,Sparq,4k-7k,South Zone,2,2026,EARRING,1
ANUTEX SHOPPINGMALL LLP-3,ASM3,T21617,A+,Sparq,4k-7k,South Zone,12,2025,EARRING,1
ANUTEX SHOPPINGMALL LLP-3,ASM3,T21618,A+,Sparq,10k-15k,South Zone,2,2026,EARRING,1
ANUTEX SHOPPINGMALL LLP-3,ASM3,T21620,A+,Sparq,10k-15k,South Zone,2,2026,EARRING,1
ANUTEX SHOPPINGMALL LLP-3,ASM3,T21621,A+,Sparq,10k-15k,South Zone,12,2025,EARRING,1
ANUTEX SHOPPINGMALL LLP-3,ASM3,T21957,A+,Sparq,2k-4k,South Zone,1,2026,EARRING,1
ANUTEX SHOPPINGMALL LLP-3,ASM3,T21958,A+,Sparq,2k-4k,South Zone,1,2026,EARRING,1
ANUTEX SHOPPINGMALL LLP-3,ASM3,T2291,A+,Sparkles,50k-75k,South Zone,6,2024,EARRING,1
ANUTEX SHOPPINGMALL LLP-3,ASM3,T23054,A+,Sparq,7k-10k,South Zone,5,2026,EARRING,1
ANUTEX SHOPPINGMALL LLP-3,ASM3,T23097,A+,Sparq,4k-7k,South Zone,2,2026,EARRING,1
ANUTEX SHOPPINGMALL LLP-3,ASM3,T23098,A+,Sparq,4k-7k,South Zone,2,2026,EARRING,4
ANUTEX SHOPPINGMALL LLP-3,ASM3,T23098,A+,Sparq,4k-7k,South Zone,4,2026,EARRING,1
ANUTEX SHOPPINGMALL LLP-3,ASM3,T2331,A+,Sparkles,50k-75k,South Zone,3,2026,EARRING,1
ANUTEX SHOPPINGMALL LLP-3,ASM3,T2729,A+,Sparkles,Less Then 30k,South Zone,4,2026,EARRING,1
ANUTEX SHOPPINGMALL LLP-3,ASM3,T2729,A+,Sparkles,Less Then 30k,South Zone,11,2025,EARRING,2
ANUTEX SHOPPINGMALL LLP-3,ASM3,T3568,A+,Sparkles,Less Then 30k,South Zone,3,2026,EARRING,1
ANUTEX SHOPPINGMALL LLP-3,ASM3,T3568,A+,Sparkles,Less Then 30k,South Zone,5,2026,EARRING,1
ANUTEX SHOPPINGMALL LLP-3,ASM3,T3568,A+,Sparkles,Less Then 30k,South Zone,7,2025,EARRING,1
ANUTEX SHOPPINGMALL LLP-3,ASM3,T4826,A+,Sparkles,30k-50k,South Zone,12,2025,EARRING,1
ANUTEX SHOPPINGMALL LLP-3,ASM3,T5367,A+,Sparkles,Less Then 30k,South Zone,3,2025,EARRING,1
ANUTEX SHOPPINGMALL LLP-3,ASM3,T537,A+,Sparkles,Less Then 30k,South Zone,4,2026,EARRING,1
ANUTEX SHOPPINGMALL LLP-3,ASM3,T537,A+,Sparkles,Less Then 30k,South Zone,11,2025,EARRING,1
ANUTEX SHOPPINGMALL LLP-3,ASM3,T5663,A+,Sparkles,Less Then 30k,South Zone,4,2026,EARRING,1
ANUTEX SHOPPINGMALL LLP-3,ASM3,T6488,A+,Sparkles,Less Then 30k,South Zone,11,2025,EARRING,1
ANUTEX SHOPPINGMALL LLP-3,ASM3,T6503,A+,Sparkles,30k-50k,South Zone,3,2026,EARRING,1
ANUTEX SHOPPINGMALL LLP-3,ASM3,T6503,A+,Sparkles,30k-50k,South Zone,8,2024,EARRING,1
ANUTEX SHOPPINGMALL LLP-3,ASM3,T6503,A+,Sparkles,Less Then 30k,South Zone,8,2024,EARRING,1
ANUTEX SHOPPINGMALL LLP-3,ASM3,T6549,A+,Sparkles,30k-50k,South Zone,2,2026,EARRING,1
ANUTEX SHOPPINGMALL LLP-3,ASM3,T6652,A+,Sparkles,Less Then 30k,South Zone,8,2025,EARRING,1
ANUTEX SHOPPINGMALL LLP-3,ASM3,T8715,A+,Sparkles,Less Then 30k,South Zone,8,2024,EARRING,1
ANUTEX SHOPPINGMALL LLP-3,ASM3,T9699,A+,Sparkles,30k-50k,South Zone,2,2026,EARRING,1
ANUTEX SHOPPINGMALL LLP-3,ASM3,T9699,A+,Sparkles,Less Then 30k,South Zone,4,2026,EARRING,1
ANUTEX SHOPPINGMALL LLP-3,ASM3,T996,A+,Sparkles,30k-50k,South Zone,6,2025,EARRING,1
ANUTEX SHOPPINGMALL LLP-3,ASM3,T996,A+,Sparkles,Less Then 30k,South Zone,4,2026,EARRING,2
ANUTEX SHOPPINGMALL LLP-3,ASM3,TM19807,A+,Sparkles,30k-50k,South Zone,4,2026,TANMANIYA,1
ANUTEX SHOPPINGMALL LLP-3,ASM3,TM19808,A+,Sparkles,30k-50k,South Zone,3,2026,TANMANIYA,1
ANUTEX SHOPPINGMALL LLP-3,ASM3,TM19811,A+,Sparkles,50k-75k,South Zone,5,2026,TANMANIYA,1
ANUTEX SHOPPINGMALL LLP-3,ASM3,TM19812,A+,Sparkles,30k-50k,South Zone,4,2026,TANMANIYA,1
ANUTEX SHOPPINGMALL LLP-3,ASM3,TM19813,A+,Sparkles,50k-75k,South Zone,3,2026,TANMANIYA,1
ANUTEX SHOPPINGMALL LLP-3,ASM3,TM19836,A+,Sparq,15k-25k,South Zone,2,2026,TANMANIYA,1
ANUTEX SHOPPINGMALL LLP-3,ASM3,TN20405,A+,Sparkles,30k-50k,South Zone,3,2026,EARRING,1
ANUTEX SHOPPINGMALL LLP-3,ASM3,TN20405,A+,Sparkles,Less Then 30k,South Zone,2,2026,EARRING,1
ANUTEX SHOPPINGMALL LLP-3,ASM3,TN20405,A+,Sparkles,Less Then 30k,South Zone,12,2025,EARRING,1
ANUTEX SHOPPINGMALL LLP-3,ASM3,TN20406,A+,Sparkles,Less Then 30k,South Zone,5,2026,EARRING,1
ANUTEX SHOPPINGMALL LLP-3,ASM3,TN20409,A+,Sparkles,Less Then 30k,South Zone,1,2026,EARRING,2
ANUTEX SHOPPINGMALL LLP-3,ASM3,TN20409,A+,Sparkles,Less Then 30k,South Zone,11,2025,EARRING,1
ANUTEX SHOPPINGMALL LLP-3,ASM3,TN20409,A+,Sparkles,Less Then 30k,South Zone,12,2025,EARRING,1
ANUTEX SHOPPINGMALL LLP-3,ASM3,TN20410,A+,Sparkles,Less Then 30k,South Zone,2,2026,EARRING,1
ANUTEX SHOPPINGMALL LLP-3,ASM3,TN20412,A+,Sparkles,Less Then 30k,South Zone,3,2026,EARRING,1
ANUTEX SHOPPINGMALL LLP-3,ASM3,TN20413,A+,Sparkles,Less Then 30k,South Zone,5,2026,EARRING,1
ANUTEX SHOPPINGMALL LLP-3,ASM3,TN20414,A+,Sparkles,Less Then 30k,South Zone,5,2026,EARRING,1
ANUTEX SHOPPINGMALL LLP-3,ASM3,TN20414,A+,Sparkles,Less Then 30k,South Zone,12,2025,EARRING,1
ANUTEX SHOPPINGMALL LLP-3,ASM3,TN20416,A+,Sparkles,Less Then 30k,South Zone,12,2025,EARRING,1
ANUTEX SHOPPINGMALL LLP-3,ASM3,TN20449,A+,Sparq,10k-15k,South Zone,12,2025,EARRING,1
ANUTEX SHOPPINGMALL LLP-3,ASM3,TN20452,A+,Sparq,2k-4k,South Zone,2,2026,EARRING,3
ANUTEX SHOPPINGMALL LLP-3,ASM3,TN20452,A+,Sparq,2k-4k,South Zone,4,2026,EARRING,3
ANUTEX SHOPPINGMALL LLP-3,ASM3,TN20459,A+,Sparq,2k-4k,South Zone,2,2026,EARRING,1
ANUTEX SHOPPINGMALL LLP-3,ASM3,TN20460,A+,Sparq,2k-4k,South Zone,2,2026,EARRING,2
ANUTEX SHOPPINGMALL LLP-3,ASM3,TN20461,A+,Sparq,2k-4k,South Zone,2,2026,EARRING,1
ANUTEX SHOPPINGMALL LLP-3,ASM3,TN20462,A+,Sparq,2k-4k,South Zone,2,2026,EARRING,1
ANUTEX SHOPPINGMALL LLP-3,ASM3,TN20463,A+,Sparq,2k-4k,South Zone,2,2026,EARRING,1
ANUTEX SHOPPINGMALL LLP-3,ASM3,TN20463,A+,Sparq,2k-4k,South Zone,12,2025,EARRING,1
ANUTEX SHOPPINGMALL LLP-3,ASM3,TN20464,A+,Sparq,2k-4k,South Zone,2,2026,EARRING,2
ANUTEX SHOPPINGMALL LLP-3,ASM3,TN20465,A+,Sparq,2k-4k,South Zone,2,2026,EARRING,1
ANUTEX SHOPPINGMALL LLP-3,ASM3,TN20466,A+,Sparq,2k-4k,South Zone,2,2026,EARRING,1
ANUTEX SHOPPINGMALL LLP-3,ASM3,TN20467,A+,Sparq,2k-4k,South Zone,2,2026,EARRING,2
ANUTEX SHOPPINGMALL LLP-3,ASM3,TN20467,A+,Sparq,2k-4k,South Zone,4,2026,EARRING,1
ANUTEX SHOPPINGMALL LLP-3,ASM3,TN20467,A+,Sparq,2k-4k,South Zone,12,2025,EARRING,1
ANUTEX SHOPPINGMALL LLP-3,ASM3,TN20469,A+,Sparq,2k-4k,South Zone,1,2026,EARRING,1
ANUTEX SHOPPINGMALL LLP-3,ASM3,TN20469,A+,Sparq,2k-4k,South Zone,2,2026,EARRING,1
ANUTEX SHOPPINGMALL LLP-3,ASM3,TN20469,A+,Sparq,2k-4k,South Zone,12,2025,EARRING,1
ANUTEX SHOPPINGMALL LLP-3,ASM3,TN20470,A+,Sparq,2k-4k,South Zone,2,2026,EARRING,1
ANUTEX SHOPPINGMALL LLP-3,ASM3,TN20471,A+,Sparq,2k-4k,South Zone,2,2026,EARRING,1
ANUTEX SHOPPINGMALL LLP-3,ASM3,TN20471,A+,Sparq,2k-4k,South Zone,12,2025,EARRING,1
ANUTEX SHOPPINGMALL LLP-3,ASM3,TNP6365,A+,Sparkles,Less Then 30k,South Zone,7,2024,NOSE PIN,2
ANUTEX SHOPPINGMALL LLP-3,ASM3,TNP6365,A+,Sparkles,Less Then 30k,South Zone,8,2024,NOSE PIN,1
ANUTEX SHOPPINGMALL LLP-3,ASM3,TNP6365,A+,Sparkles,Less Then 30k,South Zone,10,2024,NOSE PIN,1
ANUTEX SHOPPINGMALL LLP-3,ASM3,TNP8516,A+,Sparkles,Less Then 30k,South Zone,12,2025,EARRING,1
ARUNAM JEWELS - Chandigarh,ARJ02,NP20505,B,Sparkles,Less Then 30k,North Zone,3,2026,NOSE PIN,1
ARUNAM JEWELS - Chandigarh,ARJ02,P20065,B,Sparq,Above 25k,North Zone,2,2026,PENDANT,1
ARUNAM JEWELS - Chandigarh,ARJ02,RN20403,B,Sparkles,Less Then 30k,North Zone,4,2026,RING,1
ARUNAM JEWELS - Chandigarh,ARJ02,SMNP504,B,Sparkles,Less Then 30k,North Zone,4,2026,NOSE PIN,1
ARUNAM JEWELS - Chandigarh,ARJ02,T23052,B,Sparq,4k-7k,North Zone,2,2026,EARRING,1
ARUNAM JEWELS - Chandigarh,ARJ02,TM19852,B,Sparq,15k-25k,North Zone,2,2026,TANMANIYA,1
ASHA JEWELLERS,ASJ01,CHAIN1,B,Sparq,2k-4k,North Zone,2,2026,CHAIN,1
ASHA JEWELLERS,ASJ01,N19704,B,Sparq,4k-7k,North Zone,10,2025,NECKLACE,1
ASHA JEWELLERS,ASJ01,N19736,B,Sparq,4k-7k,North Zone,2,2026,NECKLACE,1
ASHA JEWELLERS,ASJ01,N8145,B,Sparq,7k-10k,North Zone,4,2026,TANMANIYA,1
ASHA JEWELLERS,ASJ01,P20116,B,Sparq,10k-15k,North Zone,2,2026,PENDANT,1
ASHA JEWELLERS,ASJ01,P20321,B,Sparq,Above 25k,North Zone,5,2026,PENDANT,1
ASHA JEWELLERS,ASJ01,R14523,B,Sparq,15k-25k,North Zone,4,2026,RING,1
ASHA JEWELLERS,ASJ01,R14536,B,Sparq,7k-10k,North Zone,11,2025,RING,1
ASHA JEWELLERS,ASJ01,R14689,B,Sparq,7k-10k,North Zone,2,2026,RING,1
ASHA JEWELLERS,ASJ01,R14995,B,Sparq,Less Then 2k,North Zone,5,2026,RING,1
ASHA JEWELLERS,ASJ01,R19656,B,Sparq,7k-10k,North Zone,2,2026,RING,1
ASHA JEWELLERS,ASJ01,R19685,B,Sparq,7k-10k,North Zone,4,2026,RING,1
ASHA JEWELLERS,ASJ01,R20263,B,Sparq,7k-10k,North Zone,4,2026,RING,1
ASHA JEWELLERS,ASJ01,R7203,B,Sparq,7k-10k,North Zone,10,2025,RING,1
ASHA JEWELLERS,ASJ01,T19259,B,Sparq,7k-10k,North Zone,10,2025,EARRING,1
ASHA JEWELLERS,ASJ01,T19265,B,Sparq,15k-25k,North Zone,2,2026,EARRING,1
ASHA JEWELLERS,ASJ01,T20304,B,Sparq,4k-7k,North Zone,4,2026,EARRING,1
ASHA JEWELLERS,ASJ01,T20321,B,Sparq,Above 25k,North Zone,5,2026,EARRING,1
ASHA JEWELLERS,ASJ01,TN20468,B,Sparq,2k-4k,North Zone,4,2026,EARRING,1
ASTER SILVER JEWELS,ASJ1,NP20529,B,Sparq,Less Then 2k,North Zone,3,2026,NOSE PIN,1
ASTER SILVER JEWELS,ASJ1,NP2231,B,Sparq,2k-4k,North Zone,4,2026,NOSE PIN,1
ASTER SILVER JEWELS,ASJ1,P20102,B,Sparq,2k-4k,North Zone,3,2026,PENDANT,1
ASTER SILVER JEWELS,ASJ1,PN20469,B,Sparq,Less Then 2k,North Zone,1,2026,PENDANT,1
ASTER SILVER JEWELS,ASJ1,PN20471,B,Sparq,Less Then 2k,North Zone,2,2026,PENDANT,1
ASTER SILVER JEWELS,ASJ1,R14510,B,Sparq,4k-7k,North Zone,10,2025,RING,1
ASTER SILVER JEWELS,ASJ1,R14519,B,Sparq,10k-15k,North Zone,4,2026,RING,1
ASTER SILVER JEWELS,ASJ1,R14522,B,Sparq,4k-7k,North Zone,4,2026,RING,1
ASTER SILVER JEWELS,ASJ1,R14676,B,Sparq,4k-7k,North Zone,1,2026,RING,1
ASTER SILVER JEWELS,ASJ1,R14676,B,Sparq,4k-7k,North Zone,3,2026,RING,1
ASTER SILVER JEWELS,ASJ1,R4232,B,Sparq,4k-7k,North Zone,3,2026,RING,1
ASTER SILVER JEWELS,ASJ1,RN20463,B,Sparq,2k-4k,North Zone,4,2026,RING,1
ASTER SILVER JEWELS,ASJ1,RN20464,B,Sparq,Less Then 2k,North Zone,1,2026,RING,1
ASTER SILVER JEWELS,ASJ1,SMNP537,B,Sparq,2k-4k,North Zone,2,2026,NOSE PIN,1
ASTER SILVER JEWELS,ASJ1,T19291,B,Sparq,4k-7k,North Zone,2,2026,EARRING,1
ASTER SILVER JEWELS,ASJ1,T20301,B,Sparq,4k-7k,North Zone,3,2026,EARRING,1
ASTER SILVER JEWELS,ASJ1,TN20466,B,Sparq,Less Then 2k,North Zone,2,2026,EARRING,1
CB AGROS AND SHOPPING MALLS-PRODDATUR - Andhra,CBA8,AFDT1409,B,Sparkles,30k-50k,South Zone,4,2026,EARRING,1
CB AGROS AND SHOPPING MALLS-PRODDATUR - Andhra,CBA8,N19618,B,Sparkles,30k-50k,South Zone,10,2025,NECKLACE,1
CB AGROS AND SHOPPING MALLS-PRODDATUR - Andhra,CBA8,NP11015,B,Sparkles,Less Then 30k,South Zone,7,2025,NOSE PIN,1
CB AGROS AND SHOPPING MALLS-PRODDATUR - Andhra,CBA8,NP11018,B,Sparkles,Less Then 30k,South Zone,8,2025,NOSE PIN,2
CB AGROS AND SHOPPING MALLS-PRODDATUR - Andhra,CBA8,NP1876,B,Sparkles,Less Then 30k,South Zone,5,2025,NOSE PIN,1
CB AGROS AND SHOPPING MALLS-PRODDATUR - Andhra,CBA8,NP1878,B,Sparkles,Less Then 30k,South Zone,7,2025,NOSE PIN,1
CB AGROS AND SHOPPING MALLS-PRODDATUR - Andhra,CBA8,NP1883,B,Sparkles,Less Then 30k,South Zone,11,2025,NOSE PIN,1
CB AGROS AND SHOPPING MALLS-PRODDATUR - Andhra,CBA8,NP20504,B,Sparkles,Less Then 30k,South Zone,5,2025,NOSE PIN,2
CB AGROS AND SHOPPING MALLS-PRODDATUR - Andhra,CBA8,NP20510,B,Sparkles,Less Then 30k,South Zone,6,2025,NOSE PIN,1
CB AGROS AND SHOPPING MALLS-PRODDATUR - Andhra,CBA8,NP21754,B,Sparkles,Less Then 30k,South Zone,5,2025,NOSE PIN,2
CB AGROS AND SHOPPING MALLS-PRODDATUR - Andhra,CBA8,NP4706,B,Sparkles,Less Then 30k,South Zone,5,2025,NOSE PIN,1
CB AGROS AND SHOPPING MALLS-PRODDATUR - Andhra,CBA8,NP4706,B,Sparkles,Less Then 30k,South Zone,11,2025,NOSE PIN,1
CB AGROS AND SHOPPING MALLS-PRODDATUR - Andhra,CBA8,NP7951,B,Sparkles,Less Then 30k,South Zone,5,2025,NOSE PIN,1
CB AGROS AND SHOPPING MALLS-PRODDATUR - Andhra,CBA8,NP7951,B,Sparkles,Less Then 30k,South Zone,8,2025,NOSE PIN,1
CB AGROS AND SHOPPING MALLS-PRODDATUR - Andhra,CBA8,NP7953,B,Sparkles,Less Then 30k,South Zone,5,2025,NOSE PIN,1
CB AGROS AND SHOPPING MALLS-PRODDATUR - Andhra,CBA8,NP8516,B,Sparkles,Less Then 30k,South Zone,4,2026,NOSE PIN,2
CB AGROS AND SHOPPING MALLS-PRODDATUR - Andhra,CBA8,NP8516,B,Sparkles,Less Then 30k,South Zone,5,2025,NOSE PIN,1
CB AGROS AND SHOPPING MALLS-PRODDATUR - Andhra,CBA8,NP8519,B,Sparkles,Less Then 30k,South Zone,7,2025,NOSE PIN,1
CB AGROS AND SHOPPING MALLS-PRODDATUR - Andhra,CBA8,NPA1754,B,Sparkles,Less Then 30k,South Zone,5,2025,NOSE PIN,1
CB AGROS AND SHOPPING MALLS-PRODDATUR - Andhra,CBA8,P20060,B,Sparkles,Less Then 30k,South Zone,3,2026,PENDANT,1
CB AGROS AND SHOPPING MALLS-PRODDATUR - Andhra,CBA8,R14483,B,Sparkles,30k-50k,South Zone,8,2025,RING,1
CB AGROS AND SHOPPING MALLS-PRODDATUR - Andhra,CBA8,R14567,B,Sparkles,30k-50k,South Zone,6,2025,RING,1
CB AGROS AND SHOPPING MALLS-PRODDATUR - Andhra,CBA8,R9063,B,Sparkles,Less Then 30k,South Zone,8,2025,RING,1
CB AGROS AND SHOPPING MALLS-PRODDATUR - Andhra,CBA8,RN14825,B,Sparkles,Less Then 30k,South Zone,5,2026,RING,1
CB AGROS AND SHOPPING MALLS-PRODDATUR - Andhra,CBA8,SMNP520,B,Sparkles,Less Then 30k,South Zone,5,2025,NOSE PIN,1
CB AGROS AND SHOPPING MALLS-PRODDATUR - Andhra,CBA8,SMNP537,B,Sparkles,Less Then 30k,South Zone,5,2026,NOSE PIN,1
CB AGROS AND SHOPPING MALLS-PRODDATUR - Andhra,CBA8,T15120,B,Sparkles,30k-50k,South Zone,8,2025,EARRING,1
CB AGROS AND SHOPPING MALLS-PRODDATUR - Andhra,CBA8,T18251,B,Sparkles,50k-75k,South Zone,4,2026,EARRING,1
CB AGROS AND SHOPPING MALLS-PRODDATUR - Andhra,CBA8,T18555,B,Sparkles,Less Then 30k,South Zone,1,2026,EARRING,1
CB AGROS AND SHOPPING MALLS-PRODDATUR - Andhra,CBA8,T18670,B,Sparkles,30k-50k,South Zone,5,2026,EARRING,1
CB AGROS AND SHOPPING MALLS-PRODDATUR - Andhra,CBA8,T18679,B,Sparkles,50k-75k,South Zone,2,2026,EARRING,1
CB AGROS AND SHOPPING MALLS-PRODDATUR - Andhra,CBA8,T19174,B,Sparkles,30k-50k,South Zone,3,2026,EARRING,1
CB AGROS AND SHOPPING MALLS-PRODDATUR - Andhra,CBA8,T19188,B,Sparkles,Less Then 30k,South Zone,5,2026,EARRING,1
CB AGROS AND SHOPPING MALLS-PRODDATUR - Andhra,CBA8,T19226,B,Sparkles,30k-50k,South Zone,6,2025,EARRING,1
CB AGROS AND SHOPPING MALLS-VIJAYWADA-4 - Andhra-Lenan,CBA4,AFDT1411,B,Sparkles,Less Then 30k,South Zone,7,2025,EARRING,1
CB AGROS AND SHOPPING MALLS-VIJAYWADA-4 - Andhra-Lenan,CBA4,NP12432,B,Sparkles,Less Then 30k,South Zone,3,2026,NOSE PIN,2
CB AGROS AND SHOPPING MALLS-VIJAYWADA-4 - Andhra-Lenan,CBA4,NP12432,B,Sparkles,Less Then 30k,South Zone,12,2025,NOSE PIN,1
CB AGROS AND SHOPPING MALLS-VIJAYWADA-4 - Andhra-Lenan,CBA4,NP13651,B,Sparkles,Less Then 30k,South Zone,3,2026,NOSE PIN,1
CB AGROS AND SHOPPING MALLS-VIJAYWADA-4 - Andhra-Lenan,CBA4,NP1754,B,Sparkles,Less Then 30k,South Zone,4,2026,NOSE PIN,2
CB AGROS AND SHOPPING MALLS-VIJAYWADA-4 - Andhra-Lenan,CBA4,NP1754,B,Sparkles,Less Then 30k,South Zone,5,2026,NOSE PIN,2
CB AGROS AND SHOPPING MALLS-VIJAYWADA-4 - Andhra-Lenan,CBA4,NP1879,B,Sparkles,Less Then 30k,South Zone,4,2026,NOSE PIN,1
CB AGROS AND SHOPPING MALLS-VIJAYWADA-4 - Andhra-Lenan,CBA4,NP20505,B,Sparkles,Less Then 30k,South Zone,11,2025,NOSE PIN,1
CB AGROS AND SHOPPING MALLS-VIJAYWADA-4 - Andhra-Lenan,CBA4,NP20507,B,Sparkles,Less Then 30k,South Zone,10,2025,NOSE PIN,2
CB AGROS AND SHOPPING MALLS-VIJAYWADA-4 - Andhra-Lenan,CBA4,NP21754,B,Sparkles,Less Then 30k,South Zone,3,2026,NOSE PIN,1
CB AGROS AND SHOPPING MALLS-VIJAYWADA-4 - Andhra-Lenan,CBA4,NP21754,B,Sparkles,Less Then 30k,South Zone,4,2026,NOSE PIN,2
CB AGROS AND SHOPPING MALLS-VIJAYWADA-4 - Andhra-Lenan,CBA4,NP21754,B,Sparkles,Less Then 30k,South Zone,10,2025,NOSE PIN,1
CB AGROS AND SHOPPING MALLS-VIJAYWADA-4 - Andhra-Lenan,CBA4,NP22432,B,Sparkles,Less Then 30k,South Zone,8,2025,NOSE PIN,1
CB AGROS AND SHOPPING MALLS-VIJAYWADA-4 - Andhra-Lenan,CBA4,NP2273,B,Sparkles,Less Then 30k,South Zone,5,2026,NOSE PIN,3
CB AGROS AND SHOPPING MALLS-VIJAYWADA-4 - Andhra-Lenan,CBA4,NP273,B,Sparkles,Less Then 30k,South Zone,5,2026,NOSE PIN,1
CB AGROS AND SHOPPING MALLS-VIJAYWADA-4 - Andhra-Lenan,CBA4,NP3261,B,Sparq,2k-4k,South Zone,4,2026,NOSE PIN,1
CB AGROS AND SHOPPING MALLS-VIJAYWADA-4 - Andhra-Lenan,CBA4,NP3283,B,Sparkles,Less Then 30k,South Zone,12,2025,NOSE PIN,1
CB AGROS AND SHOPPING MALLS-VIJAYWADA-4 - Andhra-Lenan,CBA4,NP5231,B,Sparkles,Less Then 30k,South Zone,3,2026,NOSE PIN,2
CB AGROS AND SHOPPING MALLS-VIJAYWADA-4 - Andhra-Lenan,CBA4,NP7134,B,Sparkles,Less Then 30k,South Zone,11,2025,NOSE PIN,1
CB AGROS AND SHOPPING MALLS-VIJAYWADA-4 - Andhra-Lenan,CBA4,NP7231,B,Sparq,Less Then 2k,South Zone,4,2026,NOSE PIN,1
CB AGROS AND SHOPPING MALLS-VIJAYWADA-4 - Andhra-Lenan,CBA4,NP7951,B,Sparkles,Less Then 30k,South Zone,9,2025,NOSE PIN,1
CB AGROS AND SHOPPING MALLS-VIJAYWADA-4 - Andhra-Lenan,CBA4,NP8514,B,Sparkles,Less Then 30k,South Zone,4,2026,NOSE PIN,1
CB AGROS AND SHOPPING MALLS-VIJAYWADA-4 - Andhra-Lenan,CBA4,NP8514,B,Sparkles,Less Then 30k,South Zone,9,2025,NOSE PIN,2
CB AGROS AND SHOPPING MALLS-VIJAYWADA-4 - Andhra-Lenan,CBA4,NP8514,B,Sparkles,Less Then 30k,South Zone,12,2025,NOSE PIN,1
CB AGROS AND SHOPPING MALLS-VIJAYWADA-4 - Andhra-Lenan,CBA4,NP8516,B,Sparkles,Less Then 30k,South Zone,5,2026,NOSE PIN,1
CB AGROS AND SHOPPING MALLS-VIJAYWADA-4 - Andhra-Lenan,CBA4,NP8516,B,Sparkles,Less Then 30k,South Zone,9,2025,NOSE PIN,2
CB AGROS AND SHOPPING MALLS-VIJAYWADA-4 - Andhra-Lenan,CBA4,NP8516,B,Sparkles,Less Then 30k,South Zone,10,2025,NOSE PIN,2
CB AGROS AND SHOPPING MALLS-VIJAYWADA-4 - Andhra-Lenan,CBA4,NP8517,B,Sparkles,Less Then 30k,South Zone,4,2026,NOSE PIN,3
CB AGROS AND SHOPPING MALLS-VIJAYWADA-4 - Andhra-Lenan,CBA4,R11930,B,Sparkles,30k-50k,South Zone,2,2026,RING,1
CB AGROS AND SHOPPING MALLS-VIJAYWADA-4 - Andhra-Lenan,CBA4,R12287,B,Sparkles,50k-75k,South Zone,12,2025,RING,1
CB AGROS AND SHOPPING MALLS-VIJAYWADA-4 - Andhra-Lenan,CBA4,R14443,B,Sparkles,Less Then 30k,South Zone,3,2026,RING,1
CB AGROS AND SHOPPING MALLS-VIJAYWADA-4 - Andhra-Lenan,CBA4,R14511,B,Sparq,7k-10k,South Zone,5,2026,RING,1
CB AGROS AND SHOPPING MALLS-VIJAYWADA-4 - Andhra-Lenan,CBA4,R14673,B,Sparq,4k-7k,South Zone,3,2026,RING,1
CB AGROS AND SHOPPING MALLS-VIJAYWADA-4 - Andhra-Lenan,CBA4,R15047,B,Sparq,7k-10k,South Zone,3,2026,RING,1
CB AGROS AND SHOPPING MALLS-VIJAYWADA-4 - Andhra-Lenan,CBA4,R15055,B,Sparq,4k-7k,South Zone,4,2026,RING,1
CB AGROS AND SHOPPING MALLS-VIJAYWADA-4 - Andhra-Lenan,CBA4,RN20452,B,Sparq,Less Then 2k,South Zone,5,2026,RING,1
CB AGROS AND SHOPPING MALLS-VIJAYWADA-4 - Andhra-Lenan,CBA4,T19014,B,Sparkles,50k-75k,South Zone,12,2025,EARRING,1
CB AGROS AND SHOPPING MALLS-VIJAYWADA-4 - Andhra-Lenan,CBA4,T19099,B,Sparkles,30k-50k,South Zone,3,2026,EARRING,1
CB AGROS AND SHOPPING MALLS-VIJAYWADA-4 - Andhra-Lenan,CBA4,T19103,B,Sparkles,30k-50k,South Zone,7,2025,EARRING,1
CB AGROS AND SHOPPING MALLS-VIJAYWADA-4 - Andhra-Lenan,CBA4,T19205,B,Sparkles,Less Then 30k,South Zone,10,2025,EARRING,1
CB AGROS AND SHOPPING MALLS-VIJAYWADA-4 - Andhra-Lenan,CBA4,T19432,B,Sparq,7k-10k,South Zone,5,2026,EARRING,1
CB AGROS AND SHOPPING MALLS-VIJAYWADA-4 - Andhra-Lenan,CBA4,T23081,B,Sparq,4k-7k,South Zone,4,2026,EARRING,1
CB AGROS AND SHOPPING MALLS-VIJAYWADA-4 - Andhra-Lenan,CBA4,TNP6365,B,Sparkles,Less Then 30k,South Zone,1,2026,NOSE PIN,1
CB AGROS AND SHOPPING MALLS-VIJAYWADA-6 - MG Road Andhra,CBA6,NP11015,B,Sparkles,Less Then 30k,South Zone,5,2025,NOSE PIN,1
CB AGROS AND SHOPPING MALLS-VIJAYWADA-6 - MG Road Andhra,CBA6,NP1102,B,Sparkles,Less Then 30k,South Zone,8,2025,NOSE PIN,1
CB AGROS AND SHOPPING MALLS-VIJAYWADA-6 - MG Road Andhra,CBA6,NP1754,B,Sparkles,Less Then 30k,South Zone,9,2025,NOSE PIN,1
CB AGROS AND SHOPPING MALLS-VIJAYWADA-6 - MG Road Andhra,CBA6,NP1876,B,Sparkles,Less Then 30k,South Zone,6,2025,NOSE PIN,1
CB AGROS AND SHOPPING MALLS-VIJAYWADA-6 - MG Road Andhra,CBA6,NP1876,B,Sparkles,Less Then 30k,South Zone,9,2025,NOSE PIN,1
CB AGROS AND SHOPPING MALLS-VIJAYWADA-6 - MG Road Andhra,CBA6,NP1878,B,Sparkles,Less Then 30k,South Zone,6,2025,NOSE PIN,1
CB AGROS AND SHOPPING MALLS-VIJAYWADA-6 - MG Road Andhra,CBA6,NP1878,B,Sparkles,Less Then 30k,South Zone,9,2025,NOSE PIN,1
CB AGROS AND SHOPPING MALLS-VIJAYWADA-6 - MG Road Andhra,CBA6,NP1883,B,Sparkles,Less Then 30k,South Zone,9,2025,NOSE PIN,2
CB AGROS AND SHOPPING MALLS-VIJAYWADA-6 - MG Road Andhra,CBA6,NP21754,B,Sparkles,Less Then 30k,South Zone,7,2025,NOSE PIN,1
CB AGROS AND SHOPPING MALLS-VIJAYWADA-6 - MG Road Andhra,CBA6,NP7231,B,Sparkles,Less Then 30k,South Zone,5,2026,NOSE PIN,1
CB AGROS AND SHOPPING MALLS-VIJAYWADA-6 - MG Road Andhra,CBA6,NP8516,B,Sparkles,Less Then 30k,South Zone,8,2025,NOSE PIN,1
CB AGROS AND SHOPPING MALLS-VIJAYWADA-6 - MG Road Andhra,CBA6,NP8519,B,Sparkles,Less Then 30k,South Zone,9,2025,NOSE PIN,1
CB AGROS AND SHOPPING MALLS-VIJAYWADA-6 - MG Road Andhra,CBA6,NPA1754,B,Sparkles,Less Then 30k,South Zone,5,2025,NOSE PIN,1
CB AGROS AND SHOPPING MALLS-VIJAYWADA-6 - MG Road Andhra,CBA6,R11923,B,Sparkles,30k-50k,South Zone,8,2025,RING,1
CB AGROS AND SHOPPING MALLS-VIJAYWADA-6 - MG Road Andhra,CBA6,T15029,B,Sparkles,50k-75k,South Zone,5,2026,EARRING,1
CB AGROS AND SHOPPING MALLS-VIJAYWADA-6 - MG Road Andhra,CBA6,T6549,B,Sparkles,50k-75k,South Zone,4,2026,EARRING,1
CB AGROS AND SHOPPING MALLS-VIJAYWADA-6 - MG Road Andhra,CBA6,TM19843,B,Sparq,Above 25k,South Zone,4,2026,TANMANIYA,1
CM15-CHANDANA BROTHERS TEXTILES &JEWELLERS P LTD,CM15,AFDT1410,B,Sparkles,Less Then 30k,South Zone,10,2024,EARRING,1
CM15-CHANDANA BROTHERS TEXTILES &JEWELLERS P LTD,CM15,NP10912,B,Sparkles,Less Then 30k,South Zone,3,2021,NOSE PIN,1
CM15-CHANDANA BROTHERS TEXTILES &JEWELLERS P LTD,CM15,NP10938,B,Sparkles,Less Then 30k,South Zone,11,2023,NOSE PIN,2
CM15-CHANDANA BROTHERS TEXTILES &JEWELLERS P LTD,CM15,NP11014,B,Sparkles,Less Then 30k,South Zone,4,2022,NOSE PIN,1
CM15-CHANDANA BROTHERS TEXTILES &JEWELLERS P LTD,CM15,NP11016,B,Sparkles,Less Then 30k,South Zone,11,2023,NOSE PIN,1
CM15-CHANDANA BROTHERS TEXTILES &JEWELLERS P LTD,CM15,NP11017,B,Sparkles,Less Then 30k,South Zone,3,2021,NOSE PIN,1
CM15-CHANDANA BROTHERS TEXTILES &JEWELLERS P LTD,CM15,NP11017,B,Sparkles,Less Then 30k,South Zone,9,2021,NOSE PIN,1
CM15-CHANDANA BROTHERS TEXTILES &JEWELLERS P LTD,CM15,NP11018,B,Sparkles,Less Then 30k,South Zone,7,2021,NOSE PIN,1
CM15-CHANDANA BROTHERS TEXTILES &JEWELLERS P LTD,CM15,NP11019,B,Sparkles,Less Then 30k,South Zone,12,2021,NOSE PIN,1
CM15-CHANDANA BROTHERS TEXTILES &JEWELLERS P LTD,CM15,NP11020,B,Sparkles,Less Then 30k,South Zone,3,2022,NOSE PIN,1
CM15-CHANDANA BROTHERS TEXTILES &JEWELLERS P LTD,CM15,NP11020,B,Sparkles,Less Then 30k,South Zone,6,2022,NOSE PIN,1
CM15-CHANDANA BROTHERS TEXTILES &JEWELLERS P LTD,CM15,NP11020,B,Sparkles,Less Then 30k,South Zone,9,2021,NOSE PIN,1
CM15-CHANDANA BROTHERS TEXTILES &JEWELLERS P LTD,CM15,NP11754,B,Sparkles,Less Then 30k,South Zone,10,2021,NOSE PIN,1
CM15-CHANDANA BROTHERS TEXTILES &JEWELLERS P LTD,CM15,NP12432,B,Sparkles,Less Then 30k,South Zone,1,2024,NOSE PIN,1
CM15-CHANDANA BROTHERS TEXTILES &JEWELLERS P LTD,CM15,NP12432,B,Sparkles,Less Then 30k,South Zone,9,2021,NOSE PIN,1
CM15-CHANDANA BROTHERS TEXTILES &JEWELLERS P LTD,CM15,NP1259,B,Sparkles,Less Then 30k,South Zone,5,2023,NOSE PIN,1
CM15-CHANDANA BROTHERS TEXTILES &JEWELLERS P LTD,CM15,NP1487,B,Sparkles,Less Then 30k,South Zone,5,2022,NOSE PIN,1
CM15-CHANDANA BROTHERS TEXTILES &JEWELLERS P LTD,CM15,NP1495,B,Sparkles,Less Then 30k,South Zone,2,2023,NOSE PIN,1
CM15-CHANDANA BROTHERS TEXTILES &JEWELLERS P LTD,CM15,NP1495,B,Sparkles,Less Then 30k,South Zone,3,2021,NOSE PIN,1
CM15-CHANDANA BROTHERS TEXTILES &JEWELLERS P LTD,CM15,NP1495,B,Sparkles,Less Then 30k,South Zone,6,2022,NOSE PIN,1
CM15-CHANDANA BROTHERS TEXTILES &JEWELLERS P LTD,CM15,NP1495,B,Sparkles,Less Then 30k,South Zone,9,2022,NOSE PIN,1
CM15-CHANDANA BROTHERS TEXTILES &JEWELLERS P LTD,CM15,NP1754,B,Sparkles,Less Then 30k,South Zone,2,2020,NOSE PIN,2
CM15-CHANDANA BROTHERS TEXTILES &JEWELLERS P LTD,CM15,NP1754,B,Sparkles,Less Then 30k,South Zone,2,2021,NOSE PIN,4
CM15-CHANDANA BROTHERS TEXTILES &JEWELLERS P LTD,CM15,NP1754,B,Sparkles,Less Then 30k,South Zone,11,2019,NOSE PIN,1
CM15-CHANDANA BROTHERS TEXTILES &JEWELLERS P LTD,CM15,NP1754,B,Sparkles,Less Then 30k,South Zone,12,2019,NOSE PIN,2
CM15-CHANDANA BROTHERS TEXTILES &JEWELLERS P LTD,CM15,NP1875,B,Sparkles,30k-50k,South Zone,6,2024,NOSE PIN,1
CM15-CHANDANA BROTHERS TEXTILES &JEWELLERS P LTD,CM15,NP1876,B,Sparkles,Less Then 30k,South Zone,8,2024,NOSE PIN,3
CM15-CHANDANA BROTHERS TEXTILES &JEWELLERS P LTD,CM15,NP1876,B,Sparkles,Less Then 30k,South Zone,9,2024,NOSE PIN,3
CM15-CHANDANA BROTHERS TEXTILES &JEWELLERS P LTD,CM15,NP1876,B,Sparkles,Less Then 30k,South Zone,11,2024,NOSE PIN,2
CM15-CHANDANA BROTHERS TEXTILES &JEWELLERS P LTD,CM15,NP1877,B,Sparkles,Less Then 30k,South Zone,4,2024,NOSE PIN,2
CM15-CHANDANA BROTHERS TEXTILES &JEWELLERS P LTD,CM15,NP1877,B,Sparkles,Less Then 30k,South Zone,5,2024,NOSE PIN,1
CM15-CHANDANA BROTHERS TEXTILES &JEWELLERS P LTD,CM15,NP1878,B,Sparkles,Less Then 30k,South Zone,6,2024,NOSE PIN,1
CM15-CHANDANA BROTHERS TEXTILES &JEWELLERS P LTD,CM15,NP1878,B,Sparkles,Less Then 30k,South Zone,12,2024,NOSE PIN,3
CM15-CHANDANA BROTHERS TEXTILES &JEWELLERS P LTD,CM15,NP1879,B,Sparkles,Less Then 30k,South Zone,1,2024,NOSE PIN,1
CM15-CHANDANA BROTHERS TEXTILES &JEWELLERS P LTD,CM15,NP1879,B,Sparkles,Less Then 30k,South Zone,2,2024,NOSE PIN,2
CM15-CHANDANA BROTHERS TEXTILES &JEWELLERS P LTD,CM15,NP1879,B,Sparkles,Less Then 30k,South Zone,3,2024,NOSE PIN,1
CM15-CHANDANA BROTHERS TEXTILES &JEWELLERS P LTD,CM15,NP1880,B,Sparkles,Less Then 30k,South Zone,3,2024,NOSE PIN,1
CM15-CHANDANA BROTHERS TEXTILES &JEWELLERS P LTD,CM15,NP1880,B,Sparkles,Less Then 30k,South Zone,4,2024,NOSE PIN,2
CM15-CHANDANA BROTHERS TEXTILES &JEWELLERS P LTD,CM15,NP1880,B,Sparkles,Less Then 30k,South Zone,5,2024,NOSE PIN,2
CM15-CHANDANA BROTHERS TEXTILES &JEWELLERS P LTD,CM15,NP1880,B,Sparkles,Less Then 30k,South Zone,7,2024,NOSE PIN,1
CM15-CHANDANA BROTHERS TEXTILES &JEWELLERS P LTD,CM15,NP1880,B,Sparkles,Less Then 30k,South Zone,10,2024,NOSE PIN,1
CM15-CHANDANA BROTHERS TEXTILES &JEWELLERS P LTD,CM15,NP1881,B,Sparkles,Less Then 30k,South Zone,8,2024,NOSE PIN,1
CM15-CHANDANA BROTHERS TEXTILES &JEWELLERS P LTD,CM15,NP1882,B,Sparkles,Less Then 30k,South Zone,9,2024,NOSE PIN,3
CM15-CHANDANA BROTHERS TEXTILES &JEWELLERS P LTD,CM15,NP1882,B,Sparkles,Less Then 30k,South Zone,10,2024,NOSE PIN,1
CM15-CHANDANA BROTHERS TEXTILES &JEWELLERS P LTD,CM15,NP1884,B,Sparkles,Less Then 30k,South Zone,3,2024,NOSE PIN,1
CM15-CHANDANA BROTHERS TEXTILES &JEWELLERS P LTD,CM15,NP1884,B,Sparkles,Less Then 30k,South Zone,6,2024,NOSE PIN,2
CM15-CHANDANA BROTHERS TEXTILES &JEWELLERS P LTD,CM15,NP1884,B,Sparkles,Less Then 30k,South Zone,7,2024,NOSE PIN,2
CM15-CHANDANA BROTHERS TEXTILES &JEWELLERS P LTD,CM15,NP1884,B,Sparkles,Less Then 30k,South Zone,8,2024,NOSE PIN,1
CM15-CHANDANA BROTHERS TEXTILES &JEWELLERS P LTD,CM15,NP20508,B,Sparkles,Less Then 30k,South Zone,9,2024,NOSE PIN,2
CM15-CHANDANA BROTHERS TEXTILES &JEWELLERS P LTD,CM15,NP20511,B,Sparkles,Less Then 30k,South Zone,12,2024,NOSE PIN,1
CM15-CHANDANA BROTHERS TEXTILES &JEWELLERS P LTD,CM15,NP21754,B,Sparkles,Less Then 30k,South Zone,9,2024,NOSE PIN,1
CM15-CHANDANA BROTHERS TEXTILES &JEWELLERS P LTD,CM15,NP21754,B,Sparkles,Less Then 30k,South Zone,12,2024,NOSE PIN,1
CM15-CHANDANA BROTHERS TEXTILES &JEWELLERS P LTD,CM15,NP2231,B,Sparkles,Less Then 30k,South Zone,1,2022,NOSE PIN,2
CM15-CHANDANA BROTHERS TEXTILES &JEWELLERS P LTD,CM15,NP2231,B,Sparkles,Less Then 30k,South Zone,8,2024,NOSE PIN,1
CM15-CHANDANA BROTHERS TEXTILES &JEWELLERS P LTD,CM15,NP2231,B,Sparkles,Less Then 30k,South Zone,9,2024,NOSE PIN,2
CM15-CHANDANA BROTHERS TEXTILES &JEWELLERS P LTD,CM15,NP2231,B,Sparkles,Less Then 30k,South Zone,12,2024,NOSE PIN,1
CM15-CHANDANA BROTHERS TEXTILES &JEWELLERS P LTD,CM15,NP3290,B,Sparkles,Less Then 30k,South Zone,3,2021,NOSE PIN,1
CM15-CHANDANA BROTHERS TEXTILES &JEWELLERS P LTD,CM15,NP3290,B,Sparkles,Less Then 30k,South Zone,5,2023,NOSE PIN,1
CM15-CHANDANA BROTHERS TEXTILES &JEWELLERS P LTD,CM15,NP3290,B,Sparkles,Less Then 30k,South Zone,9,2021,NOSE PIN,1
CM15-CHANDANA BROTHERS TEXTILES &JEWELLERS P LTD,CM15,NP3596,B,Sparkles,Less Then 30k,South Zone,3,2021,NOSE PIN,1
CM15-CHANDANA BROTHERS TEXTILES &JEWELLERS P LTD,CM15,NP4706,B,Sparkles,Less Then 30k,South Zone,2,2020,NOSE PIN,1
CM15-CHANDANA BROTHERS TEXTILES &JEWELLERS P LTD,CM15,NP4706,B,Sparkles,Less Then 30k,South Zone,5,2023,NOSE PIN,1
CM15-CHANDANA BROTHERS TEXTILES &JEWELLERS P LTD,CM15,NP4706,B,Sparkles,Less Then 30k,South Zone,6,2022,NOSE PIN,1
CM15-CHANDANA BROTHERS TEXTILES &JEWELLERS P LTD,CM15,NP4706,B,Sparkles,Less Then 30k,South Zone,8,2022,NOSE PIN,1
CM15-CHANDANA BROTHERS TEXTILES &JEWELLERS P LTD,CM15,NP514,B,Sparkles,Less Then 30k,South Zone,2,2022,NOSE PIN,1
CM15-CHANDANA BROTHERS TEXTILES &JEWELLERS P LTD,CM15,NP515,B,Sparkles,Less Then 30k,South Zone,8,2022,NOSE PIN,1
CM15-CHANDANA BROTHERS TEXTILES &JEWELLERS P LTD,CM15,NP537,B,Sparkles,Less Then 30k,South Zone,2,2021,NOSE PIN,1
CM15-CHANDANA BROTHERS TEXTILES &JEWELLERS P LTD,CM15,NP548,B,Sparkles,Less Then 30k,South Zone,1,2024,NOSE PIN,2
CM15-CHANDANA BROTHERS TEXTILES &JEWELLERS P LTD,CM15,NP548,B,Sparkles,Less Then 30k,South Zone,6,2023,NOSE PIN,1
CM15-CHANDANA BROTHERS TEXTILES &JEWELLERS P LTD,CM15,NP548,B,Sparkles,Less Then 30k,South Zone,10,2024,NOSE PIN,2
CM15-CHANDANA BROTHERS TEXTILES &JEWELLERS P LTD,CM15,NP550,B,Sparkles,Less Then 30k,South Zone,11,2022,NOSE PIN,1
CM15-CHANDANA BROTHERS TEXTILES &JEWELLERS P LTD,CM15,NP550,B,Sparkles,Less Then 30k,South Zone,12,2022,NOSE PIN,1
CM15-CHANDANA BROTHERS TEXTILES &JEWELLERS P LTD,CM15,NP551,B,Sparkles,Less Then 30k,South Zone,12,2022,NOSE PIN,2
CM15-CHANDANA BROTHERS TEXTILES &JEWELLERS P LTD,CM15,NP552,B,Sparkles,Less Then 30k,South Zone,5,2024,NOSE PIN,1
CM15-CHANDANA BROTHERS TEXTILES &JEWELLERS P LTD,CM15,NP7134,B,Sparkles,Less Then 30k,South Zone,5,2024,NOSE PIN,1
CM15-CHANDANA BROTHERS TEXTILES &JEWELLERS P LTD,CM15,NP7231,B,Sparkles,Less Then 30k,South Zone,2,2021,NOSE PIN,1
CM15-CHANDANA BROTHERS TEXTILES &JEWELLERS P LTD,CM15,NP7950,B,Sparkles,Less Then 30k,South Zone,1,2025,NOSE PIN,2
CM15-CHANDANA BROTHERS TEXTILES &JEWELLERS P LTD,CM15,NP7950,B,Sparkles,Less Then 30k,South Zone,3,2022,NOSE PIN,1
CM15-CHANDANA BROTHERS TEXTILES &JEWELLERS P LTD,CM15,NP7950,B,Sparkles,Less Then 30k,South Zone,8,2024,NOSE PIN,2
CM15-CHANDANA BROTHERS TEXTILES &JEWELLERS P LTD,CM15,NP7950,B,Sparkles,Less Then 30k,South Zone,9,2024,NOSE PIN,2
CM15-CHANDANA BROTHERS TEXTILES &JEWELLERS P LTD,CM15,NP7950,B,Sparkles,Less Then 30k,South Zone,11,2024,NOSE PIN,3
CM15-CHANDANA BROTHERS TEXTILES &JEWELLERS P LTD,CM15,NP7951,B,Sparkles,Less Then 30k,South Zone,3,2022,NOSE PIN,1
CM15-CHANDANA BROTHERS TEXTILES &JEWELLERS P LTD,CM15,NP7951,B,Sparkles,Less Then 30k,South Zone,9,2021,NOSE PIN,1
CM15-CHANDANA BROTHERS TEXTILES &JEWELLERS P LTD,CM15,NP7952,B,Sparkles,Less Then 30k,South Zone,4,2022,NOSE PIN,1
CM15-CHANDANA BROTHERS TEXTILES &JEWELLERS P LTD,CM15,NP8516,B,Sparkles,Less Then 30k,South Zone,12,2024,NOSE PIN,2
CM15-CHANDANA BROTHERS TEXTILES &JEWELLERS P LTD,CM15,NP863,B,Sparkles,Less Then 30k,South Zone,2,2022,NOSE PIN,1
CM15-CHANDANA BROTHERS TEXTILES &JEWELLERS P LTD,CM15,NPB273,B,Sparkles,Less Then 30k,South Zone,7,2022,NOSE PIN,1
CM15-CHANDANA BROTHERS TEXTILES &JEWELLERS P LTD,CM15,NPMU2,B,Sparkles,Less Then 30k,South Zone,1,2022,NOSE PIN,1
CM15-CHANDANA BROTHERS TEXTILES &JEWELLERS P LTD,CM15,NPMU2,B,Sparkles,Less Then 30k,South Zone,1,2023,NOSE PIN,1
CM15-CHANDANA BROTHERS TEXTILES &JEWELLERS P LTD,CM15,NPMU2,B,Sparkles,Less Then 30k,South Zone,2,2020,NOSE PIN,3
CM15-CHANDANA BROTHERS TEXTILES &JEWELLERS P LTD,CM15,NPMU2,B,Sparkles,Less Then 30k,South Zone,2,2021,NOSE PIN,4
CM15-CHANDANA BROTHERS TEXTILES &JEWELLERS P LTD,CM15,NPMU2,B,Sparkles,Less Then 30k,South Zone,3,2021,NOSE PIN,1
CM15-CHANDANA BROTHERS TEXTILES &JEWELLERS P LTD,CM15,NPMU2,B,Sparkles,Less Then 30k,South Zone,5,2022,NOSE PIN,2
CM15-CHANDANA BROTHERS TEXTILES &JEWELLERS P LTD,CM15,NPMU2,B,Sparkles,Less Then 30k,South Zone,6,2022,NOSE PIN,1
CM15-CHANDANA BROTHERS TEXTILES &JEWELLERS P LTD,CM15,NPMU2,B,Sparkles,Less Then 30k,South Zone,6,2023,NOSE PIN,1
CM15-CHANDANA BROTHERS TEXTILES &JEWELLERS P LTD,CM15,NPMU2,B,Sparkles,Less Then 30k,South Zone,7,2021,NOSE PIN,1
CM15-CHANDANA BROTHERS TEXTILES &JEWELLERS P LTD,CM15,NPMU2,B,Sparkles,Less Then 30k,South Zone,7,2022,NOSE PIN,1
CM15-CHANDANA BROTHERS TEXTILES &JEWELLERS P LTD,CM15,NPMU2,B,Sparkles,Less Then 30k,South Zone,7,2023,NOSE PIN,1
CM15-CHANDANA BROTHERS TEXTILES &JEWELLERS P LTD,CM15,NPMU2,B,Sparkles,Less Then 30k,South Zone,8,2021,NOSE PIN,1
CM15-CHANDANA BROTHERS TEXTILES &JEWELLERS P LTD,CM15,NPMU2,B,Sparkles,Less Then 30k,South Zone,8,2023,NOSE PIN,1
CM15-CHANDANA BROTHERS TEXTILES &JEWELLERS P LTD,CM15,NPMU2,B,Sparkles,Less Then 30k,South Zone,9,2021,NOSE PIN,1
CM15-CHANDANA BROTHERS TEXTILES &JEWELLERS P LTD,CM15,NPMU2,B,Sparkles,Less Then 30k,South Zone,12,2019,NOSE PIN,1
CM15-CHANDANA BROTHERS TEXTILES &JEWELLERS P LTD,CM15,NPMU2,B,Sparkles,Less Then 30k,South Zone,12,2021,NOSE PIN,3
CM15-CHANDANA BROTHERS TEXTILES &JEWELLERS P LTD,CM15,NPMU3,B,Sparkles,Less Then 30k,South Zone,8,2022,NOSE PIN,1
CM15-CHANDANA BROTHERS TEXTILES &JEWELLERS P LTD,CM15,NPMU3,B,Sparkles,Less Then 30k,South Zone,10,2023,NOSE PIN,1
CM15-CHANDANA BROTHERS TEXTILES &JEWELLERS P LTD,CM15,NPMU545,B,Sparkles,Less Then 30k,South Zone,2,2021,NOSE PIN,1
CM15-CHANDANA BROTHERS TEXTILES &JEWELLERS P LTD,CM15,NPMU545,B,Sparkles,Less Then 30k,South Zone,3,2021,NOSE PIN,3
CM15-CHANDANA BROTHERS TEXTILES &JEWELLERS P LTD,CM15,NPMU545,B,Sparkles,Less Then 30k,South Zone,5,2022,NOSE PIN,1
CM15-CHANDANA BROTHERS TEXTILES &JEWELLERS P LTD,CM15,NPMU545,B,Sparkles,Less Then 30k,South Zone,5,2023,NOSE PIN,1
CM15-CHANDANA BROTHERS TEXTILES &JEWELLERS P LTD,CM15,NPMU545,B,Sparkles,Less Then 30k,South Zone,6,2021,NOSE PIN,2
CM15-CHANDANA BROTHERS TEXTILES &JEWELLERS P LTD,CM15,NPMU545,B,Sparkles,Less Then 30k,South Zone,6,2022,NOSE PIN,1
CM15-CHANDANA BROTHERS TEXTILES &JEWELLERS P LTD,CM15,NPMU545,B,Sparkles,Less Then 30k,South Zone,7,2021,NOSE PIN,3
CM15-CHANDANA BROTHERS TEXTILES &JEWELLERS P LTD,CM15,NPMU545,B,Sparkles,Less Then 30k,South Zone,8,2021,NOSE PIN,2
CM15-CHANDANA BROTHERS TEXTILES &JEWELLERS P LTD,CM15,NPMU545,B,Sparkles,Less Then 30k,South Zone,12,2022,NOSE PIN,1
CM15-CHANDANA BROTHERS TEXTILES &JEWELLERS P LTD,CM15,P1300,B,Sparkles,Less Then 30k,South Zone,1,2023,PENDANT,1
CM15-CHANDANA BROTHERS TEXTILES &JEWELLERS P LTD,CM15,P221,B,Sparkles,Less Then 30k,South Zone,5,2022,PENDANT,1
CM15-CHANDANA BROTHERS TEXTILES &JEWELLERS P LTD,CM15,R10258,B,Sparkles,Less Then 30k,South Zone,3,2021,RING,1
CM15-CHANDANA BROTHERS TEXTILES &JEWELLERS P LTD,CM15,R1547,B,Sparkles,Less Then 30k,South Zone,2,2021,RING,1
CM15-CHANDANA BROTHERS TEXTILES &JEWELLERS P LTD,CM15,R4678,B,Sparkles,30k-50k,South Zone,10,2021,RING,1
CM15-CHANDANA BROTHERS TEXTILES &JEWELLERS P LTD,CM15,R5613,B,Sparkles,50k-75k,South Zone,10,2023,RING,1
CM15-CHANDANA BROTHERS TEXTILES &JEWELLERS P LTD,CM15,R5636,B,Sparkles,50k-75k,South Zone,6,2021,RING,1
CM15-CHANDANA BROTHERS TEXTILES &JEWELLERS P LTD,CM15,R7153,B,Sparkles,50k-75k,South Zone,2,2021,RING,1
CM15-CHANDANA BROTHERS TEXTILES &JEWELLERS P LTD,CM15,R7264,B,Sparkles,50k-75k,South Zone,12,2021,RING,1
CM15-CHANDANA BROTHERS TEXTILES &JEWELLERS P LTD,CM15,R7291,B,Sparkles,50k-75k,South Zone,9,2022,RING,1
CM15-CHANDANA BROTHERS TEXTILES &JEWELLERS P LTD,CM15,R7804,B,Sparkles,Less Then 30k,South Zone,5,2022,RING,1
CM15-CHANDANA BROTHERS TEXTILES &JEWELLERS P LTD,CM15,R7990,B,Sparkles,50k-75k,South Zone,2,2021,RING,1
CM15-CHANDANA BROTHERS TEXTILES &JEWELLERS P LTD,CM15,R8535,B,Sparkles,100k-150k,South Zone,2,2021,RING,1
CM15-CHANDANA BROTHERS TEXTILES &JEWELLERS P LTD,CM15,R8602,B,Sparkles,30k-50k,South Zone,8,2022,RING,1
CM15-CHANDANA BROTHERS TEXTILES &JEWELLERS P LTD,CM15,R8602,B,Sparkles,Less Then 30k,South Zone,1,2022,RING,1
CM15-CHANDANA BROTHERS TEXTILES &JEWELLERS P LTD,CM15,R8607,B,Sparkles,Less Then 30k,South Zone,3,2023,RING,1
CM15-CHANDANA BROTHERS TEXTILES &JEWELLERS P LTD,CM15,R926,B,Sparkles,Less Then 30k,South Zone,6,2021,RING,1
CM15-CHANDANA BROTHERS TEXTILES &JEWELLERS P LTD,CM15,RMU30,B,Sparkles,Less Then 30k,South Zone,3,2023,NOSE PIN,1
CM15-CHANDANA BROTHERS TEXTILES &JEWELLERS P LTD,CM15,RMU30,B,Sparkles,Less Then 30k,South Zone,6,2023,NOSE PIN,1
CM15-CHANDANA BROTHERS TEXTILES &JEWELLERS P LTD,CM15,SMNP484,B,Sparkles,Less Then 30k,South Zone,3,2022,NOSE PIN,2
CM15-CHANDANA BROTHERS TEXTILES &JEWELLERS P LTD,CM15,SMNP484,B,Sparkles,Less Then 30k,South Zone,6,2023,NOSE PIN,1
CM15-CHANDANA BROTHERS TEXTILES &JEWELLERS P LTD,CM15,SMNP496,B,Sparkles,Less Then 30k,South Zone,5,2024,NOSE PIN,1
CM15-CHANDANA BROTHERS TEXTILES &JEWELLERS P LTD,CM15,SMNP496,B,Sparkles,Less Then 30k,South Zone,8,2022,NOSE PIN,1
CM15-CHANDANA BROTHERS TEXTILES &JEWELLERS P LTD,CM15,SMNP496,B,Sparkles,Less Then 30k,South Zone,10,2022,NOSE PIN,1
CM15-CHANDANA BROTHERS TEXTILES &JEWELLERS P LTD,CM15,SMNP497,B,Sparkles,Less Then 30k,South Zone,5,2024,NOSE PIN,1
CM15-CHANDANA BROTHERS TEXTILES &JEWELLERS P LTD,CM15,SMNP498,B,Sparkles,Less Then 30k,South Zone,3,2022,NOSE PIN,2
CM15-CHANDANA BROTHERS TEXTILES &JEWELLERS P LTD,CM15,SMNP501,B,Sparkles,Less Then 30k,South Zone,2,2022,NOSE PIN,1
CM15-CHANDANA BROTHERS TEXTILES &JEWELLERS P LTD,CM15,SMNP501,B,Sparkles,Less Then 30k,South Zone,3,2022,NOSE PIN,1
CM15-CHANDANA BROTHERS TEXTILES &JEWELLERS P LTD,CM15,SMNP532,B,Sparkles,Less Then 30k,South Zone,1,2024,NOSE PIN,1
CM15-CHANDANA BROTHERS TEXTILES &JEWELLERS P LTD,CM15,SMNP532,B,Sparkles,Less Then 30k,South Zone,8,2022,NOSE PIN,1
CM15-CHANDANA BROTHERS TEXTILES &JEWELLERS P LTD,CM15,SMNP537,B,Sparkles,Less Then 30k,South Zone,1,2024,NOSE PIN,1
CM15-CHANDANA BROTHERS TEXTILES &JEWELLERS P LTD,CM15,SMNP537,B,Sparkles,Less Then 30k,South Zone,5,2023,NOSE PIN,1
CM15-CHANDANA BROTHERS TEXTILES &JEWELLERS P LTD,CM15,SMR301,B,Sparkles,Less Then 30k,South Zone,5,2024,RING,1
CM15-CHANDANA BROTHERS TEXTILES &JEWELLERS P LTD,CM15,SMR317,B,Sparkles,30k-50k,South Zone,2,2022,RING,1
CM15-CHANDANA BROTHERS TEXTILES &JEWELLERS P LTD,CM15,SMT302,B,Sparkles,Less Then 30k,South Zone,10,2022,EARRING,1
CM15-CHANDANA BROTHERS TEXTILES &JEWELLERS P LTD,CM15,SMT370,B,Sparkles,30k-50k,South Zone,3,2022,EARRING,1
CM15-CHANDANA BROTHERS TEXTILES &JEWELLERS P LTD,CM15,SMT450,B,Sparkles,30k-50k,South Zone,5,2021,EARRING,1
CM15-CHANDANA BROTHERS TEXTILES &JEWELLERS P LTD,CM15,T10130,B,Sparkles,Less Then 30k,South Zone,1,2022,EARRING,1
CM15-CHANDANA BROTHERS TEXTILES &JEWELLERS P LTD,CM15,T10189,B,Sparkles,Less Then 30k,South Zone,10,2022,EARRING,1
CM15-CHANDANA BROTHERS TEXTILES &JEWELLERS P LTD,CM15,T10408,B,Sparkles,Less Then 30k,South Zone,4,2024,EARRING,1
CM15-CHANDANA BROTHERS TEXTILES &JEWELLERS P LTD,CM15,T10490,B,Sparkles,Less Then 30k,South Zone,11,2021,EARRING,1
CM15-CHANDANA BROTHERS TEXTILES &JEWELLERS P LTD,CM15,T12678,B,Sparkles,Less Then 30k,South Zone,10,2024,EARRING,1
CM15-CHANDANA BROTHERS TEXTILES &JEWELLERS P LTD,CM15,T18553,B,Sparkles,30k-50k,South Zone,8,2024,EARRING,1
CM15-CHANDANA BROTHERS TEXTILES &JEWELLERS P LTD,CM15,T18555,B,Sparkles,Less Then 30k,South Zone,12,2024,EARRING,1
CM15-CHANDANA BROTHERS TEXTILES &JEWELLERS P LTD,CM15,T18659,B,Sparkles,Less Then 30k,South Zone,6,2024,EARRING,1
CM15-CHANDANA BROTHERS TEXTILES &JEWELLERS P LTD,CM15,T18664,B,Sparkles,30k-50k,South Zone,7,2024,EARRING,1
CM15-CHANDANA BROTHERS TEXTILES &JEWELLERS P LTD,CM15,T19047,B,Sparkles,Less Then 30k,South Zone,10,2024,EARRING,1
CM15-CHANDANA BROTHERS TEXTILES &JEWELLERS P LTD,CM15,T5340,B,Sparkles,100k-150k,South Zone,2,2022,EARRING,1
CM15-CHANDANA BROTHERS TEXTILES &JEWELLERS P LTD,CM15,T537,B,Sparkles,30k-50k,South Zone,5,2023,EARRING,1
CM15-CHANDANA BROTHERS TEXTILES &JEWELLERS P LTD,CM15,T6491,B,Sparkles,50k-75k,South Zone,10,2021,EARRING,1
CM15-CHANDANA BROTHERS TEXTILES &JEWELLERS P LTD,CM15,T748,B,Sparkles,50k-75k,South Zone,3,2021,EARRING,1
CM15-CHANDANA BROTHERS TEXTILES &JEWELLERS P LTD,CM15,T8526,B,Sparkles,75k-100k,South Zone,2,2020,EARRING,1
CM15-CHANDANA BROTHERS TEXTILES &JEWELLERS P LTD,CM15,T8669,B,Sparkles,Less Then 30k,South Zone,9,2021,EARRING,1
CM15-CHANDANA BROTHERS TEXTILES &JEWELLERS P LTD,CM15,T9717,B,Sparkles,Less Then 30k,South Zone,1,2023,EARRING,1
CM15-CHANDANA BROTHERS TEXTILES &JEWELLERS P LTD,CM15,T9892,B,Sparkles,Less Then 30k,South Zone,1,2022,EARRING,1
CM15-CHANDANA BROTHERS TEXTILES &JEWELLERS P LTD,CM15,T9892,B,Sparkles,Less Then 30k,South Zone,9,2021,EARRING,1
CM16-CHANDANA BROTHERS SILKS & JEWELLERS PVT.LTD.,CM16,AFDRE16250,A+,Sparkles,50k-75k,South Zone,4,2026,RING,1
CM16-CHANDANA BROTHERS SILKS & JEWELLERS PVT.LTD.,CM16,AFDRE29000,A+,Sparkles,75k-100k,South Zone,8,2024,RING,1
CM16-CHANDANA BROTHERS SILKS & JEWELLERS PVT.LTD.,CM16,AFDT100,A+,Sparkles,50k-75k,South Zone,5,2024,EARRING,1
CM16-CHANDANA BROTHERS SILKS & JEWELLERS PVT.LTD.,CM16,AFDT1400,A+,Sparkles,30k-50k,South Zone,8,2024,EARRING,1
CM16-CHANDANA BROTHERS SILKS & JEWELLERS PVT.LTD.,CM16,AFDT1400,A+,Sparkles,30k-50k,South Zone,9,2024,EARRING,1
CM16-CHANDANA BROTHERS SILKS & JEWELLERS PVT.LTD.,CM16,AFDT1401,A+,Sparkles,50k-75k,South Zone,11,2025,EARRING,1
CM16-CHANDANA BROTHERS SILKS & JEWELLERS PVT.LTD.,CM16,AFDT1409,A+,Sparkles,30k-50k,South Zone,8,2024,EARRING,1
CM16-CHANDANA BROTHERS SILKS & JEWELLERS PVT.LTD.,CM16,AFDT1409,A+,Sparkles,30k-50k,South Zone,11,2024,EARRING,1
CM16-CHANDANA BROTHERS SILKS & JEWELLERS PVT.LTD.,CM16,AFDT1409,A+,Sparkles,30k-50k,South Zone,12,2025,EARRING,1
CM16-CHANDANA BROTHERS SILKS & JEWELLERS PVT.LTD.,CM16,AFDT1410,A+,Sparkles,Less Then 30k,South Zone,1,2026,EARRING,2
CM16-CHANDANA BROTHERS SILKS & JEWELLERS PVT.LTD.,CM16,AFDT1410,A+,Sparkles,Less Then 30k,South Zone,3,2025,EARRING,1
CM16-CHANDANA BROTHERS SILKS & JEWELLERS PVT.LTD.,CM16,AFDT1410,A+,Sparkles,Less Then 30k,South Zone,7,2024,EARRING,1
CM16-CHANDANA BROTHERS SILKS & JEWELLERS PVT.LTD.,CM16,AFDT1410,A+,Sparkles,Less Then 30k,South Zone,8,2024,EARRING,2
CM16-CHANDANA BROTHERS SILKS & JEWELLERS PVT.LTD.,CM16,AFDT1410,A+,Sparkles,Less Then 30k,South Zone,11,2024,EARRING,1
CM16-CHANDANA BROTHERS SILKS & JEWELLERS PVT.LTD.,CM16,AFDT1410,A+,Sparkles,Less Then 30k,South Zone,12,2024,EARRING,2
CM16-CHANDANA BROTHERS SILKS & JEWELLERS PVT.LTD.,CM16,AFDT1411,A+,Sparkles,30k-50k,South Zone,3,2026,EARRING,1
CM16-CHANDANA BROTHERS SILKS & JEWELLERS PVT.LTD.,CM16,AFDT1411,A+,Sparkles,Less Then 30k,South Zone,7,2024,EARRING,2
CM16-CHANDANA BROTHERS SILKS & JEWELLERS PVT.LTD.,CM16,AFDT1411,A+,Sparkles,Less Then 30k,South Zone,8,2025,EARRING,1
CM16-CHANDANA BROTHERS SILKS & JEWELLERS PVT.LTD.,CM16,IDR141,A+,Sparkles,50k-75k,South Zone,5,2023,RING,1
CM16-CHANDANA BROTHERS SILKS & JEWELLERS PVT.LTD.,CM16,N10157,A+,Sparkles,30k-50k,South Zone,8,2022,NECKLACE,1
CM16-CHANDANA BROTHERS SILKS & JEWELLERS PVT.LTD.,CM16,N10476,A+,Sparkles,30k-50k,South Zone,5,2022,NECKLACE,1
CM16-CHANDANA BROTHERS SILKS & JEWELLERS PVT.LTD.,CM16,N19546,A+,Sparkles,30k-50k,South Zone,11,2025,NECKLACE,1
CM16-CHANDANA BROTHERS SILKS & JEWELLERS PVT.LTD.,CM16,N19553,A+,Sparkles,50k-75k,South Zone,11,2025,NECKLACE,1
CM16-CHANDANA BROTHERS SILKS & JEWELLERS PVT.LTD.,CM16,N19560,A+,Sparkles,75k-100k,South Zone,1,2025,NECKLACE,1
CM16-CHANDANA BROTHERS SILKS & JEWELLERS PVT.LTD.,CM16,N19607,A+,Sparkles,30k-50k,South Zone,4,2026,NECKLACE,1
CM16-CHANDANA BROTHERS SILKS & JEWELLERS PVT.LTD.,CM16,N50101,A+,Sparkles,30k-50k,South Zone,7,2022,NECKLACE,1
CM16-CHANDANA BROTHERS SILKS & JEWELLERS PVT.LTD.,CM16,N5797,A+,Sparkles,30k-50k,South Zone,1,2022,NECKLACE,1
CM16-CHANDANA BROTHERS SILKS & JEWELLERS PVT.LTD.,CM16,N5829,A+,Sparkles,50k-75k,South Zone,1,2023,NECKLACE,1
CM16-CHANDANA BROTHERS SILKS & JEWELLERS PVT.LTD.,CM16,N6535,A+,Sparkles,50k-75k,South Zone,7,2023,NECKLACE,1
CM16-CHANDANA BROTHERS SILKS & JEWELLERS PVT.LTD.,CM16,N8744,A+,Sparkles,30k-50k,South Zone,11,2021,NECKLACE,1
CM16-CHANDANA BROTHERS SILKS & JEWELLERS PVT.LTD.,CM16,N9327,A+,Sparkles,Less Then 30k,South Zone,8,2022,NECKLACE,1
CM16-CHANDANA BROTHERS SILKS & JEWELLERS PVT.LTD.,CM16,N9401,A+,Sparkles,30k-50k,South Zone,8,2023,NECKLACE,1
CM16-CHANDANA BROTHERS SILKS & JEWELLERS PVT.LTD.,CM16,NP10912,A+,Sparkles,Less Then 30k,South Zone,3,2021,NOSE PIN,1
CM16-CHANDANA BROTHERS SILKS & JEWELLERS PVT.LTD.,CM16,NP10938,A+,Sparkles,Less Then 30k,South Zone,7,2023,NOSE PIN,2
CM16-CHANDANA BROTHERS SILKS & JEWELLERS PVT.LTD.,CM16,NP10938,A+,Sparkles,Less Then 30k,South Zone,8,2022,NOSE PIN,2
CM16-CHANDANA BROTHERS SILKS & JEWELLERS PVT.LTD.,CM16,NP11010,A+,Sparkles,Less Then 30k,South Zone,6,2025,NOSE PIN,1
CM16-CHANDANA BROTHERS SILKS & JEWELLERS PVT.LTD.,CM16,NP11014,A+,Sparkles,Less Then 30k,South Zone,1,2026,NOSE PIN,2
CM16-CHANDANA BROTHERS SILKS & JEWELLERS PVT.LTD.,CM16,NP11014,A+,Sparkles,Less Then 30k,South Zone,2,2026,NOSE PIN,1
CM16-CHANDANA BROTHERS SILKS & JEWELLERS PVT.LTD.,CM16,NP11014,A+,Sparkles,Less Then 30k,South Zone,5,2025,NOSE PIN,1
CM16-CHANDANA BROTHERS SILKS & JEWELLERS PVT.LTD.,CM16,NP11014,A+,Sparkles,Less Then 30k,South Zone,8,2023,NOSE PIN,1
CM16-CHANDANA BROTHERS SILKS & JEWELLERS PVT.LTD.,CM16,NP11014,A+,Sparkles,Less Then 30k,South Zone,8,2025,NOSE PIN,1
CM16-CHANDANA BROTHERS SILKS & JEWELLERS PVT.LTD.,CM16,NP11014,A+,Sparkles,Less Then 30k,South Zone,11,2021,NOSE PIN,1
CM16-CHANDANA BROTHERS SILKS & JEWELLERS PVT.LTD.,CM16,NP11015,A+,Sparkles,Less Then 30k,South Zone,3,2026,NOSE PIN,1
CM16-CHANDANA BROTHERS SILKS & JEWELLERS PVT.LTD.,CM16,NP11015,A+,Sparkles,Less Then 30k,South Zone,11,2025,NOSE PIN,1
CM16-CHANDANA BROTHERS SILKS & JEWELLERS PVT.LTD.,CM16,NP11017,A+,Sparkles,Less Then 30k,South Zone,5,2021,NOSE PIN,1
CM16-CHANDANA BROTHERS SILKS & JEWELLERS PVT.LTD.,CM16,NP11019,A+,Sparkles,Less Then 30k,South Zone,7,2022,NOSE PIN,2
CM16-CHANDANA BROTHERS SILKS & JEWELLERS PVT.LTD.,CM16,NP11019,A+,Sparkles,Less Then 30k,South Zone,7,2023,NOSE PIN,2
CM16-CHANDANA BROTHERS SILKS & JEWELLERS PVT.LTD.,CM16,NP11019,A+,Sparkles,Less Then 30k,South Zone,9,2021,NOSE PIN,2
CM16-CHANDANA BROTHERS SILKS & JEWELLERS PVT.LTD.,CM16,NP11019,A+,Sparkles,Less Then 30k,South Zone,11,2022,NOSE PIN,1
CM16-CHANDANA BROTHERS SILKS & JEWELLERS PVT.LTD.,CM16,NP1102,A+,Sparkles,Less Then 30k,South Zone,3,2025,NOSE PIN,2
CM16-CHANDANA BROTHERS SILKS & JEWELLERS PVT.LTD.,CM16,NP11020,A+,Sparkles,Less Then 30k,South Zone,1,2022,NOSE PIN,1
CM16-CHANDANA BROTHERS SILKS & JEWELLERS PVT.LTD.,CM16,NP11020,A+,Sparkles,Less Then 30k,South Zone,3,2023,NOSE PIN,2
CM16-CHANDANA BROTHERS SILKS & JEWELLERS PVT.LTD.,CM16,NP11020,A+,Sparkles,Less Then 30k,South Zone,7,2022,NOSE PIN,2
CM16-CHANDANA BROTHERS SILKS & JEWELLERS PVT.LTD.,CM16,NP11754,A+,Sparkles,Less Then 30k,South Zone,9,2025,NOSE PIN,1
CM16-CHANDANA BROTHERS SILKS & JEWELLERS PVT.LTD.,CM16,NP1231,A+,Sparkles,Less Then 30k,South Zone,4,2025,NOSE PIN,3
CM16-CHANDANA BROTHERS SILKS & JEWELLERS PVT.LTD.,CM16,NP1231,A+,Sparkles,Less Then 30k,South Zone,5,2025,NOSE PIN,2
CM16-CHANDANA BROTHERS SILKS & JEWELLERS PVT.LTD.,CM16,NP1231,A+,Sparkles,Less Then 30k,South Zone,11,2021,NOSE PIN,1
CM16-CHANDANA BROTHERS SILKS & JEWELLERS PVT.LTD.,CM16,NP1231,A+,Sparkles,Less Then 30k,South Zone,12,2025,NOSE PIN,1
CM16-CHANDANA BROTHERS SILKS & JEWELLERS PVT.LTD.,CM16,NP1259,A+,Sparkles,Less Then 30k,South Zone,2,2023,NOSE PIN,2
CM16-CHANDANA BROTHERS SILKS & JEWELLERS PVT.LTD.,CM16,NP1259,A+,Sparkles,Less Then 30k,South Zone,6,2025,NOSE PIN,1
CM16-CHANDANA BROTHERS SILKS & JEWELLERS PVT.LTD.,CM16,NP1487,A+,Sparkles,Less Then 30k,South Zone,12,2023,NOSE PIN,1
CM16-CHANDANA BROTHERS SILKS & JEWELLERS PVT.LTD.,CM16,NP1488,A+,Sparkles,Less Then 30k,South Zone,4,2022,NOSE PIN,1
CM16-CHANDANA BROTHERS SILKS & JEWELLERS PVT.LTD.,CM16,NP1488,A+,Sparkles,Less Then 30k,South Zone,10,2022,NOSE PIN,1
CM16-CHANDANA BROTHERS SILKS & JEWELLERS PVT.LTD.,CM16,NP1488,A+,Sparkles,Less Then 30k,South Zone,11,2025,NOSE PIN,2
CM16-CHANDANA BROTHERS SILKS & JEWELLERS PVT.LTD.,CM16,NP1754,A+,Sparkles,Less Then 30k,South Zone,5,2025,NOSE PIN,1
CM16-CHANDANA BROTHERS SILKS & JEWELLERS PVT.LTD.,CM16,NP1754,A+,Sparkles,Less Then 30k,South Zone,7,2021,NOSE PIN,1
CM16-CHANDANA BROTHERS SILKS & JEWELLERS PVT.LTD.,CM16,NP1867,A+,Sparkles,Less Then 30k,South Zone,7,2024,NOSE PIN,1
CM16-CHANDANA BROTHERS SILKS & JEWELLERS PVT.LTD.,CM16,NP1868,A+,Sparkles,Less Then 30k,South Zone,8,2025,NOSE PIN,1
CM16-CHANDANA BROTHERS SILKS & JEWELLERS PVT.LTD.,CM16,NP1874,A+,Sparkles,Less Then 30k,South Zone,4,2026,NOSE PIN,1
CM16-CHANDANA BROTHERS SILKS & JEWELLERS PVT.LTD.,CM16,NP1876,A+,Sparkles,Less Then 30k,South Zone,3,2025,NOSE PIN,1
CM16-CHANDANA BROTHERS SILKS & JEWELLERS PVT.LTD.,CM16,NP1876,A+,Sparkles,Less Then 30k,South Zone,4,2025,NOSE PIN,2
CM16-CHANDANA BROTHERS SILKS & JEWELLERS PVT.LTD.,CM16,NP1876,A+,Sparkles,Less Then 30k,South Zone,5,2024,NOSE PIN,1
CM16-CHANDANA BROTHERS SILKS & JEWELLERS PVT.LTD.,CM16,NP1876,A+,Sparkles,Less Then 30k,South Zone,7,2024,NOSE PIN,2
CM16-CHANDANA BROTHERS SILKS & JEWELLERS PVT.LTD.,CM16,NP1876,A+,Sparkles,Less Then 30k,South Zone,8,2024,NOSE PIN,1
CM16-CHANDANA BROTHERS SILKS & JEWELLERS PVT.LTD.,CM16,NP1876,A+,Sparkles,Less Then 30k,South Zone,8,2025,NOSE PIN,3
CM16-CHANDANA BROTHERS SILKS & JEWELLERS PVT.LTD.,CM16,NP1876,A+,Sparkles,Less Then 30k,South Zone,11,2024,NOSE PIN,2
CM16-CHANDANA BROTHERS SILKS & JEWELLERS PVT.LTD.,CM16,NP1876,A+,Sparkles,Less Then 30k,South Zone,11,2025,NOSE PIN,2
CM16-CHANDANA BROTHERS SILKS & JEWELLERS PVT.LTD.,CM16,NP1876,A+,Sparkles,Less Then 30k,South Zone,12,2024,NOSE PIN,1
CM16-CHANDANA BROTHERS SILKS & JEWELLERS PVT.LTD.,CM16,NP1877,A+,Sparkles,Less Then 30k,South Zone,1,2024,NOSE PIN,1
CM16-CHANDANA BROTHERS SILKS & JEWELLERS PVT.LTD.,CM16,NP1877,A+,Sparkles,Less Then 30k,South Zone,5,2024,NOSE PIN,2
CM16-CHANDANA BROTHERS SILKS & JEWELLERS PVT.LTD.,CM16,NP1877,A+,Sparkles,Less Then 30k,South Zone,7,2024,NOSE PIN,1
CM16-CHANDANA BROTHERS SILKS & JEWELLERS PVT.LTD.,CM16,NP1878,A+,Sparkles,Less Then 30k,South Zone,1,2024,NOSE PIN,1
CM16-CHANDANA BROTHERS SILKS & JEWELLERS PVT.LTD.,CM16,NP1878,A+,Sparkles,Less Then 30k,South Zone,4,2024,NOSE PIN,3
CM16-CHANDANA BROTHERS SILKS & JEWELLERS PVT.LTD.,CM16,NP1878,A+,Sparkles,Less Then 30k,South Zone,4,2026,NOSE PIN,1
CM16-CHANDANA BROTHERS SILKS & JEWELLERS PVT.LTD.,CM16,NP1878,A+,Sparkles,Less Then 30k,South Zone,8,2025,NOSE PIN,1
CM16-CHANDANA BROTHERS SILKS & JEWELLERS PVT.LTD.,CM16,NP1878,A+,Sparkles,Less Then 30k,South Zone,11,2025,NOSE PIN,2
CM16-CHANDANA BROTHERS SILKS & JEWELLERS PVT.LTD.,CM16,NP1878,A+,Sparkles,Less Then 30k,South Zone,12,2025,NOSE PIN,1
CM16-CHANDANA BROTHERS SILKS & JEWELLERS PVT.LTD.,CM16,NP1879,A+,Sparkles,Less Then 30k,South Zone,1,2024,NOSE PIN,2
CM16-CHANDANA BROTHERS SILKS & JEWELLERS PVT.LTD.,CM16,NP1879,A+,Sparkles,Less Then 30k,South Zone,2,2024,NOSE PIN,2
CM16-CHANDANA BROTHERS SILKS & JEWELLERS PVT.LTD.,CM16,NP1879,A+,Sparkles,Less Then 30k,South Zone,3,2024,NOSE PIN,1
CM16-CHANDANA BROTHERS SILKS & JEWELLERS PVT.LTD.,CM16,NP1879,A+,Sparkles,Less Then 30k,South Zone,3,2025,NOSE PIN,1
CM16-CHANDANA BROTHERS SILKS & JEWELLERS PVT.LTD.,CM16,NP1879,A+,Sparkles,Less Then 30k,South Zone,8,2024,NOSE PIN,2
CM16-CHANDANA BROTHERS SILKS & JEWELLERS PVT.LTD.,CM16,NP1879,A+,Sparkles,Less Then 30k,South Zone,8,2025,NOSE PIN,1
CM16-CHANDANA BROTHERS SILKS & JEWELLERS PVT.LTD.,CM16,NP1879,A+,Sparkles,Less Then 30k,South Zone,9,2024,NOSE PIN,3
CM16-CHANDANA BROTHERS SILKS & JEWELLERS PVT.LTD.,CM16,NP1879,A+,Sparkles,Less Then 30k,South Zone,12,2024,NOSE PIN,4
CM16-CHANDANA BROTHERS SILKS & JEWELLERS PVT.LTD.,CM16,NP1880,A+,Sparkles,Less Then 30k,South Zone,3,2024,NOSE PIN,1
CM16-CHANDANA BROTHERS SILKS & JEWELLERS PVT.LTD.,CM16,NP1880,A+,Sparkles,Less Then 30k,South Zone,4,2024,NOSE PIN,2
CM16-CHANDANA BROTHERS SILKS & JEWELLERS PVT.LTD.,CM16,NP1880,A+,Sparkles,Less Then 30k,South Zone,5,2024,NOSE PIN,2
CM16-CHANDANA BROTHERS SILKS & JEWELLERS PVT.LTD.,CM16,NP1880,A+,Sparkles,Less Then 30k,South Zone,7,2024,NOSE PIN,2
CM16-CHANDANA BROTHERS SILKS & JEWELLERS PVT.LTD.,CM16,NP1880,A+,Sparkles,Less Then 30k,South Zone,11,2025,NOSE PIN,2
CM16-CHANDANA BROTHERS SILKS & JEWELLERS PVT.LTD.,CM16,NP1881,A+,Sparkles,Less Then 30k,South Zone,3,2024,NOSE PIN,1
CM16-CHANDANA BROTHERS SILKS & JEWELLERS PVT.LTD.,CM16,NP1881,A+,Sparkles,Less Then 30k,South Zone,5,2025,NOSE PIN,4
CM16-CHANDANA BROTHERS SILKS & JEWELLERS PVT.LTD.,CM16,NP1881,A+,Sparkles,Less Then 30k,South Zone,12,2024,NOSE PIN,1
CM16-CHANDANA BROTHERS SILKS & JEWELLERS PVT.LTD.,CM16,NP1881,A+,Sparkles,Less Then 30k,South Zone,12,2025,NOSE PIN,2
CM16-CHANDANA BROTHERS SILKS & JEWELLERS PVT.LTD.,CM16,NP1882,A+,Sparkles,Less Then 30k,South Zone,2,2026,NOSE PIN,1
CM16-CHANDANA BROTHERS SILKS & JEWELLERS PVT.LTD.,CM16,NP1882,A+,Sparkles,Less Then 30k,South Zone,5,2026,NOSE PIN,1
CM16-CHANDANA BROTHERS SILKS & JEWELLERS PVT.LTD.,CM16,NP1882,A+,Sparkles,Less Then 30k,South Zone,8,2024,NOSE PIN,6
CM16-CHANDANA BROTHERS SILKS & JEWELLERS PVT.LTD.,CM16,NP1882,A+,Sparkles,Less Then 30k,South Zone,9,2024,NOSE PIN,1
CM16-CHANDANA BROTHERS SILKS & JEWELLERS PVT.LTD.,CM16,NP1882,A+,Sparkles,Less Then 30k,South Zone,12,2024,NOSE PIN,1
CM16-CHANDANA BROTHERS SILKS & JEWELLERS PVT.LTD.,CM16,NP1882,A+,Sparkles,Less Then 30k,South Zone,12,2025,NOSE PIN,1
CM16-CHANDANA BROTHERS SILKS & JEWELLERS PVT.LTD.,CM16,NP1883,A+,Sparkles,Less Then 30k,South Zone,4,2025,NOSE PIN,2
CM16-CHANDANA BROTHERS SILKS & JEWELLERS PVT.LTD.,CM16,NP1883,A+,Sparkles,Less Then 30k,South Zone,4,2026,NOSE PIN,1
CM16-CHANDANA BROTHERS SILKS & JEWELLERS PVT.LTD.,CM16,NP1883,A+,Sparkles,Less Then 30k,South Zone,5,2025,NOSE PIN,2
CM16-CHANDANA BROTHERS SILKS & JEWELLERS PVT.LTD.,CM16,NP1883,A+,Sparkles,Less Then 30k,South Zone,7,2025,NOSE PIN,4
CM16-CHANDANA BROTHERS SILKS & JEWELLERS PVT.LTD.,CM16,NP1883,A+,Sparkles,Less Then 30k,South Zone,11,2025,NOSE PIN,1
CM16-CHANDANA BROTHERS SILKS & JEWELLERS PVT.LTD.,CM16,NP1884,A+,Sparkles,Less Then 30k,South Zone,5,2024,NOSE PIN,3
CM16-CHANDANA BROTHERS SILKS & JEWELLERS PVT.LTD.,CM16,NP1884,A+,Sparkles,Less Then 30k,South Zone,7,2024,NOSE PIN,1
CM16-CHANDANA BROTHERS SILKS & JEWELLERS PVT.LTD.,CM16,NP1884,A+,Sparkles,Less Then 30k,South Zone,7,2025,NOSE PIN,1
CM16-CHANDANA BROTHERS SILKS & JEWELLERS PVT.LTD.,CM16,NP20502,A+,Sparkles,Less Then 30k,South Zone,4,2026,NOSE PIN,1
CM16-CHANDANA BROTHERS SILKS & JEWELLERS PVT.LTD.,CM16,NP20503,A+,Sparkles,Less Then 30k,South Zone,4,2025,NOSE PIN,2
CM16-CHANDANA BROTHERS SILKS & JEWELLERS PVT.LTD.,CM16,NP20503,A+,Sparkles,Less Then 30k,South Zone,12,2024,NOSE PIN,1
CM16-CHANDANA BROTHERS SILKS & JEWELLERS PVT.LTD.,CM16,NP20505,A+,Sparkles,Less Then 30k,South Zone,3,2025,NOSE PIN,4
CM16-CHANDANA BROTHERS SILKS & JEWELLERS PVT.LTD.,CM16,NP20505,A+,Sparkles,Less Then 30k,South Zone,4,2025,NOSE PIN,2
CM16-CHANDANA BROTHERS SILKS & JEWELLERS PVT.LTD.,CM16,NP20506,A+,Sparkles,Less Then 30k,South Zone,10,2024,NOSE PIN,2
CM16-CHANDANA BROTHERS SILKS & JEWELLERS PVT.LTD.,CM16,NP20507,A+,Sparkles,Less Then 30k,South Zone,2,2025,NOSE PIN,2
CM16-CHANDANA BROTHERS SILKS & JEWELLERS PVT.LTD.,CM16,NP20507,A+,Sparkles,Less Then 30k,South Zone,4,2025,NOSE PIN,2
CM16-CHANDANA BROTHERS SILKS & JEWELLERS PVT.LTD.,CM16,NP20507,A+,Sparkles,Less Then 30k,South Zone,12,2025,NOSE PIN,2
CM16-CHANDANA BROTHERS SILKS & JEWELLERS PVT.LTD.,CM16,NP20510,A+,Sparkles,Less Then 30k,South Zone,9,2025,NOSE PIN,1
CM16-CHANDANA BROTHERS SILKS & JEWELLERS PVT.LTD.,CM16,NP20510,A+,Sparkles,Less Then 30k,South Zone,11,2024,NOSE PIN,2
CM16-CHANDANA BROTHERS SILKS & JEWELLERS PVT.LTD.,CM16,NP20511,A+,Sparkles,Less Then 30k,South Zone,5,2025,NOSE PIN,1
CM16-CHANDANA BROTHERS SILKS & JEWELLERS PVT.LTD.,CM16,NP20513,A+,Sparkles,Less Then 30k,South Zone,11,2025,NOSE PIN,1
CM16-CHANDANA BROTHERS SILKS & JEWELLERS PVT.LTD.,CM16,NP20518,A+,Sparkles,Less Then 30k,South Zone,7,2025,NOSE PIN,1
CM16-CHANDANA BROTHERS SILKS & JEWELLERS PVT.LTD.,CM16,NP21754,A+,Sparkles,Less Then 30k,South Zone,6,2025,NOSE PIN,1
CM16-CHANDANA BROTHERS SILKS & JEWELLERS PVT.LTD.,CM16,NP21754,A+,Sparkles,Less Then 30k,South Zone,8,2023,NOSE PIN,1
CM16-CHANDANA BROTHERS SILKS & JEWELLERS PVT.LTD.,CM16,NP21754,A+,Sparkles,Less Then 30k,South Zone,9,2025,NOSE PIN,1
CM16-CHANDANA BROTHERS SILKS & JEWELLERS PVT.LTD.,CM16,NP21754,A+,Sparkles,Less Then 30k,South Zone,10,2024,NOSE PIN,1
CM16-CHANDANA BROTHERS SILKS & JEWELLERS PVT.LTD.,CM16,NP21754,A+,Sparkles,Less Then 30k,South Zone,11,2024,NOSE PIN,3
CM16-CHANDANA BROTHERS SILKS & JEWELLERS PVT.LTD.,CM16,NP21754,A+,Sparkles,Less Then 30k,South Zone,12,2024,NOSE PIN,1
CM16-CHANDANA BROTHERS SILKS & JEWELLERS PVT.LTD.,CM16,NP2231,A+,Sparkles,Less Then 30k,South Zone,9,2024,NOSE PIN,1
CM16-CHANDANA BROTHERS SILKS & JEWELLERS PVT.LTD.,CM16,NP2231,A+,Sparkles,Less Then 30k,South Zone,10,2024,NOSE PIN,2
CM16-CHANDANA BROTHERS SILKS & JEWELLERS PVT.LTD.,CM16,NP2231,A+,Sparkles,Less Then 30k,South Zone,11,2024,NOSE PIN,2
CM16-CHANDANA BROTHERS SILKS & JEWELLERS PVT.LTD.,CM16,NP2231,A+,Sparkles,Less Then 30k,South Zone,12,2024,NOSE PIN,6
CM16-CHANDANA BROTHERS SILKS & JEWELLERS PVT.LTD.,CM16,NP2231,A+,Sparkles,Less Then 30k,South Zone,12,2025,NOSE PIN,1
CM16-CHANDANA BROTHERS SILKS & JEWELLERS PVT.LTD.,CM16,NP22432,A+,Sparkles,Less Then 30k,South Zone,2,2026,NOSE PIN,1
CM16-CHANDANA BROTHERS SILKS & JEWELLERS PVT.LTD.,CM16,NP22432,A+,Sparkles,Less Then 30k,South Zone,4,2026,NOSE PIN,1
CM16-CHANDANA BROTHERS SILKS & JEWELLERS PVT.LTD.,CM16,NP22432,A+,Sparkles,Less Then 30k,South Zone,7,2025,NOSE PIN,1
CM16-CHANDANA BROTHERS SILKS & JEWELLERS PVT.LTD.,CM16,NP22432,A+,Sparkles,Less Then 30k,South Zone,8,2025,NOSE PIN,1
CM16-CHANDANA BROTHERS SILKS & JEWELLERS PVT.LTD.,CM16,NP22432,A+,Sparkles,Less Then 30k,South Zone,11,2025,NOSE PIN,1
CM16-CHANDANA BROTHERS SILKS & JEWELLERS PVT.LTD.,CM16,NP2273,A+,Sparkles,Less Then 30k,South Zone,9,2025,NOSE PIN,2
CM16-CHANDANA BROTHERS SILKS & JEWELLERS PVT.LTD.,CM16,NP231,A+,Sparkles,Less Then 30k,South Zone,8,2021,NOSE PIN,1
CM16-CHANDANA BROTHERS SILKS & JEWELLERS PVT.LTD.,CM16,NP231,A+,Sparkles,Less Then 30k,South Zone,9,2021,NOSE PIN,1
CM16-CHANDANA BROTHERS SILKS & JEWELLERS PVT.LTD.,CM16,NP239,A+,Sparkles,Less Then 30k,South Zone,8,2025,NOSE PIN,2
CM16-CHANDANA BROTHERS SILKS & JEWELLERS PVT.LTD.,CM16,NP2432,A+,Sparkles,Less Then 30k,South Zone,6,2023,NOSE PIN,1
CM16-CHANDANA BROTHERS SILKS & JEWELLERS PVT.LTD.,CM16,NP2432,A+,Sparkles,Less Then 30k,South Zone,8,2021,NOSE PIN,1
CM16-CHANDANA BROTHERS SILKS & JEWELLERS PVT.LTD.,CM16,NP2432,A+,Sparkles,Less Then 30k,South Zone,8,2023,NOSE PIN,1
CM16-CHANDANA BROTHERS SILKS & JEWELLERS PVT.LTD.,CM16,NP2432,A+,Sparkles,Less Then 30k,South Zone,8,2025,NOSE PIN,1
CM16-CHANDANA BROTHERS SILKS & JEWELLERS PVT.LTD.,CM16,NP273,A+,Sparkles,Less Then 30k,South Zone,3,2021,NOSE PIN,1
CM16-CHANDANA BROTHERS SILKS & JEWELLERS PVT.LTD.,CM16,NP273,A+,Sparkles,Less Then 30k,South Zone,9,2025,NOSE PIN,1
CM16-CHANDANA BROTHERS SILKS & JEWELLERS PVT.LTD.,CM16,NP273,A+,Sparkles,Less Then 30k,South Zone,11,2025,NOSE PIN,1
CM16-CHANDANA BROTHERS SILKS & JEWELLERS PVT.LTD.,CM16,NP3261,A+,Sparkles,Less Then 30k,South Zone,5,2026,NOSE PIN,1
CM16-CHANDANA BROTHERS SILKS & JEWELLERS PVT.LTD.,CM16,NP3261,A+,Sparkles,Less Then 30k,South Zone,11,2025,NOSE PIN,1
CM16-CHANDANA BROTHERS SILKS & JEWELLERS PVT.LTD.,CM16,NP3290,A+,Sparkles,Less Then 30k,South Zone,8,2025,NOSE PIN,2
CM16-CHANDANA BROTHERS SILKS & JEWELLERS PVT.LTD.,CM16,NP3290,A+,Sparkles,Less Then 30k,South Zone,9,2021,NOSE PIN,1
CM16-CHANDANA BROTHERS SILKS & JEWELLERS PVT.LTD.,CM16,NP3290,A+,Sparkles,Less Then 30k,South Zone,11,2022,NOSE PIN,2
CM16-CHANDANA BROTHERS SILKS & JEWELLERS PVT.LTD.,CM16,NP3596,A+,Sparkles,Less Then 30k,South Zone,9,2022,NOSE PIN,1
CM16-CHANDANA BROTHERS SILKS & JEWELLERS PVT.LTD.,CM16,NP3596,A+,Sparkles,Less Then 30k,South Zone,11,2022,NOSE PIN,1
CM16-CHANDANA BROTHERS SILKS & JEWELLERS PVT.LTD.,CM16,NP3596,A+,Sparkles,Less Then 30k,South Zone,12,2022,NOSE PIN,1
CM16-CHANDANA BROTHERS SILKS & JEWELLERS PVT.LTD.,CM16,NP4706,A+,Sparkles,Less Then 30k,South Zone,11,2022,NOSE PIN,1
CM16-CHANDANA BROTHERS SILKS & JEWELLERS PVT.LTD.,CM16,NP4706,A+,Sparkles,Less Then 30k,South Zone,11,2023,NOSE PIN,1
CM16-CHANDANA BROTHERS SILKS & JEWELLERS PVT.LTD.,CM16,NP515,A+,Sparkles,Less Then 30k,South Zone,5,2026,NOSE PIN,1
CM16-CHANDANA BROTHERS SILKS & JEWELLERS PVT.LTD.,CM16,NP515,A+,Sparkles,Less Then 30k,South Zone,10,2022,NOSE PIN,1
CM16-CHANDANA BROTHERS SILKS & JEWELLERS PVT.LTD.,CM16,NP515,A+,Sparkles,Less Then 30k,South Zone,12,2021,NOSE PIN,1
CM16-CHANDANA BROTHERS SILKS & JEWELLERS PVT.LTD.,CM16,NP5231,A+,Sparkles,Less Then 30k,South Zone,6,2025,NOSE PIN,1
CM16-CHANDANA BROTHERS SILKS & JEWELLERS PVT.LTD.,CM16,NP5231,A+,Sparkles,Less Then 30k,South Zone,8,2025,NOSE PIN,1
CM16-CHANDANA BROTHERS SILKS & JEWELLERS PVT.LTD.,CM16,NP537,A+,Sparkles,Less Then 30k,South Zone,11,2025,NOSE PIN,1
CM16-CHANDANA BROTHERS SILKS & JEWELLERS PVT.LTD.,CM16,NP550,A+,Sparkles,Less Then 30k,South Zone,6,2024,NOSE PIN,1
CM16-CHANDANA BROTHERS SILKS & JEWELLERS PVT.LTD.,CM16,NP550,A+,Sparkles,Less Then 30k,South Zone,7,2024,NOSE PIN,1
CM16-CHANDANA BROTHERS SILKS & JEWELLERS PVT.LTD.,CM16,NP7231,A+,Sparkles,Less Then 30k,South Zone,2,2026,NOSE PIN,1
CM16-CHANDANA BROTHERS SILKS & JEWELLERS PVT.LTD.,CM16,NP7950,A+,Sparkles,Less Then 30k,South Zone,2,2025,NOSE PIN,1
CM16-CHANDANA BROTHERS SILKS & JEWELLERS PVT.LTD.,CM16,NP7950,A+,Sparkles,Less Then 30k,South Zone,3,2025,NOSE PIN,6
CM16-CHANDANA BROTHERS SILKS & JEWELLERS PVT.LTD.,CM16,NP7950,A+,Sparkles,Less Then 30k,South Zone,8,2024,NOSE PIN,3
CM16-CHANDANA BROTHERS SILKS & JEWELLERS PVT.LTD.,CM16,NP7950,A+,Sparkles,Less Then 30k,South Zone,8,2025,NOSE PIN,1
CM16-CHANDANA BROTHERS SILKS & JEWELLERS PVT.LTD.,CM16,NP7950,A+,Sparkles,Less Then 30k,South Zone,9,2023,NOSE PIN,1
CM16-CHANDANA BROTHERS SILKS & JEWELLERS PVT.LTD.,CM16,NP7950,A+,Sparkles,Less Then 30k,South Zone,9,2024,NOSE PIN,3
CM16-CHANDANA BROTHERS SILKS & JEWELLERS PVT.LTD.,CM16,NP7950,A+,Sparkles,Less Then 30k,South Zone,9,2025,NOSE PIN,1
CM16-CHANDANA BROTHERS SILKS & JEWELLERS PVT.LTD.,CM16,NP7950,A+,Sparkles,Less Then 30k,South Zone,10,2024,NOSE PIN,2
CM16-CHANDANA BROTHERS SILKS & JEWELLERS PVT.LTD.,CM16,NP7951,A+,Sparkles,Less Then 30k,South Zone,4,2026,NOSE PIN,1
CM16-CHANDANA BROTHERS SILKS & JEWELLERS PVT.LTD.,CM16,NP7951,A+,Sparkles,Less Then 30k,South Zone,5,2025,NOSE PIN,1
CM16-CHANDANA BROTHERS SILKS & JEWELLERS PVT.LTD.,CM16,NP7951,A+,Sparkles,Less Then 30k,South Zone,7,2023,NOSE PIN,1
CM16-CHANDANA BROTHERS SILKS & JEWELLERS PVT.LTD.,CM16,NP7951,A+,Sparkles,Less Then 30k,South Zone,8,2025,NOSE PIN,1
CM16-CHANDANA BROTHERS SILKS & JEWELLERS PVT.LTD.,CM16,NP7952,A+,Sparkles,Less Then 30k,South Zone,9,2021,NOSE PIN,1
CM16-CHANDANA BROTHERS SILKS & JEWELLERS PVT.LTD.,CM16,NP7952,A+,Sparkles,Less Then 30k,South Zone,9,2023,NOSE PIN,2
CM16-CHANDANA BROTHERS SILKS & JEWELLERS PVT.LTD.,CM16,NP7953,A+,Sparkles,Less Then 30k,South Zone,11,2025,NOSE PIN,1
CM16-CHANDANA BROTHERS SILKS & JEWELLERS PVT.LTD.,CM16,NP850,A+,Sparkles,Less Then 30k,South Zone,4,2023,NOSE PIN,2
CM16-CHANDANA BROTHERS SILKS & JEWELLERS PVT.LTD.,CM16,NP8514,A+,Sparkles,Less Then 30k,South Zone,1,2022,NOSE PIN,1
CM16-CHANDANA BROTHERS SILKS & JEWELLERS PVT.LTD.,CM16,NP8514,A+,Sparkles,Less Then 30k,South Zone,5,2025,NOSE PIN,1
CM16-CHANDANA BROTHERS SILKS & JEWELLERS PVT.LTD.,CM16,NP8514,A+,Sparkles,Less Then 30k,South Zone,8,2025,NOSE PIN,1
CM16-CHANDANA BROTHERS SILKS & JEWELLERS PVT.LTD.,CM16,NP8514,A+,Sparkles,Less Then 30k,South Zone,11,2021,NOSE PIN,1
CM16-CHANDANA BROTHERS SILKS & JEWELLERS PVT.LTD.,CM16,NP8516,A+,Sparkles,Less Then 30k,South Zone,3,2026,NOSE PIN,1
CM16-CHANDANA BROTHERS SILKS & JEWELLERS PVT.LTD.,CM16,NP8516,A+,Sparkles,Less Then 30k,South Zone,4,2025,NOSE PIN,1
CM16-CHANDANA BROTHERS SILKS & JEWELLERS PVT.LTD.,CM16,NP8516,A+,Sparkles,Less Then 30k,South Zone,4,2026,NOSE PIN,1
CM16-CHANDANA BROTHERS SILKS & JEWELLERS PVT.LTD.,CM16,NP8516,A+,Sparkles,Less Then 30k,South Zone,5,2025,NOSE PIN,4
CM16-CHANDANA BROTHERS SILKS & JEWELLERS PVT.LTD.,CM16,NP8516,A+,Sparkles,Less Then 30k,South Zone,5,2026,NOSE PIN,3
CM16-CHANDANA BROTHERS SILKS & JEWELLERS PVT.LTD.,CM16,NP8516,A+,Sparkles,Less Then 30k,South Zone,7,2025,NOSE PIN,3
CM16-CHANDANA BROTHERS SILKS & JEWELLERS PVT.LTD.,CM16,NP8516,A+,Sparkles,Less Then 30k,South Zone,8,2024,NOSE PIN,3
CM16-CHANDANA BROTHERS SILKS & JEWELLERS PVT.LTD.,CM16,NP8516,A+,Sparkles,Less Then 30k,South Zone,8,2025,NOSE PIN,6
CM16-CHANDANA BROTHERS SILKS & JEWELLERS PVT.LTD.,CM16,NP8516,A+,Sparkles,Less Then 30k,South Zone,9,2021,NOSE PIN,2
CM16-CHANDANA BROTHERS SILKS & JEWELLERS PVT.LTD.,CM16,NP8516,A+,Sparkles,Less Then 30k,South Zone,9,2024,NOSE PIN,2
CM16-CHANDANA BROTHERS SILKS & JEWELLERS PVT.LTD.,CM16,NP8516,A+,Sparkles,Less Then 30k,South Zone,10,2024,NOSE PIN,1
CM16-CHANDANA BROTHERS SILKS & JEWELLERS PVT.LTD.,CM16,NP8516,A+,Sparkles,Less Then 30k,South Zone,11,2024,NOSE PIN,2
CM16-CHANDANA BROTHERS SILKS & JEWELLERS PVT.LTD.,CM16,NP8516,A+,Sparkles,Less Then 30k,South Zone,11,2025,NOSE PIN,2
CM16-CHANDANA BROTHERS SILKS & JEWELLERS PVT.LTD.,CM16,NP8517,A+,Sparkles,Less Then 30k,South Zone,4,2026,NOSE PIN,1
CM16-CHANDANA BROTHERS SILKS & JEWELLERS PVT.LTD.,CM16,NPA1754,A+,Sparkles,Less Then 30k,South Zone,3,2026,NOSE PIN,1
CM16-CHANDANA BROTHERS SILKS & JEWELLERS PVT.LTD.,CM16,NPA1754,A+,Sparkles,Less Then 30k,South Zone,4,2025,NOSE PIN,1
CM16-CHANDANA BROTHERS SILKS & JEWELLERS PVT.LTD.,CM16,NPA1754,A+,Sparkles,Less Then 30k,South Zone,4,2026,NOSE PIN,1
CM16-CHANDANA BROTHERS SILKS & JEWELLERS PVT.LTD.,CM16,NPMU2,A+,Sparkles,Less Then 30k,South Zone,3,2021,NOSE PIN,1
CM16-CHANDANA BROTHERS SILKS & JEWELLERS PVT.LTD.,CM16,NPMU2,A+,Sparkles,Less Then 30k,South Zone,4,2023,NOSE PIN,1
CM16-CHANDANA BROTHERS SILKS & JEWELLERS PVT.LTD.,CM16,NPMU2,A+,Sparkles,Less Then 30k,South Zone,6,2023,NOSE PIN,1
CM16-CHANDANA BROTHERS SILKS & JEWELLERS PVT.LTD.,CM16,NPMU2,A+,Sparkles,Less Then 30k,South Zone,8,2022,NOSE PIN,2
CM16-CHANDANA BROTHERS SILKS & JEWELLERS PVT.LTD.,CM16,NPMU2,A+,Sparkles,Less Then 30k,South Zone,9,2021,NOSE PIN,1
CM16-CHANDANA BROTHERS SILKS & JEWELLERS PVT.LTD.,CM16,NPMU2,A+,Sparkles,Less Then 30k,South Zone,11,2021,NOSE PIN,1
CM16-CHANDANA BROTHERS SILKS & JEWELLERS PVT.LTD.,CM16,NPMU2,A+,Sparkles,Less Then 30k,South Zone,12,2021,NOSE PIN,3
CM16-CHANDANA BROTHERS SILKS & JEWELLERS PVT.LTD.,CM16,NPMU2,A+,Sparkles,Less Then 30k,South Zone,12,2022,NOSE PIN,1
CM16-CHANDANA BROTHERS SILKS & JEWELLERS PVT.LTD.,CM16,NPMU3,A+,Sparkles,Less Then 30k,South Zone,1,2023,NOSE PIN,1
CM16-CHANDANA BROTHERS SILKS & JEWELLERS PVT.LTD.,CM16,NPMU3,A+,Sparkles,Less Then 30k,South Zone,3,2023,NOSE PIN,1
CM16-CHANDANA BROTHERS SILKS & JEWELLERS PVT.LTD.,CM16,NPMU3,A+,Sparkles,Less Then 30k,South Zone,8,2022,NOSE PIN,1
CM16-CHANDANA BROTHERS SILKS & JEWELLERS PVT.LTD.,CM16,NPMU4,A+,Sparkles,Less Then 30k,South Zone,3,2023,NOSE PIN,2
CM16-CHANDANA BROTHERS SILKS & JEWELLERS PVT.LTD.,CM16,NPMU4,A+,Sparkles,Less Then 30k,South Zone,8,2022,NOSE PIN,1
CM16-CHANDANA BROTHERS SILKS & JEWELLERS PVT.LTD.,CM16,NPMU4,A+,Sparkles,Less Then 30k,South Zone,10,2022,NOSE PIN,1
CM16-CHANDANA BROTHERS SILKS & JEWELLERS PVT.LTD.,CM16,NPMU4,A+,Sparkles,Less Then 30k,South Zone,12,2022,NOSE PIN,1
CM16-CHANDANA BROTHERS SILKS & JEWELLERS PVT.LTD.,CM16,NPMU545,A+,Sparkles,Less Then 30k,South Zone,1,2022,NOSE PIN,3
CM16-CHANDANA BROTHERS SILKS & JEWELLERS PVT.LTD.,CM16,NPMU545,A+,Sparkles,Less Then 30k,South Zone,4,2023,NOSE PIN,1
CM16-CHANDANA BROTHERS SILKS & JEWELLERS PVT.LTD.,CM16,NPMU545,A+,Sparkles,Less Then 30k,South Zone,10,2023,NOSE PIN,1
CM16-CHANDANA BROTHERS SILKS & JEWELLERS PVT.LTD.,CM16,NPMU545,A+,Sparkles,Less Then 30k,South Zone,11,2021,NOSE PIN,3
CM16-CHANDANA BROTHERS SILKS & JEWELLERS PVT.LTD.,CM16,P1087,A+,Sparkles,Less Then 30k,South Zone,9,2021,PENDANT,1
CM16-CHANDANA BROTHERS SILKS & JEWELLERS PVT.LTD.,CM16,P12476,A+,Sparkles,30k-50k,South Zone,1,2026,PENDANT,1
CM16-CHANDANA BROTHERS SILKS & JEWELLERS PVT.LTD.,CM16,P12476,A+,Sparkles,Less Then 30k,South Zone,5,2026,PENDANT,1
CM16-CHANDANA BROTHERS SILKS & JEWELLERS PVT.LTD.,CM16,P14601,A+,Sparkles,30k-50k,South Zone,1,2026,PENDANT,1
CM16-CHANDANA BROTHERS SILKS & JEWELLERS PVT.LTD.,CM16,P20001,A+,Sparkles,Less Then 30k,South Zone,10,2024,PENDANT,1
CM16-CHANDANA BROTHERS SILKS & JEWELLERS PVT.LTD.,CM16,P20007,A+,Sparkles,50k-75k,South Zone,12,2024,PENDANT,1
CM16-CHANDANA BROTHERS SILKS & JEWELLERS PVT.LTD.,CM16,P20066,A+,Sparkles,30k-50k,South Zone,12,2025,PENDANT,1
CM16-CHANDANA BROTHERS SILKS & JEWELLERS PVT.LTD.,CM16,P20157,A+,Sparkles,30k-50k,South Zone,12,2025,PENDANT,1
CM16-CHANDANA BROTHERS SILKS & JEWELLERS PVT.LTD.,CM16,P221,A+,Sparkles,30k-50k,South Zone,5,2021,PENDANT,1
CM16-CHANDANA BROTHERS SILKS & JEWELLERS PVT.LTD.,CM16,P221,A+,Sparkles,Less Then 30k,South Zone,2,2023,PENDANT,1
CM16-CHANDANA BROTHERS SILKS & JEWELLERS PVT.LTD.,CM16,P2728,A+,Sparkles,30k-50k,South Zone,3,2022,PENDANT,1
CM16-CHANDANA BROTHERS SILKS & JEWELLERS PVT.LTD.,CM16,P2728,A+,Sparkles,50k-75k,South Zone,3,2021,PENDANT,1
CM16-CHANDANA BROTHERS SILKS & JEWELLERS PVT.LTD.,CM16,P537,A+,Sparkles,Less Then 30k,South Zone,11,2021,PENDANT,1
CM16-CHANDANA BROTHERS SILKS & JEWELLERS PVT.LTD.,CM16,P748,A+,Sparkles,Less Then 30k,South Zone,11,2022,PENDANT,1
CM16-CHANDANA BROTHERS SILKS & JEWELLERS PVT.LTD.,CM16,P7690,A+,Sparkles,Less Then 30k,South Zone,7,2023,PENDANT,1
CM16-CHANDANA BROTHERS SILKS & JEWELLERS PVT.LTD.,CM16,P8585,A+,Sparkles,30k-50k,South Zone,6,2023,PENDANT,1
CM16-CHANDANA BROTHERS SILKS & JEWELLERS PVT.LTD.,CM16,P8585,A+,Sparkles,50k-75k,South Zone,9,2021,PENDANT,1
CM16-CHANDANA BROTHERS SILKS & JEWELLERS PVT.LTD.,CM16,PC5662,A+,Sparkles,Less Then 30k,South Zone,2,2026,PENDANT,1
CM16-CHANDANA BROTHERS SILKS & JEWELLERS PVT.LTD.,CM16,PR395,A+,Sparkles,50k-75k,South Zone,1,2024,PENDANT,1
CM16-CHANDANA BROTHERS SILKS & JEWELLERS PVT.LTD.,CM16,PXR7625,A+,Sparkles,Less Then 30k,South Zone,6,2025,RING,1
CM16-CHANDANA BROTHERS SILKS & JEWELLERS PVT.LTD.,CM16,R10141,A+,Sparkles,30k-50k,South Zone,2,2025,RING,1
CM16-CHANDANA BROTHERS SILKS & JEWELLERS PVT.LTD.,CM16,R10141,A+,Sparkles,30k-50k,South Zone,7,2024,RING,1
CM16-CHANDANA BROTHERS SILKS & JEWELLERS PVT.LTD.,CM16,R10141,A+,Sparkles,30k-50k,South Zone,10,2024,RING,1
CM16-CHANDANA BROTHERS SILKS & JEWELLERS PVT.LTD.,CM16,R10153,A+,Sparkles,Less Then 30k,South Zone,2,2026,RING,1
CM16-CHANDANA BROTHERS SILKS & JEWELLERS PVT.LTD.,CM16,R10474,A+,Sparkles,Less Then 30k,South Zone,8,2025,RING,1
CM16-CHANDANA BROTHERS SILKS & JEWELLERS PVT.LTD.,CM16,R10491,A+,Sparkles,30k-50k,South Zone,9,2025,RING,1
CM16-CHANDANA BROTHERS SILKS & JEWELLERS PVT.LTD.,CM16,R10511,A+,Sparkles,Less Then 30k,South Zone,12,2024,RING,1
CM16-CHANDANA BROTHERS SILKS & JEWELLERS PVT.LTD.,CM16,R10669,A+,Sparkles,30k-50k,South Zone,11,2025,RING,1
CM16-CHANDANA BROTHERS SILKS & JEWELLERS PVT.LTD.,CM16,R10705,A+,Sparkles,30k-50k,South Zone,2,2026,RING,1
CM16-CHANDANA BROTHERS SILKS & JEWELLERS PVT.LTD.,CM16,R10705,A+,Sparkles,30k-50k,South Zone,5,2025,RING,1
CM16-CHANDANA BROTHERS SILKS & JEWELLERS PVT.LTD.,CM16,R10712,A+,Sparkles,30k-50k,South Zone,2,2025,RING,1
CM16-CHANDANA BROTHERS SILKS & JEWELLERS PVT.LTD.,CM16,R1090,A+,Sparkles,Less Then 30k,South Zone,7,2022,RING,1
CM16-CHANDANA BROTHERS SILKS & JEWELLERS PVT.LTD.,CM16,R10958,A+,Sparkles,Less Then 30k,South Zone,8,2024,RING,2
CM16-CHANDANA BROTHERS SILKS & JEWELLERS PVT.LTD.,CM16,R10991,A+,Sparkles,Less Then 30k,South Zone,2,2025,RING,1
CM16-CHANDANA BROTHERS SILKS & JEWELLERS PVT.LTD.,CM16,R10991,A+,Sparkles,Less Then 30k,South Zone,2,2026,RING,1
CM16-CHANDANA BROTHERS SILKS & JEWELLERS PVT.LTD.,CM16,R10991,A+,Sparkles,Less Then 30k,South Zone,4,2026,RING,1
CM16-CHANDANA BROTHERS SILKS & JEWELLERS PVT.LTD.,CM16,R11756,A+,Sparkles,50k-75k,South Zone,3,2025,RING,1
CM16-CHANDANA BROTHERS SILKS & JEWELLERS PVT.LTD.,CM16,R11892,A+,Sparkles,30k-50k,South Zone,7,2024,RING,1
CM16-CHANDANA BROTHERS SILKS & JEWELLERS PVT.LTD.,CM16,R11930,A+,Sparkles,Less Then 30k,South Zone,6,2025,RING,1
CM16-CHANDANA BROTHERS SILKS & JEWELLERS PVT.LTD.,CM16,R12375,A+,Sparkles,30k-50k,South Zone,8,2025,RING,1
CM16-CHANDANA BROTHERS SILKS & JEWELLERS PVT.LTD.,CM16,R12375,A+,Sparkles,30k-50k,South Zone,10,2024,RING,1
CM16-CHANDANA BROTHERS SILKS & JEWELLERS PVT.LTD.,CM16,R12384,A+,Sparkles,Less Then 30k,South Zone,8,2024,RING,1
CM16-CHANDANA BROTHERS SILKS & JEWELLERS PVT.LTD.,CM16,R12420,A+,Sparkles,30k-50k,South Zone,8,2025,RING,1
CM16-CHANDANA BROTHERS SILKS & JEWELLERS PVT.LTD.,CM16,R13235,A+,Sparkles,75k-100k,South Zone,5,2025,RING,1
CM16-CHANDANA BROTHERS SILKS & JEWELLERS PVT.LTD.,CM16,R13650,A+,Sparkles,30k-50k,South Zone,8,2025,RING,1
CM16-CHANDANA BROTHERS SILKS & JEWELLERS PVT.LTD.,CM16,R14107,A+,Sparkles,30k-50k,South Zone,3,2025,RING,1
CM16-CHANDANA BROTHERS SILKS & JEWELLERS PVT.LTD.,CM16,R14107,A+,Sparkles,30k-50k,South Zone,11,2024,RING,1
CM16-CHANDANA BROTHERS SILKS & JEWELLERS PVT.LTD.,CM16,R14120,A+,Sparkles,30k-50k,South Zone,4,2026,RING,1
CM16-CHANDANA BROTHERS SILKS & JEWELLERS PVT.LTD.,CM16,R14120,A+,Sparkles,30k-50k,South Zone,11,2024,RING,1
CM16-CHANDANA BROTHERS SILKS & JEWELLERS PVT.LTD.,CM16,R14130,A+,Sparkles,75k-100k,South Zone,4,2025,RING,1
CM16-CHANDANA BROTHERS SILKS & JEWELLERS PVT.LTD.,CM16,R14181,A+,Sparkles,30k-50k,South Zone,11,2025,RING,1
CM16-CHANDANA BROTHERS SILKS & JEWELLERS PVT.LTD.,CM16,R14185,A+,Sparkles,30k-50k,South Zone,6,2025,RING,1
CM16-CHANDANA BROTHERS SILKS & JEWELLERS PVT.LTD.,CM16,R14188,A+,Sparkles,30k-50k,South Zone,12,2024,RING,1
CM16-CHANDANA BROTHERS SILKS & JEWELLERS PVT.LTD.,CM16,R14193,A+,Sparkles,30k-50k,South Zone,12,2025,RING,1
CM16-CHANDANA BROTHERS SILKS & JEWELLERS PVT.LTD.,CM16,R14229,A+,Sparkles,30k-50k,South Zone,2,2025,RING,1
CM16-CHANDANA BROTHERS SILKS & JEWELLERS PVT.LTD.,CM16,R14296,A+,Sparkles,Less Then 30k,South Zone,3,2025,RING,1
CM16-CHANDANA BROTHERS SILKS & JEWELLERS PVT.LTD.,CM16,R14296,A+,Sparkles,Less Then 30k,South Zone,4,2026,RING,1
CM16-CHANDANA BROTHERS SILKS & JEWELLERS PVT.LTD.,CM16,R14354,A+,Sparkles,Less Then 30k,South Zone,1,2026,RING,1
CM16-CHANDANA BROTHERS SILKS & JEWELLERS PVT.LTD.,CM16,R14354,A+,Sparkles,Less Then 30k,South Zone,3,2026,RING,1
CM16-CHANDANA BROTHERS SILKS & JEWELLERS PVT.LTD.,CM16,R1444,A+,Sparkles,30k-50k,South Zone,3,2022,RING,1
CM16-CHANDANA BROTHERS SILKS & JEWELLERS PVT.LTD.,CM16,R1444,A+,Sparkles,30k-50k,South Zone,10,2022,RING,1
CM16-CHANDANA BROTHERS SILKS & JEWELLERS PVT.LTD.,CM16,R14481,A+,Sparkles,30k-50k,South Zone,5,2025,RING,1
CM16-CHANDANA BROTHERS SILKS & JEWELLERS PVT.LTD.,CM16,R14609,A+,Sparkles,30k-50k,South Zone,7,2025,RING,1
CM16-CHANDANA BROTHERS SILKS & JEWELLERS PVT.LTD.,CM16,R14612,A+,Sparkles,30k-50k,South Zone,12,2025,RING,1
CM16-CHANDANA BROTHERS SILKS & JEWELLERS PVT.LTD.,CM16,R14749,A+,Sparkles,Less Then 30k,South Zone,1,2026,RING,1
CM16-CHANDANA BROTHERS SILKS & JEWELLERS PVT.LTD.,CM16,R14749,A+,Sparkles,Less Then 30k,South Zone,7,2025,RING,1
CM16-CHANDANA BROTHERS SILKS & JEWELLERS PVT.LTD.,CM16,R14750,A+,Sparkles,Less Then 30k,South Zone,9,2025,RING,1
CM16-CHANDANA BROTHERS SILKS & JEWELLERS PVT.LTD.,CM16,R14753,A+,Sparkles,Less Then 30k,South Zone,3,2026,RING,1
CM16-CHANDANA BROTHERS SILKS & JEWELLERS PVT.LTD.,CM16,R14753,A+,Sparkles,Less Then 30k,South Zone,11,2025,RING,1
CM16-CHANDANA BROTHERS SILKS & JEWELLERS PVT.LTD.,CM16,R14914,A+,Sparkles,Less Then 30k,South Zone,5,2026,RING,1
CM16-CHANDANA BROTHERS SILKS & JEWELLERS PVT.LTD.,CM16,R19655,A+,Sparkles,30k-50k,South Zone,7,2025,RING,1
CM16-CHANDANA BROTHERS SILKS & JEWELLERS PVT.LTD.,CM16,R2138,A+,Sparkles,30k-50k,South Zone,5,2025,RING,1
CM16-CHANDANA BROTHERS SILKS & JEWELLERS PVT.LTD.,CM16,R2482,A+,Sparkles,30k-50k,South Zone,3,2022,RING,1
CM16-CHANDANA BROTHERS SILKS & JEWELLERS PVT.LTD.,CM16,R2693,A+,Sparkles,Less Then 30k,South Zone,6,2024,RING,1
CM16-CHANDANA BROTHERS SILKS & JEWELLERS PVT.LTD.,CM16,R2728,A+,Sparkles,50k-75k,South Zone,5,2021,RING,1
CM16-CHANDANA BROTHERS SILKS & JEWELLERS PVT.LTD.,CM16,R3263,A+,Sparkles,30k-50k,South Zone,2,2023,RING,1
CM16-CHANDANA BROTHERS SILKS & JEWELLERS PVT.LTD.,CM16,R3435,A+,Sparkles,50k-75k,South Zone,9,2021,RING,1
CM16-CHANDANA BROTHERS SILKS & JEWELLERS PVT.LTD.,CM16,R3932,A+,Sparkles,Less Then 30k,South Zone,1,2023,RING,1
CM16-CHANDANA BROTHERS SILKS & JEWELLERS PVT.LTD.,CM16,R4394,A+,Sparkles,50k-75k,South Zone,8,2024,RING,1
CM16-CHANDANA BROTHERS SILKS & JEWELLERS PVT.LTD.,CM16,R4678,A+,Sparkles,30k-50k,South Zone,1,2022,RING,1
CM16-CHANDANA BROTHERS SILKS & JEWELLERS PVT.LTD.,CM16,R4678,A+,Sparkles,50k-75k,South Zone,2,2023,RING,1
CM16-CHANDANA BROTHERS SILKS & JEWELLERS PVT.LTD.,CM16,R472,A+,Sparkles,30k-50k,South Zone,8,2023,RING,1
CM16-CHANDANA BROTHERS SILKS & JEWELLERS PVT.LTD.,CM16,R4830,A+,Sparkles,Less Then 30k,South Zone,8,2023,RING,1
CM16-CHANDANA BROTHERS SILKS & JEWELLERS PVT.LTD.,CM16,R5251,A+,Sparkles,Less Then 30k,South Zone,2,2024,RING,1
CM16-CHANDANA BROTHERS SILKS & JEWELLERS PVT.LTD.,CM16,R5266,A+,Sparkles,30k-50k,South Zone,1,2026,RING,1
CM16-CHANDANA BROTHERS SILKS & JEWELLERS PVT.LTD.,CM16,R5375,A+,Sparkles,30k-50k,South Zone,5,2021,RING,1
CM16-CHANDANA BROTHERS SILKS & JEWELLERS PVT.LTD.,CM16,R5375,A+,Sparkles,Less Then 30k,South Zone,5,2023,RING,1
CM16-CHANDANA BROTHERS SILKS & JEWELLERS PVT.LTD.,CM16,R5385,A+,Sparkles,50k-75k,South Zone,11,2023,RING,1
CM16-CHANDANA BROTHERS SILKS & JEWELLERS PVT.LTD.,CM16,R5398,A+,Sparkles,Less Then 30k,South Zone,8,2022,RING,1
CM16-CHANDANA BROTHERS SILKS & JEWELLERS PVT.LTD.,CM16,R5399,A+,Sparkles,30k-50k,South Zone,3,2021,RING,1
CM16-CHANDANA BROTHERS SILKS & JEWELLERS PVT.LTD.,CM16,R5562,A+,Sparkles,30k-50k,South Zone,4,2022,RING,1
CM16-CHANDANA BROTHERS SILKS & JEWELLERS PVT.LTD.,CM16,R5572,A+,Sparkles,50k-75k,South Zone,3,2024,RING,1
CM16-CHANDANA BROTHERS SILKS & JEWELLERS PVT.LTD.,CM16,R5572,A+,Sparkles,50k-75k,South Zone,11,2021,RING,1
CM16-CHANDANA BROTHERS SILKS & JEWELLERS PVT.LTD.,CM16,R5578,A+,Sparkles,30k-50k,South Zone,11,2021,RING,1
CM16-CHANDANA BROTHERS SILKS & JEWELLERS PVT.LTD.,CM16,R614,A+,Sparkles,30k-50k,South Zone,8,2023,RING,1
CM16-CHANDANA BROTHERS SILKS & JEWELLERS PVT.LTD.,CM16,R6584,A+,Sparkles,30k-50k,South Zone,9,2021,RING,1
CM16-CHANDANA BROTHERS SILKS & JEWELLERS PVT.LTD.,CM16,R6599,A+,Sparkles,30k-50k,South Zone,10,2024,RING,1
CM16-CHANDANA BROTHERS SILKS & JEWELLERS PVT.LTD.,CM16,R6915,A+,Sparkles,75k-100k,South Zone,3,2022,RING,1
CM16-CHANDANA BROTHERS SILKS & JEWELLERS PVT.LTD.,CM16,R6915,A+,Sparkles,75k-100k,South Zone,10,2021,RING,1
CM16-CHANDANA BROTHERS SILKS & JEWELLERS PVT.LTD.,CM16,R7203,A+,Sparkles,50k-75k,South Zone,3,2022,RING,1
CM16-CHANDANA BROTHERS SILKS & JEWELLERS PVT.LTD.,CM16,R722,A+,Sparkles,Less Then 30k,South Zone,6,2022,RING,1
CM16-CHANDANA BROTHERS SILKS & JEWELLERS PVT.LTD.,CM16,R7231,A+,Sparkles,30k-50k,South Zone,12,2021,RING,1
CM16-CHANDANA BROTHERS SILKS & JEWELLERS PVT.LTD.,CM16,R7264,A+,Sparkles,75k-100k,South Zone,11,2021,RING,1
CM16-CHANDANA BROTHERS SILKS & JEWELLERS PVT.LTD.,CM16,R7264,A+,Sparkles,75k-100k,South Zone,11,2022,RING,1
CM16-CHANDANA BROTHERS SILKS & JEWELLERS PVT.LTD.,CM16,R7264,A+,Sparkles,75k-100k,South Zone,12,2022,RING,1
CM16-CHANDANA BROTHERS SILKS & JEWELLERS PVT.LTD.,CM16,R7321,A+,Sparkles,Less Then 30k,South Zone,8,2021,RING,1
CM16-CHANDANA BROTHERS SILKS & JEWELLERS PVT.LTD.,CM16,R7414,A+,Sparkles,50k-75k,South Zone,12,2025,RING,1
CM16-CHANDANA BROTHERS SILKS & JEWELLERS PVT.LTD.,CM16,R7504,A+,Sparkles,Less Then 30k,South Zone,7,2023,RING,1
CM16-CHANDANA BROTHERS SILKS & JEWELLERS PVT.LTD.,CM16,R7525,A+,Sparkles,Less Then 30k,South Zone,2,2024,RING,1
CM16-CHANDANA BROTHERS SILKS & JEWELLERS PVT.LTD.,CM16,R7757,A+,Sparkles,Less Then 30k,South Zone,3,2022,RING,1
CM16-CHANDANA BROTHERS SILKS & JEWELLERS PVT.LTD.,CM16,R822,A+,Sparkles,Less Then 30k,South Zone,11,2022,RING,1
CM16-CHANDANA BROTHERS SILKS & JEWELLERS PVT.LTD.,CM16,R8510,A+,Sparkles,30k-50k,South Zone,9,2025,RING,1
CM16-CHANDANA BROTHERS SILKS & JEWELLERS PVT.LTD.,CM16,R8555,A+,Sparkles,30k-50k,South Zone,5,2022,RING,1
CM16-CHANDANA BROTHERS SILKS & JEWELLERS PVT.LTD.,CM16,R8556,A+,Sparkles,50k-75k,South Zone,6,2023,RING,1
CM16-CHANDANA BROTHERS SILKS & JEWELLERS PVT.LTD.,CM16,R8602,A+,Sparkles,Less Then 30k,South Zone,8,2021,RING,1
CM16-CHANDANA BROTHERS SILKS & JEWELLERS PVT.LTD.,CM16,R8607,A+,Sparkles,Less Then 30k,South Zone,4,2024,RING,1
CM16-CHANDANA BROTHERS SILKS & JEWELLERS PVT.LTD.,CM16,R8869,A+,Sparkles,30k-50k,South Zone,2,2025,RING,1
CM16-CHANDANA BROTHERS SILKS & JEWELLERS PVT.LTD.,CM16,R8869,A+,Sparkles,30k-50k,South Zone,3,2025,RING,1
CM16-CHANDANA BROTHERS SILKS & JEWELLERS PVT.LTD.,CM16,R8963,A+,Sparkles,30k-50k,South Zone,4,2025,RING,1
CM16-CHANDANA BROTHERS SILKS & JEWELLERS PVT.LTD.,CM16,R9019,A+,Sparkles,30k-50k,South Zone,3,2024,RING,1
CM16-CHANDANA BROTHERS SILKS & JEWELLERS PVT.LTD.,CM16,R9019,A+,Sparkles,30k-50k,South Zone,8,2024,RING,1
CM16-CHANDANA BROTHERS SILKS & JEWELLERS PVT.LTD.,CM16,R9019,A+,Sparkles,30k-50k,South Zone,11,2025,RING,1
CM16-CHANDANA BROTHERS SILKS & JEWELLERS PVT.LTD.,CM16,R9035,A+,Sparkles,30k-50k,South Zone,8,2024,RING,1
CM16-CHANDANA BROTHERS SILKS & JEWELLERS PVT.LTD.,CM16,R9041,A+,Sparkles,30k-50k,South Zone,4,2025,RING,1
CM16-CHANDANA BROTHERS SILKS & JEWELLERS PVT.LTD.,CM16,R9046,A+,Sparkles,Less Then 30k,South Zone,3,2024,RING,1
CM16-CHANDANA BROTHERS SILKS & JEWELLERS PVT.LTD.,CM16,R9046,A+,Sparkles,Less Then 30k,South Zone,10,2024,RING,1
CM16-CHANDANA BROTHERS SILKS & JEWELLERS PVT.LTD.,CM16,R9063,A+,Sparkles,Less Then 30k,South Zone,8,2025,RING,1
CM16-CHANDANA BROTHERS SILKS & JEWELLERS PVT.LTD.,CM16,R942,A+,Sparkles,50k-75k,South Zone,9,2021,RING,1
CM16-CHANDANA BROTHERS SILKS & JEWELLERS PVT.LTD.,CM16,R9531,A+,Sparkles,30k-50k,South Zone,1,2025,RING,1
CM16-CHANDANA BROTHERS SILKS & JEWELLERS PVT.LTD.,CM16,RMU30,A+,Sparkles,Less Then 30k,South Zone,1,2023,NOSE PIN,2
CM16-CHANDANA BROTHERS SILKS & JEWELLERS PVT.LTD.,CM16,RMU30,A+,Sparkles,Less Then 30k,South Zone,3,2023,NOSE PIN,1
CM16-CHANDANA BROTHERS SILKS & JEWELLERS PVT.LTD.,CM16,RMU30,A+,Sparkles,Less Then 30k,South Zone,4,2022,NOSE PIN,1
CM16-CHANDANA BROTHERS SILKS & JEWELLERS PVT.LTD.,CM16,RMU30,A+,Sparkles,Less Then 30k,South Zone,6,2023,NOSE PIN,1
CM16-CHANDANA BROTHERS SILKS & JEWELLERS PVT.LTD.,CM16,RMU30,A+,Sparkles,Less Then 30k,South Zone,12,2022,NOSE PIN,3
CM16-CHANDANA BROTHERS SILKS & JEWELLERS PVT.LTD.,CM16,RN14826,A+,Sparkles,Less Then 30k,South Zone,11,2025,RING,1
CM16-CHANDANA BROTHERS SILKS & JEWELLERS PVT.LTD.,CM16,RN14827,A+,Sparkles,Less Then 30k,South Zone,5,2026,RING,1
CM16-CHANDANA BROTHERS SILKS & JEWELLERS PVT.LTD.,CM16,RN14828,A+,Sparkles,Less Then 30k,South Zone,5,2026,RING,1
CM16-CHANDANA BROTHERS SILKS & JEWELLERS PVT.LTD.,CM16,RN20404,A+,Sparkles,Less Then 30k,South Zone,4,2026,RING,1
CM16-CHANDANA BROTHERS SILKS & JEWELLERS PVT.LTD.,CM16,RN20406,A+,Sparkles,Less Then 30k,South Zone,4,2026,RING,1
CM16-CHANDANA BROTHERS SILKS & JEWELLERS PVT.LTD.,CM16,SMNP494,A+,Sparkles,Less Then 30k,South Zone,11,2023,NOSE PIN,1
CM16-CHANDANA BROTHERS SILKS & JEWELLERS PVT.LTD.,CM16,SMNP496,A+,Sparkles,Less Then 30k,South Zone,3,2022,NOSE PIN,1
CM16-CHANDANA BROTHERS SILKS & JEWELLERS PVT.LTD.,CM16,SMNP496,A+,Sparkles,Less Then 30k,South Zone,3,2023,NOSE PIN,1
CM16-CHANDANA BROTHERS SILKS & JEWELLERS PVT.LTD.,CM16,SMNP496,A+,Sparkles,Less Then 30k,South Zone,4,2023,NOSE PIN,1
CM16-CHANDANA BROTHERS SILKS & JEWELLERS PVT.LTD.,CM16,SMNP496,A+,Sparkles,Less Then 30k,South Zone,11,2022,NOSE PIN,1
CM16-CHANDANA BROTHERS SILKS & JEWELLERS PVT.LTD.,CM16,SMNP496,A+,Sparkles,Less Then 30k,South Zone,12,2022,NOSE PIN,2
CM16-CHANDANA BROTHERS SILKS & JEWELLERS PVT.LTD.,CM16,SMNP497,A+,Sparkles,Less Then 30k,South Zone,7,2022,NOSE PIN,2
CM16-CHANDANA BROTHERS SILKS & JEWELLERS PVT.LTD.,CM16,SMNP497,A+,Sparkles,Less Then 30k,South Zone,9,2022,NOSE PIN,1
CM16-CHANDANA BROTHERS SILKS & JEWELLERS PVT.LTD.,CM16,SMNP497,A+,Sparkles,Less Then 30k,South Zone,11,2023,NOSE PIN,1
CM16-CHANDANA BROTHERS SILKS & JEWELLERS PVT.LTD.,CM16,SMNP498,A+,Sparkles,Less Then 30k,South Zone,6,2023,NOSE PIN,1
CM16-CHANDANA BROTHERS SILKS & JEWELLERS PVT.LTD.,CM16,SMNP501,A+,Sparkles,Less Then 30k,South Zone,2,2022,NOSE PIN,1
CM16-CHANDANA BROTHERS SILKS & JEWELLERS PVT.LTD.,CM16,SMNP504,A+,Sparkles,Less Then 30k,South Zone,5,2026,NOSE PIN,1
CM16-CHANDANA BROTHERS SILKS & JEWELLERS PVT.LTD.,CM16,SMNP515,A+,Sparkles,Less Then 30k,South Zone,5,2026,NOSE PIN,1
CM16-CHANDANA BROTHERS SILKS & JEWELLERS PVT.LTD.,CM16,SMNP520,A+,Sparkles,Less Then 30k,South Zone,5,2024,NOSE PIN,1
CM16-CHANDANA BROTHERS SILKS & JEWELLERS PVT.LTD.,CM16,SMNP522,A+,Sparkles,Less Then 30k,South Zone,8,2025,NOSE PIN,1
CM16-CHANDANA BROTHERS SILKS & JEWELLERS PVT.LTD.,CM16,SMNP525,A+,Sparkles,Less Then 30k,South Zone,4,2023,NOSE PIN,2
CM16-CHANDANA BROTHERS SILKS & JEWELLERS PVT.LTD.,CM16,SMNP526,A+,Sparkles,Less Then 30k,South Zone,12,2023,NOSE PIN,1
CM16-CHANDANA BROTHERS SILKS & JEWELLERS PVT.LTD.,CM16,SMNP527,A+,Sparkles,Less Then 30k,South Zone,6,2022,NOSE PIN,1
CM16-CHANDANA BROTHERS SILKS & JEWELLERS PVT.LTD.,CM16,SMNP527,A+,Sparkles,Less Then 30k,South Zone,6,2023,NOSE PIN,1
CM16-CHANDANA BROTHERS SILKS & JEWELLERS PVT.LTD.,CM16,SMNP528,A+,Sparkles,Less Then 30k,South Zone,5,2024,NOSE PIN,1
CM16-CHANDANA BROTHERS SILKS & JEWELLERS PVT.LTD.,CM16,SMNP532,A+,Sparkles,Less Then 30k,South Zone,3,2022,NOSE PIN,1
CM16-CHANDANA BROTHERS SILKS & JEWELLERS PVT.LTD.,CM16,SMNP532,A+,Sparkles,Less Then 30k,South Zone,3,2024,NOSE PIN,1
CM16-CHANDANA BROTHERS SILKS & JEWELLERS PVT.LTD.,CM16,SMNP532,A+,Sparkles,Less Then 30k,South Zone,9,2023,NOSE PIN,1
CM16-CHANDANA BROTHERS SILKS & JEWELLERS PVT.LTD.,CM16,SMNP537,A+,Sparkles,Less Then 30k,South Zone,3,2026,NOSE PIN,1
CM16-CHANDANA BROTHERS SILKS & JEWELLERS PVT.LTD.,CM16,SMR162,A+,Sparkles,30k-50k,South Zone,12,2022,RING,1
CM16-CHANDANA BROTHERS SILKS & JEWELLERS PVT.LTD.,CM16,SMR322,A+,Sparkles,Less Then 30k,South Zone,11,2022,RING,1
CM16-CHANDANA BROTHERS SILKS & JEWELLERS PVT.LTD.,CM16,SMR359,A+,Sparkles,Less Then 30k,South Zone,3,2021,RING,1
CM16-CHANDANA BROTHERS SILKS & JEWELLERS PVT.LTD.,CM16,SMT297,A+,Sparkles,Less Then 30k,South Zone,10,2021,EARRING,1
CM16-CHANDANA BROTHERS SILKS & JEWELLERS PVT.LTD.,CM16,SMT301,A+,Sparkles,Less Then 30k,South Zone,2,2023,EARRING,1
CM16-CHANDANA BROTHERS SILKS & JEWELLERS PVT.LTD.,CM16,SMT303,A+,Sparkles,Less Then 30k,South Zone,1,2022,EARRING,1
CM16-CHANDANA BROTHERS SILKS & JEWELLERS PVT.LTD.,CM16,SMT311,A+,Sparkles,Less Then 30k,South Zone,2,2023,EARRING,1
CM16-CHANDANA BROTHERS SILKS & JEWELLERS PVT.LTD.,CM16,SMT311,A+,Sparkles,Less Then 30k,South Zone,10,2021,EARRING,1
CM16-CHANDANA BROTHERS SILKS & JEWELLERS PVT.LTD.,CM16,SMT364,A+,Sparkles,Less Then 30k,South Zone,9,2021,EARRING,1
CM16-CHANDANA BROTHERS SILKS & JEWELLERS PVT.LTD.,CM16,SMT407,A+,Sparkles,Less Then 30k,South Zone,5,2022,EARRING,1
CM16-CHANDANA BROTHERS SILKS & JEWELLERS PVT.LTD.,CM16,SMT415,A+,Sparkles,30k-50k,South Zone,6,2022,EARRING,1
CM16-CHANDANA BROTHERS SILKS & JEWELLERS PVT.LTD.,CM16,SMT418,A+,Sparkles,30k-50k,South Zone,3,2021,EARRING,1
CM16-CHANDANA BROTHERS SILKS & JEWELLERS PVT.LTD.,CM16,SMT450,A+,Sparkles,Less Then 30k,South Zone,3,2022,EARRING,1
CM16-CHANDANA BROTHERS SILKS & JEWELLERS PVT.LTD.,CM16,SMT466,A+,Sparkles,Less Then 30k,South Zone,9,2022,EARRING,1
CM16-CHANDANA BROTHERS SILKS & JEWELLERS PVT.LTD.,CM16,T10034,A+,Sparkles,Less Then 30k,South Zone,9,2021,EARRING,1
CM16-CHANDANA BROTHERS SILKS & JEWELLERS PVT.LTD.,CM16,T10042,A+,Sparkles,Less Then 30k,South Zone,2,2022,EARRING,1
CM16-CHANDANA BROTHERS SILKS & JEWELLERS PVT.LTD.,CM16,T10129,A+,Sparkles,Less Then 30k,South Zone,1,2024,EARRING,1
CM16-CHANDANA BROTHERS SILKS & JEWELLERS PVT.LTD.,CM16,T10130,A+,Sparkles,Less Then 30k,South Zone,12,2022,EARRING,1
CM16-CHANDANA BROTHERS SILKS & JEWELLERS PVT.LTD.,CM16,T10186,A+,Sparkles,Less Then 30k,South Zone,9,2021,EARRING,1
CM16-CHANDANA BROTHERS SILKS & JEWELLERS PVT.LTD.,CM16,T10200,A+,Sparkles,Less Then 30k,South Zone,4,2022,EARRING,1
CM16-CHANDANA BROTHERS SILKS & JEWELLERS PVT.LTD.,CM16,T10278,A+,Sparkles,30k-50k,South Zone,5,2022,EARRING,1
CM16-CHANDANA BROTHERS SILKS & JEWELLERS PVT.LTD.,CM16,T10401,A+,Sparkles,30k-50k,South Zone,11,2021,EARRING,1
CM16-CHANDANA BROTHERS SILKS & JEWELLERS PVT.LTD.,CM16,T10408,A+,Sparkles,Less Then 30k,South Zone,3,2021,EARRING,1
CM16-CHANDANA BROTHERS SILKS & JEWELLERS PVT.LTD.,CM16,T10547,A+,Sparkles,Less Then 30k,South Zone,3,2025,EARRING,1
CM16-CHANDANA BROTHERS SILKS & JEWELLERS PVT.LTD.,CM16,T10547,A+,Sparkles,Less Then 30k,South Zone,4,2026,EARRING,1
CM16-CHANDANA BROTHERS SILKS & JEWELLERS PVT.LTD.,CM16,T10897,A+,Sparkles,Less Then 30k,South Zone,2,2026,EARRING,1
CM16-CHANDANA BROTHERS SILKS & JEWELLERS PVT.LTD.,CM16,T1118,A+,Sparkles,75k-100k,South Zone,9,2021,EARRING,1
CM16-CHANDANA BROTHERS SILKS & JEWELLERS PVT.LTD.,CM16,T11273,A+,Sparkles,50k-75k,South Zone,8,2024,EARRING,1
CM16-CHANDANA BROTHERS SILKS & JEWELLERS PVT.LTD.,CM16,T11273,A+,Sparkles,Less Then 30k,South Zone,4,2025,EARRING,1
CM16-CHANDANA BROTHERS SILKS & JEWELLERS PVT.LTD.,CM16,T11516,A+,Sparkles,30k-50k,South Zone,5,2023,EARRING,1
CM16-CHANDANA BROTHERS SILKS & JEWELLERS PVT.LTD.,CM16,T12458,A+,Sparkles,Less Then 30k,South Zone,6,2024,EARRING,1
CM16-CHANDANA BROTHERS SILKS & JEWELLERS PVT.LTD.,CM16,T12494,A+,Sparkles,Less Then 30k,South Zone,10,2024,EARRING,1
CM16-CHANDANA BROTHERS SILKS & JEWELLERS PVT.LTD.,CM16,T12500,A+,Sparkles,30k-50k,South Zone,11,2024,EARRING,1
CM16-CHANDANA BROTHERS SILKS & JEWELLERS PVT.LTD.,CM16,T12501,A+,Sparkles,30k-50k,South Zone,4,2026,EARRING,1
CM16-CHANDANA BROTHERS SILKS & JEWELLERS PVT.LTD.,CM16,T12572,A+,Sparkles,Less Then 30k,South Zone,12,2024,EARRING,1
CM16-CHANDANA BROTHERS SILKS & JEWELLERS PVT.LTD.,CM16,T12573,A+,Sparkles,Less Then 30k,South Zone,2,2025,EARRING,1
CM16-CHANDANA BROTHERS SILKS & JEWELLERS PVT.LTD.,CM16,T12678,A+,Sparkles,30k-50k,South Zone,1,2025,EARRING,1
CM16-CHANDANA BROTHERS SILKS & JEWELLERS PVT.LTD.,CM16,T12977,A+,Sparkles,30k-50k,South Zone,5,2024,EARRING,1
CM16-CHANDANA BROTHERS SILKS & JEWELLERS PVT.LTD.,CM16,T12977,A+,Sparkles,30k-50k,South Zone,8,2024,EARRING,1
CM16-CHANDANA BROTHERS SILKS & JEWELLERS PVT.LTD.,CM16,T12977,A+,Sparkles,30k-50k,South Zone,12,2025,EARRING,1
CM16-CHANDANA BROTHERS SILKS & JEWELLERS PVT.LTD.,CM16,T13125,A+,Sparkles,30k-50k,South Zone,5,2026,EARRING,1
CM16-CHANDANA BROTHERS SILKS & JEWELLERS PVT.LTD.,CM16,T13685,A+,Sparkles,Less Then 30k,South Zone,9,2024,EARRING,1
CM16-CHANDANA BROTHERS SILKS & JEWELLERS PVT.LTD.,CM16,T13913,A+,Sparkles,30k-50k,South Zone,4,2025,EARRING,1
CM16-CHANDANA BROTHERS SILKS & JEWELLERS PVT.LTD.,CM16,T13924,A+,Sparkles,Less Then 30k,South Zone,5,2026,EARRING,1
CM16-CHANDANA BROTHERS SILKS & JEWELLERS PVT.LTD.,CM16,T14474,A+,Sparkles,30k-50k,South Zone,5,2025,EARRING,1
CM16-CHANDANA BROTHERS SILKS & JEWELLERS PVT.LTD.,CM16,T14582,A+,Sparkles,30k-50k,South Zone,11,2025,EARRING,1
CM16-CHANDANA BROTHERS SILKS & JEWELLERS PVT.LTD.,CM16,T14897,A+,Sparkles,50k-75k,South Zone,5,2022,EARRING,1
CM16-CHANDANA BROTHERS SILKS & JEWELLERS PVT.LTD.,CM16,T15029,A+,Sparkles,30k-50k,South Zone,3,2025,EARRING,1
CM16-CHANDANA BROTHERS SILKS & JEWELLERS PVT.LTD.,CM16,T15120,A+,Sparkles,30k-50k,South Zone,1,2024,EARRING,1
CM16-CHANDANA BROTHERS SILKS & JEWELLERS PVT.LTD.,CM16,T1710,A+,Sparkles,Less Then 30k,South Zone,3,2025,EARRING,1
CM16-CHANDANA BROTHERS SILKS & JEWELLERS PVT.LTD.,CM16,T17663,A+,Sparkles,30k-50k,South Zone,11,2023,EARRING,1
CM16-CHANDANA BROTHERS SILKS & JEWELLERS PVT.LTD.,CM16,T17797,A+,Sparkles,30k-50k,South Zone,2,2024,EARRING,2
CM16-CHANDANA BROTHERS SILKS & JEWELLERS PVT.LTD.,CM16,T17872,A+,Sparkles,100k-150k,South Zone,4,2026,EARRING,1
CM16-CHANDANA BROTHERS SILKS & JEWELLERS PVT.LTD.,CM16,T18030,A+,Sparkles,30k-50k,South Zone,4,2026,EARRING,1
CM16-CHANDANA BROTHERS SILKS & JEWELLERS PVT.LTD.,CM16,T18030,A+,Sparkles,30k-50k,South Zone,6,2025,EARRING,1
CM16-CHANDANA BROTHERS SILKS & JEWELLERS PVT.LTD.,CM16,T18555,A+,Sparkles,Less Then 30k,South Zone,7,2025,EARRING,1
CM16-CHANDANA BROTHERS SILKS & JEWELLERS PVT.LTD.,CM16,T18555,A+,Sparkles,Less Then 30k,South Zone,8,2025,EARRING,1
CM16-CHANDANA BROTHERS SILKS & JEWELLERS PVT.LTD.,CM16,T18555,A+,Sparkles,Less Then 30k,South Zone,9,2025,EARRING,1
CM16-CHANDANA BROTHERS SILKS & JEWELLERS PVT.LTD.,CM16,T18555,A+,Sparkles,Less Then 30k,South Zone,12,2024,EARRING,2
CM16-CHANDANA BROTHERS SILKS & JEWELLERS PVT.LTD.,CM16,T18658,A+,Sparkles,30k-50k,South Zone,4,2026,EARRING,1
CM16-CHANDANA BROTHERS SILKS & JEWELLERS PVT.LTD.,CM16,T18658,A+,Sparkles,30k-50k,South Zone,6,2024,EARRING,1
CM16-CHANDANA BROTHERS SILKS & JEWELLERS PVT.LTD.,CM16,T18658,A+,Sparkles,30k-50k,South Zone,7,2025,EARRING,1
CM16-CHANDANA BROTHERS SILKS & JEWELLERS PVT.LTD.,CM16,T18659,A+,Sparkles,Less Then 30k,South Zone,1,2026,EARRING,1
CM16-CHANDANA BROTHERS SILKS & JEWELLERS PVT.LTD.,CM16,T18659,A+,Sparkles,Less Then 30k,South Zone,8,2024,EARRING,1
CM16-CHANDANA BROTHERS SILKS & JEWELLERS PVT.LTD.,CM16,T18661,A+,Sparkles,30k-50k,South Zone,4,2026,EARRING,1
CM16-CHANDANA BROTHERS SILKS & JEWELLERS PVT.LTD.,CM16,T18661,A+,Sparkles,30k-50k,South Zone,10,2024,EARRING,1
CM16-CHANDANA BROTHERS SILKS & JEWELLERS PVT.LTD.,CM16,T18662,A+,Sparkles,50k-75k,South Zone,5,2024,EARRING,2
CM16-CHANDANA BROTHERS SILKS & JEWELLERS PVT.LTD.,CM16,T18663,A+,Sparkles,30k-50k,South Zone,6,2025,EARRING,1
CM16-CHANDANA BROTHERS SILKS & JEWELLERS PVT.LTD.,CM16,T18665,A+,Sparkles,Less Then 30k,South Zone,5,2024,EARRING,1
CM16-CHANDANA BROTHERS SILKS & JEWELLERS PVT.LTD.,CM16,T18665,A+,Sparkles,Less Then 30k,South Zone,8,2024,EARRING,1
CM16-CHANDANA BROTHERS SILKS & JEWELLERS PVT.LTD.,CM16,T18665,A+,Sparkles,Less Then 30k,South Zone,11,2025,EARRING,1
CM16-CHANDANA BROTHERS SILKS & JEWELLERS PVT.LTD.,CM16,T18665,A+,Sparkles,Less Then 30k,South Zone,12,2025,EARRING,1
CM16-CHANDANA BROTHERS SILKS & JEWELLERS PVT.LTD.,CM16,T18666,A+,Sparkles,Less Then 30k,South Zone,1,2026,EARRING,1
CM16-CHANDANA BROTHERS SILKS & JEWELLERS PVT.LTD.,CM16,T18666,A+,Sparkles,Less Then 30k,South Zone,8,2024,EARRING,1
CM16-CHANDANA BROTHERS SILKS & JEWELLERS PVT.LTD.,CM16,T18666,A+,Sparkles,Less Then 30k,South Zone,12,2024,EARRING,1
CM16-CHANDANA BROTHERS SILKS & JEWELLERS PVT.LTD.,CM16,T18667,A+,Sparkles,Less Then 30k,South Zone,7,2024,EARRING,1
CM16-CHANDANA BROTHERS SILKS & JEWELLERS PVT.LTD.,CM16,T18670,A+,Sparkles,30k-50k,South Zone,11,2025,EARRING,1
CM16-CHANDANA BROTHERS SILKS & JEWELLERS PVT.LTD.,CM16,T18671,A+,Sparkles,30k-50k,South Zone,12,2025,EARRING,1
CM16-CHANDANA BROTHERS SILKS & JEWELLERS PVT.LTD.,CM16,T18671,A+,Sparkles,Less Then 30k,South Zone,6,2024,EARRING,1
CM16-CHANDANA BROTHERS SILKS & JEWELLERS PVT.LTD.,CM16,T18671,A+,Sparkles,Less Then 30k,South Zone,8,2024,EARRING,1
CM16-CHANDANA BROTHERS SILKS & JEWELLERS PVT.LTD.,CM16,T18672,A+,Sparkles,Less Then 30k,South Zone,1,2026,EARRING,1
CM16-CHANDANA BROTHERS SILKS & JEWELLERS PVT.LTD.,CM16,T18672,A+,Sparkles,Less Then 30k,South Zone,4,2026,EARRING,1
CM16-CHANDANA BROTHERS SILKS & JEWELLERS PVT.LTD.,CM16,T18678,A+,Sparkles,30k-50k,South Zone,6,2025,EARRING,1
CM16-CHANDANA BROTHERS SILKS & JEWELLERS PVT.LTD.,CM16,T18678,A+,Sparkles,30k-50k,South Zone,8,2024,EARRING,1
CM16-CHANDANA BROTHERS SILKS & JEWELLERS PVT.LTD.,CM16,T18678,A+,Sparkles,50k-75k,South Zone,11,2025,EARRING,1
CM16-CHANDANA BROTHERS SILKS & JEWELLERS PVT.LTD.,CM16,T18679,A+,Sparkles,30k-50k,South Zone,4,2025,EARRING,1
CM16-CHANDANA BROTHERS SILKS & JEWELLERS PVT.LTD.,CM16,T18680,A+,Sparkles,Less Then 30k,South Zone,9,2025,EARRING,1
CM16-CHANDANA BROTHERS SILKS & JEWELLERS PVT.LTD.,CM16,T19004,A+,Sparkles,75k-100k,South Zone,11,2024,EARRING,1
CM16-CHANDANA BROTHERS SILKS & JEWELLERS PVT.LTD.,CM16,T19008,A+,Sparkles,30k-50k,South Zone,8,2024,EARRING,1
CM16-CHANDANA BROTHERS SILKS & JEWELLERS PVT.LTD.,CM16,T19013,A+,Sparkles,30k-50k,South Zone,11,2025,EARRING,1
CM16-CHANDANA BROTHERS SILKS & JEWELLERS PVT.LTD.,CM16,T19016,A+,Sparkles,30k-50k,South Zone,3,2026,EARRING,1
CM16-CHANDANA BROTHERS SILKS & JEWELLERS PVT.LTD.,CM16,T19016,A+,Sparkles,30k-50k,South Zone,8,2024,EARRING,1
CM16-CHANDANA BROTHERS SILKS & JEWELLERS PVT.LTD.,CM16,T19017,A+,Sparkles,30k-50k,South Zone,5,2025,EARRING,1
CM16-CHANDANA BROTHERS SILKS & JEWELLERS PVT.LTD.,CM16,T19020,A+,Sparkles,50k-75k,South Zone,1,2025,EARRING,1
CM16-CHANDANA BROTHERS SILKS & JEWELLERS PVT.LTD.,CM16,T19025,A+,Sparkles,30k-50k,South Zone,8,2024,EARRING,1
CM16-CHANDANA BROTHERS SILKS & JEWELLERS PVT.LTD.,CM16,T19027,A+,Sparkles,50k-75k,South Zone,3,2025,EARRING,1
CM16-CHANDANA BROTHERS SILKS & JEWELLERS PVT.LTD.,CM16,T19029,A+,Sparkles,30k-50k,South Zone,2,2025,EARRING,1
CM16-CHANDANA BROTHERS SILKS & JEWELLERS PVT.LTD.,CM16,T19034,A+,Sparkles,30k-50k,South Zone,2,2026,EARRING,1
CM16-CHANDANA BROTHERS SILKS & JEWELLERS PVT.LTD.,CM16,T19034,A+,Sparkles,30k-50k,South Zone,4,2025,EARRING,1
CM16-CHANDANA BROTHERS SILKS & JEWELLERS PVT.LTD.,CM16,T19034,A+,Sparkles,30k-50k,South Zone,6,2025,EARRING,1
CM16-CHANDANA BROTHERS SILKS & JEWELLERS PVT.LTD.,CM16,T19047,A+,Sparkles,Less Then 30k,South Zone,1,2026,EARRING,1
CM16-CHANDANA BROTHERS SILKS & JEWELLERS PVT.LTD.,CM16,T19047,A+,Sparkles,Less Then 30k,South Zone,6,2025,EARRING,1
CM16-CHANDANA BROTHERS SILKS & JEWELLERS PVT.LTD.,CM16,T19047,A+,Sparkles,Less Then 30k,South Zone,9,2024,EARRING,1
CM16-CHANDANA BROTHERS SILKS & JEWELLERS PVT.LTD.,CM16,T19047,A+,Sparkles,Less Then 30k,South Zone,11,2025,EARRING,1
CM16-CHANDANA BROTHERS SILKS & JEWELLERS PVT.LTD.,CM16,T19050,A+,Sparkles,30k-50k,South Zone,11,2024,EARRING,1
CM16-CHANDANA BROTHERS SILKS & JEWELLERS PVT.LTD.,CM16,T19050,A+,Sparkles,Less Then 30k,South Zone,4,2025,EARRING,1
CM16-CHANDANA BROTHERS SILKS & JEWELLERS PVT.LTD.,CM16,T19050,A+,Sparkles,Less Then 30k,South Zone,11,2025,EARRING,1
CM16-CHANDANA BROTHERS SILKS & JEWELLERS PVT.LTD.,CM16,T19058,A+,Sparkles,30k-50k,South Zone,3,2025,EARRING,1
CM16-CHANDANA BROTHERS SILKS & JEWELLERS PVT.LTD.,CM16,T19071,A+,Sparkles,30k-50k,South Zone,7,2025,EARRING,1
CM16-CHANDANA BROTHERS SILKS & JEWELLERS PVT.LTD.,CM16,T19092,A+,Sparkles,30k-50k,South Zone,11,2025,EARRING,1
CM16-CHANDANA BROTHERS SILKS & JEWELLERS PVT.LTD.,CM16,T19095,A+,Sparkles,Less Then 30k,South Zone,8,2025,EARRING,1
CM16-CHANDANA BROTHERS SILKS & JEWELLERS PVT.LTD.,CM16,T19097,A+,Sparkles,30k-50k,South Zone,11,2025,EARRING,1
CM16-CHANDANA BROTHERS SILKS & JEWELLERS PVT.LTD.,CM16,T19102,A+,Sparkles,30k-50k,South Zone,4,2026,EARRING,1
CM16-CHANDANA BROTHERS SILKS & JEWELLERS PVT.LTD.,CM16,T19114,A+,Sparkles,30k-50k,South Zone,7,2025,EARRING,1
CM16-CHANDANA BROTHERS SILKS & JEWELLERS PVT.LTD.,CM16,T19115,A+,Sparkles,Less Then 30k,South Zone,3,2026,EARRING,1
CM16-CHANDANA BROTHERS SILKS & JEWELLERS PVT.LTD.,CM16,T19121,A+,Sparkles,30k-50k,South Zone,11,2025,EARRING,1
CM16-CHANDANA BROTHERS SILKS & JEWELLERS PVT.LTD.,CM16,T19122,A+,Sparkles,30k-50k,South Zone,4,2026,EARRING,1
CM16-CHANDANA BROTHERS SILKS & JEWELLERS PVT.LTD.,CM16,T19139,A+,Sparkles,30k-50k,South Zone,1,2026,EARRING,1
CM16-CHANDANA BROTHERS SILKS & JEWELLERS PVT.LTD.,CM16,T19222,A+,Sparkles,30k-50k,South Zone,2,2026,EARRING,1
CM16-CHANDANA BROTHERS SILKS & JEWELLERS PVT.LTD.,CM16,T19230,A+,Sparkles,30k-50k,South Zone,4,2026,EARRING,1
CM16-CHANDANA BROTHERS SILKS & JEWELLERS PVT.LTD.,CM16,T19492,A+,Sparkles,50k-75k,South Zone,4,2026,EARRING,1
CM16-CHANDANA BROTHERS SILKS & JEWELLERS PVT.LTD.,CM16,T19643,A+,Sparkles,30k-50k,South Zone,5,2026,EARRING,1
CM16-CHANDANA BROTHERS SILKS & JEWELLERS PVT.LTD.,CM16,T19680,A+,Sparkles,30k-50k,South Zone,11,2025,EARRING,1
CM16-CHANDANA BROTHERS SILKS & JEWELLERS PVT.LTD.,CM16,T20026,A+,Sparkles,30k-50k,South Zone,2,2025,EARRING,1
CM16-CHANDANA BROTHERS SILKS & JEWELLERS PVT.LTD.,CM16,T20031,A+,Sparkles,30k-50k,South Zone,6,2025,EARRING,1
CM16-CHANDANA BROTHERS SILKS & JEWELLERS PVT.LTD.,CM16,T20032,A+,Sparkles,50k-75k,South Zone,3,2025,EARRING,1
CM16-CHANDANA BROTHERS SILKS & JEWELLERS PVT.LTD.,CM16,T20286,A+,Sparkles,30k-50k,South Zone,1,2026,EARRING,1
CM16-CHANDANA BROTHERS SILKS & JEWELLERS PVT.LTD.,CM16,T21607,A+,Sparkles,Less Then 30k,South Zone,11,2025,EARRING,1
CM16-CHANDANA BROTHERS SILKS & JEWELLERS PVT.LTD.,CM16,T2729,A+,Sparkles,Less Then 30k,South Zone,11,2025,EARRING,1
CM16-CHANDANA BROTHERS SILKS & JEWELLERS PVT.LTD.,CM16,T3568,A+,Sparkles,Less Then 30k,South Zone,12,2025,EARRING,1
CM16-CHANDANA BROTHERS SILKS & JEWELLERS PVT.LTD.,CM16,T5367,A+,Sparkles,Less Then 30k,South Zone,4,2024,EARRING,2
CM16-CHANDANA BROTHERS SILKS & JEWELLERS PVT.LTD.,CM16,T5367,A+,Sparkles,Less Then 30k,South Zone,11,2023,EARRING,1
CM16-CHANDANA BROTHERS SILKS & JEWELLERS PVT.LTD.,CM16,T537,A+,Sparkles,30k-50k,South Zone,3,2021,EARRING,1
CM16-CHANDANA BROTHERS SILKS & JEWELLERS PVT.LTD.,CM16,T537,A+,Sparkles,30k-50k,South Zone,8,2023,EARRING,1
CM16-CHANDANA BROTHERS SILKS & JEWELLERS PVT.LTD.,CM16,T5420,A+,Sparkles,Less Then 30k,South Zone,5,2022,EARRING,1
CM16-CHANDANA BROTHERS SILKS & JEWELLERS PVT.LTD.,CM16,T5478,A+,Sparkles,Less Then 30k,South Zone,12,2021,EARRING,1
CM16-CHANDANA BROTHERS SILKS & JEWELLERS PVT.LTD.,CM16,T5663,A+,Sparkles,Less Then 30k,South Zone,3,2026,EARRING,1
CM16-CHANDANA BROTHERS SILKS & JEWELLERS PVT.LTD.,CM16,T5663,A+,Sparkles,Less Then 30k,South Zone,8,2025,EARRING,1
CM16-CHANDANA BROTHERS SILKS & JEWELLERS PVT.LTD.,CM16,T5948,A+,Sparkles,30k-50k,South Zone,3,2022,EARRING,1
CM16-CHANDANA BROTHERS SILKS & JEWELLERS PVT.LTD.,CM16,T6353,A+,Sparkles,50k-75k,South Zone,7,2022,EARRING,1
CM16-CHANDANA BROTHERS SILKS & JEWELLERS PVT.LTD.,CM16,T6355,A+,Sparkles,100k-150k,South Zone,3,2021,EARRING,1
CM16-CHANDANA BROTHERS SILKS & JEWELLERS PVT.LTD.,CM16,T6375,A+,Sparkles,Less Then 30k,South Zone,8,2023,EARRING,1
CM16-CHANDANA BROTHERS SILKS & JEWELLERS PVT.LTD.,CM16,T6478,A+,Sparkles,30k-50k,South Zone,7,2023,EARRING,1
CM16-CHANDANA BROTHERS SILKS & JEWELLERS PVT.LTD.,CM16,T6482,A+,Sparkles,Less Then 30k,South Zone,1,2022,EARRING,1
CM16-CHANDANA BROTHERS SILKS & JEWELLERS PVT.LTD.,CM16,T6482,A+,Sparkles,Less Then 30k,South Zone,5,2023,EARRING,1
CM16-CHANDANA BROTHERS SILKS & JEWELLERS PVT.LTD.,CM16,T6482,A+,Sparkles,Less Then 30k,South Zone,11,2022,EARRING,1
CM16-CHANDANA BROTHERS SILKS & JEWELLERS PVT.LTD.,CM16,T6485,A+,Sparkles,Less Then 30k,South Zone,4,2026,EARRING,1
CM16-CHANDANA BROTHERS SILKS & JEWELLERS PVT.LTD.,CM16,T6488,A+,Sparkles,Less Then 30k,South Zone,7,2024,EARRING,1
CM16-CHANDANA BROTHERS SILKS & JEWELLERS PVT.LTD.,CM16,T6549,A+,Sparkles,30k-50k,South Zone,6,2025,EARRING,1
CM16-CHANDANA BROTHERS SILKS & JEWELLERS PVT.LTD.,CM16,T6682,A+,Sparkles,30k-50k,South Zone,4,2022,EARRING,1
CM16-CHANDANA BROTHERS SILKS & JEWELLERS PVT.LTD.,CM16,T7227,A+,Sparkles,30k-50k,South Zone,10,2024,EARRING,1
CM16-CHANDANA BROTHERS SILKS & JEWELLERS PVT.LTD.,CM16,T7258,A+,Sparkles,Less Then 30k,South Zone,11,2023,EARRING,1
CM16-CHANDANA BROTHERS SILKS & JEWELLERS PVT.LTD.,CM16,T7264,A+,Sparkles,Less Then 30k,South Zone,9,2023,EARRING,1
CM16-CHANDANA BROTHERS SILKS & JEWELLERS PVT.LTD.,CM16,T7289,A+,Sparkles,30k-50k,South Zone,2,2022,EARRING,1
CM16-CHANDANA BROTHERS SILKS & JEWELLERS PVT.LTD.,CM16,T7289,A+,Sparkles,Less Then 30k,South Zone,5,2023,EARRING,1
CM16-CHANDANA BROTHERS SILKS & JEWELLERS PVT.LTD.,CM16,T7295,A+,Sparkles,Less Then 30k,South Zone,9,2021,EARRING,1
CM16-CHANDANA BROTHERS SILKS & JEWELLERS PVT.LTD.,CM16,T7661,A+,Sparkles,Less Then 30k,South Zone,9,2021,EARRING,1
CM16-CHANDANA BROTHERS SILKS & JEWELLERS PVT.LTD.,CM16,T7661,A+,Sparkles,Less Then 30k,South Zone,11,2022,EARRING,1
CM16-CHANDANA BROTHERS SILKS & JEWELLERS PVT.LTD.,CM16,T8043,A+,Sparkles,30k-50k,South Zone,3,2022,EARRING,1
CM16-CHANDANA BROTHERS SILKS & JEWELLERS PVT.LTD.,CM16,T8043,A+,Sparkles,30k-50k,South Zone,10,2021,EARRING,1
CM16-CHANDANA BROTHERS SILKS & JEWELLERS PVT.LTD.,CM16,T8526,A+,Sparkles,75k-100k,South Zone,8,2024,EARRING,1
CM16-CHANDANA BROTHERS SILKS & JEWELLERS PVT.LTD.,CM16,T8715,A+,Sparkles,50k-75k,South Zone,8,2023,EARRING,1
CM16-CHANDANA BROTHERS SILKS & JEWELLERS PVT.LTD.,CM16,T8715,A+,Sparkles,Less Then 30k,South Zone,6,2025,EARRING,1
CM16-CHANDANA BROTHERS SILKS & JEWELLERS PVT.LTD.,CM16,T8715,A+,Sparkles,Less Then 30k,South Zone,10,2024,EARRING,1
CM16-CHANDANA BROTHERS SILKS & JEWELLERS PVT.LTD.,CM16,T8715,A+,Sparkles,Less Then 30k,South Zone,11,2025,EARRING,1
CM16-CHANDANA BROTHERS SILKS & JEWELLERS PVT.LTD.,CM16,T9310,A+,Sparkles,Less Then 30k,South Zone,1,2023,EARRING,1
CM16-CHANDANA BROTHERS SILKS & JEWELLERS PVT.LTD.,CM16,T9310,A+,Sparkles,Less Then 30k,South Zone,7,2022,EARRING,1
CM16-CHANDANA BROTHERS SILKS & JEWELLERS PVT.LTD.,CM16,T9699,A+,Sparkles,Less Then 30k,South Zone,1,2026,EARRING,1
CM16-CHANDANA BROTHERS SILKS & JEWELLERS PVT.LTD.,CM16,T9699,A+,Sparkles,Less Then 30k,South Zone,12,2025,EARRING,1
CM16-CHANDANA BROTHERS SILKS & JEWELLERS PVT.LTD.,CM16,T9802,A+,Sparkles,Less Then 30k,South Zone,1,2022,EARRING,1
CM16-CHANDANA BROTHERS SILKS & JEWELLERS PVT.LTD.,CM16,T996,A+,Sparkles,75k-100k,South Zone,6,2024,EARRING,1
CM16-CHANDANA BROTHERS SILKS & JEWELLERS PVT.LTD.,CM16,T9982,A+,Sparkles,Less Then 30k,South Zone,2,2022,EARRING,1
CM16-CHANDANA BROTHERS SILKS & JEWELLERS PVT.LTD.,CM16,T9991,A+,Sparkles,30k-50k,South Zone,11,2022,EARRING,1
CM16-CHANDANA BROTHERS SILKS & JEWELLERS PVT.LTD.,CM16,TN10836,A+,Sparkles,50k-75k,South Zone,4,2023,NECKLACE,1
CM16-CHANDANA BROTHERS SILKS & JEWELLERS PVT.LTD.,CM16,TN20404,A+,Sparkles,Less Then 30k,South Zone,11,2025,EARRING,1
CM16-CHANDANA BROTHERS SILKS & JEWELLERS PVT.LTD.,CM16,TN20405,A+,Sparkles,Less Then 30k,South Zone,12,2025,EARRING,1
CM16-CHANDANA BROTHERS SILKS & JEWELLERS PVT.LTD.,CM16,TN20412,A+,Sparkles,Less Then 30k,South Zone,2,2026,EARRING,1
CM16-CHANDANA BROTHERS SILKS & JEWELLERS PVT.LTD.,CM16,TN20414,A+,Sparkles,Less Then 30k,South Zone,11,2025,EARRING,1
CM16-CHANDANA BROTHERS SILKS & JEWELLERS PVT.LTD.,CM16,TNP1882,A+,Sparkles,Less Then 30k,South Zone,4,2026,EARRING,1
CM16-CHANDANA BROTHERS SILKS & JEWELLERS PVT.LTD.,CM16,TR892,A+,Sparkles,Less Then 30k,South Zone,4,2022,EARRING,1
CM16-CHANDANA BROTHERS SILKS & JEWELLERS PVT.LTD.,CM16,TR892,A+,Sparkles,Less Then 30k,South Zone,9,2021,EARRING,1
CMR3-CHANDANA BROTHERS SILKS & JEWELLERS PVT. LTD.,CMR3,AFDHE600,A+,Sparkles,50k-75k,South Zone,3,2026,EARRING,1
CMR3-CHANDANA BROTHERS SILKS & JEWELLERS PVT. LTD.,CMR3,AFDRE14202,A+,Sparkles,30k-50k,South Zone,5,2026,RING,1
CMR3-CHANDANA BROTHERS SILKS & JEWELLERS PVT. LTD.,CMR3,AFDRE16203,A+,Sparkles,30k-50k,South Zone,8,2024,RING,1
CMR3-CHANDANA BROTHERS SILKS & JEWELLERS PVT. LTD.,CMR3,AFDRE5000,A+,Sparkles,75k-100k,South Zone,11,2024,RING,1
CMR3-CHANDANA BROTHERS SILKS & JEWELLERS PVT. LTD.,CMR3,AFDRE5000,A+,Sparkles,75k-100k,South Zone,12,2023,RING,1
CMR3-CHANDANA BROTHERS SILKS & JEWELLERS PVT. LTD.,CMR3,AFDRE9004,A+,Sparkles,100k-150k,South Zone,5,2024,RING,1
CMR3-CHANDANA BROTHERS SILKS & JEWELLERS PVT. LTD.,CMR3,AFDT1400,A+,Sparkles,30k-50k,South Zone,4,2025,EARRING,1
CMR3-CHANDANA BROTHERS SILKS & JEWELLERS PVT. LTD.,CMR3,AFDT1400,A+,Sparkles,30k-50k,South Zone,9,2024,EARRING,1
CMR3-CHANDANA BROTHERS SILKS & JEWELLERS PVT. LTD.,CMR3,AFDT1400,A+,Sparkles,30k-50k,South Zone,12,2024,EARRING,1
CMR3-CHANDANA BROTHERS SILKS & JEWELLERS PVT. LTD.,CMR3,AFDT1400,A+,Sparkles,Less Then 30k,South Zone,1,2026,EARRING,1
CMR3-CHANDANA BROTHERS SILKS & JEWELLERS PVT. LTD.,CMR3,AFDT1400,A+,Sparkles,Less Then 30k,South Zone,3,2025,EARRING,1
CMR3-CHANDANA BROTHERS SILKS & JEWELLERS PVT. LTD.,CMR3,AFDT1400,A+,Sparkles,Less Then 30k,South Zone,4,2025,EARRING,1
CMR3-CHANDANA BROTHERS SILKS & JEWELLERS PVT. LTD.,CMR3,AFDT1400,A+,Sparkles,Less Then 30k,South Zone,7,2024,EARRING,1
CMR3-CHANDANA BROTHERS SILKS & JEWELLERS PVT. LTD.,CMR3,AFDT1400,A+,Sparkles,Less Then 30k,South Zone,11,2024,EARRING,1
CMR3-CHANDANA BROTHERS SILKS & JEWELLERS PVT. LTD.,CMR3,AFDT1401,A+,Sparkles,50k-75k,South Zone,8,2025,EARRING,1
CMR3-CHANDANA BROTHERS SILKS & JEWELLERS PVT. LTD.,CMR3,AFDT1401,A+,Sparkles,75k-100k,South Zone,9,2024,EARRING,1
CMR3-CHANDANA BROTHERS SILKS & JEWELLERS PVT. LTD.,CMR3,AFDT1409,A+,Sparkles,30k-50k,South Zone,1,2025,EARRING,1
CMR3-CHANDANA BROTHERS SILKS & JEWELLERS PVT. LTD.,CMR3,AFDT1409,A+,Sparkles,30k-50k,South Zone,5,2025,EARRING,1
CMR3-CHANDANA BROTHERS SILKS & JEWELLERS PVT. LTD.,CMR3,AFDT1409,A+,Sparkles,30k-50k,South Zone,7,2024,EARRING,1
CMR3-CHANDANA BROTHERS SILKS & JEWELLERS PVT. LTD.,CMR3,AFDT1409,A+,Sparkles,30k-50k,South Zone,10,2024,EARRING,1
CMR3-CHANDANA BROTHERS SILKS & JEWELLERS PVT. LTD.,CMR3,AFDT1409,A+,Sparkles,30k-50k,South Zone,12,2024,EARRING,1
CMR3-CHANDANA BROTHERS SILKS & JEWELLERS PVT. LTD.,CMR3,AFDT1409,A+,Sparkles,30k-50k,South Zone,12,2025,EARRING,1
CMR3-CHANDANA BROTHERS SILKS & JEWELLERS PVT. LTD.,CMR3,AFDT1409,A+,Sparkles,Less Then 30k,South Zone,1,2026,EARRING,1
CMR3-CHANDANA BROTHERS SILKS & JEWELLERS PVT. LTD.,CMR3,AFDT1410,A+,Sparkles,Less Then 30k,South Zone,1,2025,EARRING,1
CMR3-CHANDANA BROTHERS SILKS & JEWELLERS PVT. LTD.,CMR3,AFDT1410,A+,Sparkles,Less Then 30k,South Zone,1,2026,EARRING,1
CMR3-CHANDANA BROTHERS SILKS & JEWELLERS PVT. LTD.,CMR3,AFDT1410,A+,Sparkles,Less Then 30k,South Zone,2,2026,EARRING,1
CMR3-CHANDANA BROTHERS SILKS & JEWELLERS PVT. LTD.,CMR3,AFDT1410,A+,Sparkles,Less Then 30k,South Zone,3,2025,EARRING,2
CMR3-CHANDANA BROTHERS SILKS & JEWELLERS PVT. LTD.,CMR3,AFDT1410,A+,Sparkles,Less Then 30k,South Zone,5,2026,EARRING,1
CMR3-CHANDANA BROTHERS SILKS & JEWELLERS PVT. LTD.,CMR3,AFDT1410,A+,Sparkles,Less Then 30k,South Zone,6,2024,EARRING,1
CMR3-CHANDANA BROTHERS SILKS & JEWELLERS PVT. LTD.,CMR3,AFDT1410,A+,Sparkles,Less Then 30k,South Zone,8,2024,EARRING,1
CMR3-CHANDANA BROTHERS SILKS & JEWELLERS PVT. LTD.,CMR3,AFDT1410,A+,Sparkles,Less Then 30k,South Zone,8,2025,EARRING,1
CMR3-CHANDANA BROTHERS SILKS & JEWELLERS PVT. LTD.,CMR3,AFDT1410,A+,Sparkles,Less Then 30k,South Zone,11,2024,EARRING,1
CMR3-CHANDANA BROTHERS SILKS & JEWELLERS PVT. LTD.,CMR3,AFDT1411,A+,Sparkles,Less Then 30k,South Zone,2,2025,EARRING,1
CMR3-CHANDANA BROTHERS SILKS & JEWELLERS PVT. LTD.,CMR3,AFDT1411,A+,Sparkles,Less Then 30k,South Zone,4,2025,EARRING,2
CMR3-CHANDANA BROTHERS SILKS & JEWELLERS PVT. LTD.,CMR3,AFDT1411,A+,Sparkles,Less Then 30k,South Zone,7,2025,EARRING,1
CMR3-CHANDANA BROTHERS SILKS & JEWELLERS PVT. LTD.,CMR3,AFDT1411,A+,Sparkles,Less Then 30k,South Zone,10,2024,EARRING,1
CMR3-CHANDANA BROTHERS SILKS & JEWELLERS PVT. LTD.,CMR3,AFDT1450,A+,Sparkles,30k-50k,South Zone,4,2024,EARRING,1
CMR3-CHANDANA BROTHERS SILKS & JEWELLERS PVT. LTD.,CMR3,AFDT2000,A+,Sparkles,50k-75k,South Zone,1,2025,EARRING,1
CMR3-CHANDANA BROTHERS SILKS & JEWELLERS PVT. LTD.,CMR3,AFDT2000,A+,Sparkles,50k-75k,South Zone,2,2026,EARRING,1
CMR3-CHANDANA BROTHERS SILKS & JEWELLERS PVT. LTD.,CMR3,AFDT300,A+,Sparkles,30k-50k,South Zone,6,2024,EARRING,1
CMR3-CHANDANA BROTHERS SILKS & JEWELLERS PVT. LTD.,CMR3,N10265,A+,Sparkles,Less Then 30k,South Zone,10,2022,NECKLACE,1
CMR3-CHANDANA BROTHERS SILKS & JEWELLERS PVT. LTD.,CMR3,N10994,A+,Sparkles,50k-75k,South Zone,2,2021,NECKLACE,1
CMR3-CHANDANA BROTHERS SILKS & JEWELLERS PVT. LTD.,CMR3,N10994,A+,Sparkles,75k-100k,South Zone,2,2021,NECKLACE,1
CMR3-CHANDANA BROTHERS SILKS & JEWELLERS PVT. LTD.,CMR3,N13743,A+,Sparkles,50k-75k,South Zone,6,2020,NECKLACE,1
CMR3-CHANDANA BROTHERS SILKS & JEWELLERS PVT. LTD.,CMR3,N19508,A+,Sparkles,30k-50k,South Zone,11,2024,NECKLACE,1
CMR3-CHANDANA BROTHERS SILKS & JEWELLERS PVT. LTD.,CMR3,N19512,A+,Sparkles,30k-50k,South Zone,10,2024,NECKLACE,2
CMR3-CHANDANA BROTHERS SILKS & JEWELLERS PVT. LTD.,CMR3,N19534,A+,Sparkles,50k-75k,South Zone,9,2025,NECKLACE,1
CMR3-CHANDANA BROTHERS SILKS & JEWELLERS PVT. LTD.,CMR3,N19537,A+,Sparkles,30k-50k,South Zone,1,2026,NECKLACE,1
CMR3-CHANDANA BROTHERS SILKS & JEWELLERS PVT. LTD.,CMR3,N19539,A+,Sparkles,30k-50k,South Zone,1,2026,NECKLACE,1
CMR3-CHANDANA BROTHERS SILKS & JEWELLERS PVT. LTD.,CMR3,N19545,A+,Sparkles,30k-50k,South Zone,7,2025,NECKLACE,1
CMR3-CHANDANA BROTHERS SILKS & JEWELLERS PVT. LTD.,CMR3,N19550,A+,Sparkles,30k-50k,South Zone,5,2025,NECKLACE,1
CMR3-CHANDANA BROTHERS SILKS & JEWELLERS PVT. LTD.,CMR3,N19557,A+,Sparkles,50k-75k,South Zone,5,2026,NECKLACE,1
CMR3-CHANDANA BROTHERS SILKS & JEWELLERS PVT. LTD.,CMR3,N19558,A+,Sparkles,50k-75k,South Zone,11,2024,NECKLACE,1
CMR3-CHANDANA BROTHERS SILKS & JEWELLERS PVT. LTD.,CMR3,N19601,A+,Sparkles,50k-75k,South Zone,4,2025,NECKLACE,1
CMR3-CHANDANA BROTHERS SILKS & JEWELLERS PVT. LTD.,CMR3,N19601,A+,Sparkles,50k-75k,South Zone,12,2025,NECKLACE,1
CMR3-CHANDANA BROTHERS SILKS & JEWELLERS PVT. LTD.,CMR3,N19604,A+,Sparkles,30k-50k,South Zone,8,2025,NECKLACE,1
CMR3-CHANDANA BROTHERS SILKS & JEWELLERS PVT. LTD.,CMR3,N19612,A+,Sparkles,Less Then 30k,South Zone,11,2025,NECKLACE,1
CMR3-CHANDANA BROTHERS SILKS & JEWELLERS PVT. LTD.,CMR3,N19621,A+,Sparkles,50k-75k,South Zone,4,2026,NECKLACE,1
CMR3-CHANDANA BROTHERS SILKS & JEWELLERS PVT. LTD.,CMR3,N19621,A+,Sparkles,50k-75k,South Zone,8,2025,NECKLACE,1
CMR3-CHANDANA BROTHERS SILKS & JEWELLERS PVT. LTD.,CMR3,N19621,A+,Sparkles,50k-75k,South Zone,12,2025,NECKLACE,1
CMR3-CHANDANA BROTHERS SILKS & JEWELLERS PVT. LTD.,CMR3,N19623,A+,Sparkles,30k-50k,South Zone,9,2025,NECKLACE,1
CMR3-CHANDANA BROTHERS SILKS & JEWELLERS PVT. LTD.,CMR3,N19625,A+,Sparkles,50k-75k,South Zone,12,2025,NECKLACE,1
CMR3-CHANDANA BROTHERS SILKS & JEWELLERS PVT. LTD.,CMR3,N19635,A+,Sparkles,50k-75k,South Zone,3,2026,NECKLACE,1
CMR3-CHANDANA BROTHERS SILKS & JEWELLERS PVT. LTD.,CMR3,N19643,A+,Sparkles,30k-50k,South Zone,11,2025,NECKLACE,1
CMR3-CHANDANA BROTHERS SILKS & JEWELLERS PVT. LTD.,CMR3,N19661,A+,Sparkles,30k-50k,South Zone,2,2026,NECKLACE,1
CMR3-CHANDANA BROTHERS SILKS & JEWELLERS PVT. LTD.,CMR3,N19662,A+,Sparkles,50k-75k,South Zone,12,2025,TANMANIYA,1
CMR3-CHANDANA BROTHERS SILKS & JEWELLERS PVT. LTD.,CMR3,N19743,A+,Sparkles,30k-50k,South Zone,1,2026,NECKLACE,1
CMR3-CHANDANA BROTHERS SILKS & JEWELLERS PVT. LTD.,CMR3,N5797,A+,Sparkles,50k-75k,South Zone,11,2021,NECKLACE,1
CMR3-CHANDANA BROTHERS SILKS & JEWELLERS PVT. LTD.,CMR3,N7490,A+,Sparkles,100k-150k,South Zone,2,2021,NECKLACE,1
CMR3-CHANDANA BROTHERS SILKS & JEWELLERS PVT. LTD.,CMR3,N8113,A+,Sparkles,30k-50k,South Zone,2,2021,NECKLACE,1
CMR3-CHANDANA BROTHERS SILKS & JEWELLERS PVT. LTD.,CMR3,N8113,A+,Sparkles,30k-50k,South Zone,3,2022,NECKLACE,1
CMR3-CHANDANA BROTHERS SILKS & JEWELLERS PVT. LTD.,CMR3,N8139,A+,Sparkles,30k-50k,South Zone,3,2023,NECKLACE,1
CMR3-CHANDANA BROTHERS SILKS & JEWELLERS PVT. LTD.,CMR3,N8139,A+,Sparkles,50k-75k,South Zone,6,2021,NECKLACE,1
CMR3-CHANDANA BROTHERS SILKS & JEWELLERS PVT. LTD.,CMR3,NP10273,A+,Sparkles,30k-50k,South Zone,10,2021,NOSE PIN,1
CMR3-CHANDANA BROTHERS SILKS & JEWELLERS PVT. LTD.,CMR3,NP10273,A+,Sparkles,Less Then 30k,South Zone,1,2024,NOSE PIN,1
CMR3-CHANDANA BROTHERS SILKS & JEWELLERS PVT. LTD.,CMR3,NP10273,A+,Sparkles,Less Then 30k,South Zone,2,2025,NOSE PIN,1
CMR3-CHANDANA BROTHERS SILKS & JEWELLERS PVT. LTD.,CMR3,NP10273,A+,Sparkles,Less Then 30k,South Zone,8,2024,NOSE PIN,1
CMR3-CHANDANA BROTHERS SILKS & JEWELLERS PVT. LTD.,CMR3,NP10910,A+,Sparkles,Less Then 30k,South Zone,8,2022,NOSE PIN,1
CMR3-CHANDANA BROTHERS SILKS & JEWELLERS PVT. LTD.,CMR3,NP10938,A+,Sparkles,Less Then 30k,South Zone,1,2023,NOSE PIN,2
CMR3-CHANDANA BROTHERS SILKS & JEWELLERS PVT. LTD.,CMR3,NP10938,A+,Sparkles,Less Then 30k,South Zone,7,2022,NOSE PIN,2
CMR3-CHANDANA BROTHERS SILKS & JEWELLERS PVT. LTD.,CMR3,NP10938,A+,Sparkles,Less Then 30k,South Zone,9,2022,NOSE PIN,1
CMR3-CHANDANA BROTHERS SILKS & JEWELLERS PVT. LTD.,CMR3,NP10938,A+,Sparkles,Less Then 30k,South Zone,11,2022,NOSE PIN,1
CMR3-CHANDANA BROTHERS SILKS & JEWELLERS PVT. LTD.,CMR3,NP11010,A+,Sparkles,Less Then 30k,South Zone,5,2026,NOSE PIN,1
CMR3-CHANDANA BROTHERS SILKS & JEWELLERS PVT. LTD.,CMR3,NP11014,A+,Sparkles,Less Then 30k,South Zone,1,2022,NOSE PIN,1
CMR3-CHANDANA BROTHERS SILKS & JEWELLERS PVT. LTD.,CMR3,NP11014,A+,Sparkles,Less Then 30k,South Zone,2,2022,NOSE PIN,1
CMR3-CHANDANA BROTHERS SILKS & JEWELLERS PVT. LTD.,CMR3,NP11014,A+,Sparkles,Less Then 30k,South Zone,2,2026,NOSE PIN,1
CMR3-CHANDANA BROTHERS SILKS & JEWELLERS PVT. LTD.,CMR3,NP11014,A+,Sparkles,Less Then 30k,South Zone,3,2026,NOSE PIN,1
CMR3-CHANDANA BROTHERS SILKS & JEWELLERS PVT. LTD.,CMR3,NP11014,A+,Sparkles,Less Then 30k,South Zone,4,2026,NOSE PIN,1
CMR3-CHANDANA BROTHERS SILKS & JEWELLERS PVT. LTD.,CMR3,NP11014,A+,Sparkles,Less Then 30k,South Zone,6,2025,NOSE PIN,1
CMR3-CHANDANA BROTHERS SILKS & JEWELLERS PVT. LTD.,CMR3,NP11014,A+,Sparkles,Less Then 30k,South Zone,7,2025,NOSE PIN,1
CMR3-CHANDANA BROTHERS SILKS & JEWELLERS PVT. LTD.,CMR3,NP11014,A+,Sparkles,Less Then 30k,South Zone,12,2025,NOSE PIN,1
CMR3-CHANDANA BROTHERS SILKS & JEWELLERS PVT. LTD.,CMR3,NP11015,A+,Sparkles,Less Then 30k,South Zone,5,2025,NOSE PIN,1
CMR3-CHANDANA BROTHERS SILKS & JEWELLERS PVT. LTD.,CMR3,NP11017,A+,Sparkles,Less Then 30k,South Zone,1,2022,NOSE PIN,1
CMR3-CHANDANA BROTHERS SILKS & JEWELLERS PVT. LTD.,CMR3,NP11017,A+,Sparkles,Less Then 30k,South Zone,3,2021,NOSE PIN,1
CMR3-CHANDANA BROTHERS SILKS & JEWELLERS PVT. LTD.,CMR3,NP11018,A+,Sparkles,Less Then 30k,South Zone,4,2025,NOSE PIN,1
CMR3-CHANDANA BROTHERS SILKS & JEWELLERS PVT. LTD.,CMR3,NP11018,A+,Sparkles,Less Then 30k,South Zone,11,2025,NOSE PIN,1
CMR3-CHANDANA BROTHERS SILKS & JEWELLERS PVT. LTD.,CMR3,NP11019,A+,Sparkles,Less Then 30k,South Zone,5,2023,NOSE PIN,1
CMR3-CHANDANA BROTHERS SILKS & JEWELLERS PVT. LTD.,CMR3,NP11019,A+,Sparkles,Less Then 30k,South Zone,7,2022,NOSE PIN,3
CMR3-CHANDANA BROTHERS SILKS & JEWELLERS PVT. LTD.,CMR3,NP11019,A+,Sparkles,Less Then 30k,South Zone,8,2022,NOSE PIN,2
CMR3-CHANDANA BROTHERS SILKS & JEWELLERS PVT. LTD.,CMR3,NP11019,A+,Sparkles,Less Then 30k,South Zone,12,2022,NOSE PIN,2
CMR3-CHANDANA BROTHERS SILKS & JEWELLERS PVT. LTD.,CMR3,NP11020,A+,Sparkles,Less Then 30k,South Zone,1,2022,NOSE PIN,2
CMR3-CHANDANA BROTHERS SILKS & JEWELLERS PVT. LTD.,CMR3,NP11020,A+,Sparkles,Less Then 30k,South Zone,1,2024,NOSE PIN,1
CMR3-CHANDANA BROTHERS SILKS & JEWELLERS PVT. LTD.,CMR3,NP11020,A+,Sparkles,Less Then 30k,South Zone,1,2026,NOSE PIN,1
CMR3-CHANDANA BROTHERS SILKS & JEWELLERS PVT. LTD.,CMR3,NP11020,A+,Sparkles,Less Then 30k,South Zone,2,2021,NOSE PIN,1
CMR3-CHANDANA BROTHERS SILKS & JEWELLERS PVT. LTD.,CMR3,NP11020,A+,Sparkles,Less Then 30k,South Zone,7,2022,NOSE PIN,4
CMR3-CHANDANA BROTHERS SILKS & JEWELLERS PVT. LTD.,CMR3,NP11020,A+,Sparkles,Less Then 30k,South Zone,10,2022,NOSE PIN,2
CMR3-CHANDANA BROTHERS SILKS & JEWELLERS PVT. LTD.,CMR3,NP11020,A+,Sparkles,Less Then 30k,South Zone,11,2025,NOSE PIN,1
CMR3-CHANDANA BROTHERS SILKS & JEWELLERS PVT. LTD.,CMR3,NP11020,A+,Sparkles,Less Then 30k,South Zone,12,2022,NOSE PIN,2
CMR3-CHANDANA BROTHERS SILKS & JEWELLERS PVT. LTD.,CMR3,NP11020,A+,Sparkles,Less Then 30k,South Zone,12,2025,NOSE PIN,2
CMR3-CHANDANA BROTHERS SILKS & JEWELLERS PVT. LTD.,CMR3,NP11022,A+,Sparkles,Less Then 30k,South Zone,5,2023,NOSE PIN,1
CMR3-CHANDANA BROTHERS SILKS & JEWELLERS PVT. LTD.,CMR3,NP11484,A+,Sparkles,Less Then 30k,South Zone,3,2026,NOSE PIN,2
CMR3-CHANDANA BROTHERS SILKS & JEWELLERS PVT. LTD.,CMR3,NP11484,A+,Sparkles,Less Then 30k,South Zone,5,2025,NOSE PIN,1
CMR3-CHANDANA BROTHERS SILKS & JEWELLERS PVT. LTD.,CMR3,NP11484,A+,Sparkles,Less Then 30k,South Zone,6,2025,NOSE PIN,1
CMR3-CHANDANA BROTHERS SILKS & JEWELLERS PVT. LTD.,CMR3,NP11754,A+,Sparkles,Less Then 30k,South Zone,3,2026,NOSE PIN,1
CMR3-CHANDANA BROTHERS SILKS & JEWELLERS PVT. LTD.,CMR3,NP11754,A+,Sparkles,Less Then 30k,South Zone,7,2025,NOSE PIN,1
CMR3-CHANDANA BROTHERS SILKS & JEWELLERS PVT. LTD.,CMR3,NP11754,A+,Sparkles,Less Then 30k,South Zone,12,2025,NOSE PIN,1
CMR3-CHANDANA BROTHERS SILKS & JEWELLERS PVT. LTD.,CMR3,NP1231,A+,Sparkles,Less Then 30k,South Zone,3,2026,NOSE PIN,1
CMR3-CHANDANA BROTHERS SILKS & JEWELLERS PVT. LTD.,CMR3,NP1231,A+,Sparkles,Less Then 30k,South Zone,6,2025,NOSE PIN,1
CMR3-CHANDANA BROTHERS SILKS & JEWELLERS PVT. LTD.,CMR3,NP1231,A+,Sparkles,Less Then 30k,South Zone,9,2021,NOSE PIN,1
CMR3-CHANDANA BROTHERS SILKS & JEWELLERS PVT. LTD.,CMR3,NP1231,A+,Sparkles,Less Then 30k,South Zone,11,2025,NOSE PIN,2
CMR3-CHANDANA BROTHERS SILKS & JEWELLERS PVT. LTD.,CMR3,NP1231,A+,Sparkles,Less Then 30k,South Zone,12,2025,NOSE PIN,1
CMR3-CHANDANA BROTHERS SILKS & JEWELLERS PVT. LTD.,CMR3,NP12432,A+,Sparkles,30k-50k,South Zone,5,2021,NOSE PIN,1
CMR3-CHANDANA BROTHERS SILKS & JEWELLERS PVT. LTD.,CMR3,NP12432,A+,Sparkles,Less Then 30k,South Zone,1,2024,NOSE PIN,1
CMR3-CHANDANA BROTHERS SILKS & JEWELLERS PVT. LTD.,CMR3,NP12432,A+,Sparkles,Less Then 30k,South Zone,2,2026,NOSE PIN,1
CMR3-CHANDANA BROTHERS SILKS & JEWELLERS PVT. LTD.,CMR3,NP12432,A+,Sparkles,Less Then 30k,South Zone,4,2025,NOSE PIN,2
CMR3-CHANDANA BROTHERS SILKS & JEWELLERS PVT. LTD.,CMR3,NP1259,A+,Sparkles,Less Then 30k,South Zone,3,2023,NOSE PIN,1
CMR3-CHANDANA BROTHERS SILKS & JEWELLERS PVT. LTD.,CMR3,NP1259,A+,Sparkles,Less Then 30k,South Zone,5,2025,NOSE PIN,1
CMR3-CHANDANA BROTHERS SILKS & JEWELLERS PVT. LTD.,CMR3,NP13651,A+,Sparkles,Less Then 30k,South Zone,5,2024,NOSE PIN,1
CMR3-CHANDANA BROTHERS SILKS & JEWELLERS PVT. LTD.,CMR3,NP13651,A+,Sparkles,Less Then 30k,South Zone,7,2024,NOSE PIN,1
CMR3-CHANDANA BROTHERS SILKS & JEWELLERS PVT. LTD.,CMR3,NP13651,A+,Sparkles,Less Then 30k,South Zone,8,2024,NOSE PIN,1
CMR3-CHANDANA BROTHERS SILKS & JEWELLERS PVT. LTD.,CMR3,NP13652,A+,Sparkles,Less Then 30k,South Zone,10,2024,NOSE PIN,1
CMR3-CHANDANA BROTHERS SILKS & JEWELLERS PVT. LTD.,CMR3,NP1484,A+,Sparkles,Less Then 30k,South Zone,3,2026,NOSE PIN,1
CMR3-CHANDANA BROTHERS SILKS & JEWELLERS PVT. LTD.,CMR3,NP1484,A+,Sparkles,Less Then 30k,South Zone,5,2022,NOSE PIN,1
CMR3-CHANDANA BROTHERS SILKS & JEWELLERS PVT. LTD.,CMR3,NP1484,A+,Sparkles,Less Then 30k,South Zone,5,2025,NOSE PIN,1
CMR3-CHANDANA BROTHERS SILKS & JEWELLERS PVT. LTD.,CMR3,NP1484,A+,Sparkles,Less Then 30k,South Zone,11,2021,NOSE PIN,1
CMR3-CHANDANA BROTHERS SILKS & JEWELLERS PVT. LTD.,CMR3,NP1487,A+,Sparkles,Less Then 30k,South Zone,1,2022,NOSE PIN,1
CMR3-CHANDANA BROTHERS SILKS & JEWELLERS PVT. LTD.,CMR3,NP1488,A+,Sparkles,Less Then 30k,South Zone,1,2026,NOSE PIN,1
CMR3-CHANDANA BROTHERS SILKS & JEWELLERS PVT. LTD.,CMR3,NP1488,A+,Sparkles,Less Then 30k,South Zone,5,2025,NOSE PIN,1
CMR3-CHANDANA BROTHERS SILKS & JEWELLERS PVT. LTD.,CMR3,NP1488,A+,Sparkles,Less Then 30k,South Zone,5,2026,NOSE PIN,2
CMR3-CHANDANA BROTHERS SILKS & JEWELLERS PVT. LTD.,CMR3,NP1488,A+,Sparkles,Less Then 30k,South Zone,12,2022,NOSE PIN,1
CMR3-CHANDANA BROTHERS SILKS & JEWELLERS PVT. LTD.,CMR3,NP1488,A+,Sparkles,Less Then 30k,South Zone,12,2025,NOSE PIN,2
CMR3-CHANDANA BROTHERS SILKS & JEWELLERS PVT. LTD.,CMR3,NP14905,A+,Sparkles,Less Then 30k,South Zone,9,2024,NOSE PIN,1
CMR3-CHANDANA BROTHERS SILKS & JEWELLERS PVT. LTD.,CMR3,NP1495,A+,Sparkles,Less Then 30k,South Zone,2,2020,NOSE PIN,2
CMR3-CHANDANA BROTHERS SILKS & JEWELLERS PVT. LTD.,CMR3,NP1495,A+,Sparkles,Less Then 30k,South Zone,2,2021,NOSE PIN,1
CMR3-CHANDANA BROTHERS SILKS & JEWELLERS PVT. LTD.,CMR3,NP1495,A+,Sparkles,Less Then 30k,South Zone,3,2021,NOSE PIN,1
CMR3-CHANDANA BROTHERS SILKS & JEWELLERS PVT. LTD.,CMR3,NP1495,A+,Sparkles,Less Then 30k,South Zone,4,2022,NOSE PIN,2
CMR3-CHANDANA BROTHERS SILKS & JEWELLERS PVT. LTD.,CMR3,NP1495,A+,Sparkles,Less Then 30k,South Zone,8,2021,NOSE PIN,1
CMR3-CHANDANA BROTHERS SILKS & JEWELLERS PVT. LTD.,CMR3,NP1537,A+,Sparkles,Less Then 30k,South Zone,9,2021,NOSE PIN,1
CMR3-CHANDANA BROTHERS SILKS & JEWELLERS PVT. LTD.,CMR3,NP1754,A+,Sparkles,Less Then 30k,South Zone,2,2020,NOSE PIN,1
CMR3-CHANDANA BROTHERS SILKS & JEWELLERS PVT. LTD.,CMR3,NP1754,A+,Sparkles,Less Then 30k,South Zone,2,2024,NOSE PIN,1
CMR3-CHANDANA BROTHERS SILKS & JEWELLERS PVT. LTD.,CMR3,NP1754,A+,Sparkles,Less Then 30k,South Zone,3,2026,NOSE PIN,2
CMR3-CHANDANA BROTHERS SILKS & JEWELLERS PVT. LTD.,CMR3,NP1754,A+,Sparkles,Less Then 30k,South Zone,5,2026,NOSE PIN,1
CMR3-CHANDANA BROTHERS SILKS & JEWELLERS PVT. LTD.,CMR3,NP1754,A+,Sparkles,Less Then 30k,South Zone,9,2021,NOSE PIN,1
CMR3-CHANDANA BROTHERS SILKS & JEWELLERS PVT. LTD.,CMR3,NP1754,A+,Sparkles,Less Then 30k,South Zone,10,2021,NOSE PIN,1
CMR3-CHANDANA BROTHERS SILKS & JEWELLERS PVT. LTD.,CMR3,NP1862,A+,Sparkles,Less Then 30k,South Zone,3,2021,NOSE PIN,1
CMR3-CHANDANA BROTHERS SILKS & JEWELLERS PVT. LTD.,CMR3,NP1862,A+,Sparkles,Less Then 30k,South Zone,3,2022,NOSE PIN,1
CMR3-CHANDANA BROTHERS SILKS & JEWELLERS PVT. LTD.,CMR3,NP1862,A+,Sparkles,Less Then 30k,South Zone,8,2021,NOSE PIN,1
CMR3-CHANDANA BROTHERS SILKS & JEWELLERS PVT. LTD.,CMR3,NP1867,A+,Sparkles,Less Then 30k,South Zone,4,2024,NOSE PIN,1
CMR3-CHANDANA BROTHERS SILKS & JEWELLERS PVT. LTD.,CMR3,NP1870,A+,Sparkles,Less Then 30k,South Zone,11,2024,NOSE PIN,1
CMR3-CHANDANA BROTHERS SILKS & JEWELLERS PVT. LTD.,CMR3,NP1871,A+,Sparkles,Less Then 30k,South Zone,1,2025,NOSE PIN,1
CMR3-CHANDANA BROTHERS SILKS & JEWELLERS PVT. LTD.,CMR3,NP1871,A+,Sparkles,Less Then 30k,South Zone,4,2024,NOSE PIN,1
CMR3-CHANDANA BROTHERS SILKS & JEWELLERS PVT. LTD.,CMR3,NP1873,A+,Sparkles,Less Then 30k,South Zone,11,2024,NOSE PIN,1
CMR3-CHANDANA BROTHERS SILKS & JEWELLERS PVT. LTD.,CMR3,NP1876,A+,Sparkles,Less Then 30k,South Zone,1,2024,NOSE PIN,2
CMR3-CHANDANA BROTHERS SILKS & JEWELLERS PVT. LTD.,CMR3,NP1876,A+,Sparkles,Less Then 30k,South Zone,1,2025,NOSE PIN,5
CMR3-CHANDANA BROTHERS SILKS & JEWELLERS PVT. LTD.,CMR3,NP1876,A+,Sparkles,Less Then 30k,South Zone,1,2026,NOSE PIN,1
CMR3-CHANDANA BROTHERS SILKS & JEWELLERS PVT. LTD.,CMR3,NP1876,A+,Sparkles,Less Then 30k,South Zone,2,2024,NOSE PIN,4
CMR3-CHANDANA BROTHERS SILKS & JEWELLERS PVT. LTD.,CMR3,NP1876,A+,Sparkles,Less Then 30k,South Zone,2,2025,NOSE PIN,2
CMR3-CHANDANA BROTHERS SILKS & JEWELLERS PVT. LTD.,CMR3,NP1876,A+,Sparkles,Less Then 30k,South Zone,3,2024,NOSE PIN,1
CMR3-CHANDANA BROTHERS SILKS & JEWELLERS PVT. LTD.,CMR3,NP1876,A+,Sparkles,Less Then 30k,South Zone,4,2024,NOSE PIN,2
CMR3-CHANDANA BROTHERS SILKS & JEWELLERS PVT. LTD.,CMR3,NP1876,A+,Sparkles,Less Then 30k,South Zone,4,2026,NOSE PIN,1
CMR3-CHANDANA BROTHERS SILKS & JEWELLERS PVT. LTD.,CMR3,NP1876,A+,Sparkles,Less Then 30k,South Zone,5,2024,NOSE PIN,3
CMR3-CHANDANA BROTHERS SILKS & JEWELLERS PVT. LTD.,CMR3,NP1876,A+,Sparkles,Less Then 30k,South Zone,5,2026,NOSE PIN,1
CMR3-CHANDANA BROTHERS SILKS & JEWELLERS PVT. LTD.,CMR3,NP1876,A+,Sparkles,Less Then 30k,South Zone,6,2024,NOSE PIN,3
CMR3-CHANDANA BROTHERS SILKS & JEWELLERS PVT. LTD.,CMR3,NP1876,A+,Sparkles,Less Then 30k,South Zone,7,2024,NOSE PIN,3
CMR3-CHANDANA BROTHERS SILKS & JEWELLERS PVT. LTD.,CMR3,NP1876,A+,Sparkles,Less Then 30k,South Zone,8,2024,NOSE PIN,8
CMR3-CHANDANA BROTHERS SILKS & JEWELLERS PVT. LTD.,CMR3,NP1876,A+,Sparkles,Less Then 30k,South Zone,9,2024,NOSE PIN,4
CMR3-CHANDANA BROTHERS SILKS & JEWELLERS PVT. LTD.,CMR3,NP1876,A+,Sparkles,Less Then 30k,South Zone,9,2025,NOSE PIN,1
CMR3-CHANDANA BROTHERS SILKS & JEWELLERS PVT. LTD.,CMR3,NP1876,A+,Sparkles,Less Then 30k,South Zone,10,2024,NOSE PIN,1
CMR3-CHANDANA BROTHERS SILKS & JEWELLERS PVT. LTD.,CMR3,NP1876,A+,Sparkles,Less Then 30k,South Zone,11,2025,NOSE PIN,2
CMR3-CHANDANA BROTHERS SILKS & JEWELLERS PVT. LTD.,CMR3,NP1876,A+,Sparkles,Less Then 30k,South Zone,12,2025,NOSE PIN,1
CMR3-CHANDANA BROTHERS SILKS & JEWELLERS PVT. LTD.,CMR3,NP1877,A+,Sparkles,Less Then 30k,South Zone,1,2026,NOSE PIN,2
CMR3-CHANDANA BROTHERS SILKS & JEWELLERS PVT. LTD.,CMR3,NP1877,A+,Sparkles,Less Then 30k,South Zone,2,2024,NOSE PIN,1
CMR3-CHANDANA BROTHERS SILKS & JEWELLERS PVT. LTD.,CMR3,NP1877,A+,Sparkles,Less Then 30k,South Zone,3,2024,NOSE PIN,3
CMR3-CHANDANA BROTHERS SILKS & JEWELLERS PVT. LTD.,CMR3,NP1877,A+,Sparkles,Less Then 30k,South Zone,4,2024,NOSE PIN,1
CMR3-CHANDANA BROTHERS SILKS & JEWELLERS PVT. LTD.,CMR3,NP1877,A+,Sparkles,Less Then 30k,South Zone,5,2024,NOSE PIN,3
CMR3-CHANDANA BROTHERS SILKS & JEWELLERS PVT. LTD.,CMR3,NP1877,A+,Sparkles,Less Then 30k,South Zone,6,2024,NOSE PIN,1
CMR3-CHANDANA BROTHERS SILKS & JEWELLERS PVT. LTD.,CMR3,NP1877,A+,Sparkles,Less Then 30k,South Zone,8,2024,NOSE PIN,1
CMR3-CHANDANA BROTHERS SILKS & JEWELLERS PVT. LTD.,CMR3,NP1877,A+,Sparkles,Less Then 30k,South Zone,9,2024,NOSE PIN,1
CMR3-CHANDANA BROTHERS SILKS & JEWELLERS PVT. LTD.,CMR3,NP1877,A+,Sparkles,Less Then 30k,South Zone,11,2024,NOSE PIN,2
CMR3-CHANDANA BROTHERS SILKS & JEWELLERS PVT. LTD.,CMR3,NP1877,A+,Sparkles,Less Then 30k,South Zone,12,2024,NOSE PIN,2
CMR3-CHANDANA BROTHERS SILKS & JEWELLERS PVT. LTD.,CMR3,NP1878,A+,Sparkles,Less Then 30k,South Zone,1,2026,NOSE PIN,2
CMR3-CHANDANA BROTHERS SILKS & JEWELLERS PVT. LTD.,CMR3,NP1878,A+,Sparkles,Less Then 30k,South Zone,3,2025,NOSE PIN,1
CMR3-CHANDANA BROTHERS SILKS & JEWELLERS PVT. LTD.,CMR3,NP1878,A+,Sparkles,Less Then 30k,South Zone,3,2026,NOSE PIN,1
CMR3-CHANDANA BROTHERS SILKS & JEWELLERS PVT. LTD.,CMR3,NP1878,A+,Sparkles,Less Then 30k,South Zone,4,2025,NOSE PIN,1
CMR3-CHANDANA BROTHERS SILKS & JEWELLERS PVT. LTD.,CMR3,NP1878,A+,Sparkles,Less Then 30k,South Zone,5,2024,NOSE PIN,1
CMR3-CHANDANA BROTHERS SILKS & JEWELLERS PVT. LTD.,CMR3,NP1878,A+,Sparkles,Less Then 30k,South Zone,5,2025,NOSE PIN,2
CMR3-CHANDANA BROTHERS SILKS & JEWELLERS PVT. LTD.,CMR3,NP1878,A+,Sparkles,Less Then 30k,South Zone,6,2024,NOSE PIN,1
CMR3-CHANDANA BROTHERS SILKS & JEWELLERS PVT. LTD.,CMR3,NP1878,A+,Sparkles,Less Then 30k,South Zone,8,2024,NOSE PIN,1
CMR3-CHANDANA BROTHERS SILKS & JEWELLERS PVT. LTD.,CMR3,NP1878,A+,Sparkles,Less Then 30k,South Zone,11,2024,NOSE PIN,1
CMR3-CHANDANA BROTHERS SILKS & JEWELLERS PVT. LTD.,CMR3,NP1878,A+,Sparkles,Less Then 30k,South Zone,12,2024,NOSE PIN,1
CMR3-CHANDANA BROTHERS SILKS & JEWELLERS PVT. LTD.,CMR3,NP1879,A+,Sparkles,Less Then 30k,South Zone,1,2024,NOSE PIN,3
CMR3-CHANDANA BROTHERS SILKS & JEWELLERS PVT. LTD.,CMR3,NP1879,A+,Sparkles,Less Then 30k,South Zone,1,2025,NOSE PIN,2
CMR3-CHANDANA BROTHERS SILKS & JEWELLERS PVT. LTD.,CMR3,NP1879,A+,Sparkles,Less Then 30k,South Zone,1,2026,NOSE PIN,1
CMR3-CHANDANA BROTHERS SILKS & JEWELLERS PVT. LTD.,CMR3,NP1879,A+,Sparkles,Less Then 30k,South Zone,4,2025,NOSE PIN,3
CMR3-CHANDANA BROTHERS SILKS & JEWELLERS PVT. LTD.,CMR3,NP1879,A+,Sparkles,Less Then 30k,South Zone,4,2026,NOSE PIN,1
CMR3-CHANDANA BROTHERS SILKS & JEWELLERS PVT. LTD.,CMR3,NP1879,A+,Sparkles,Less Then 30k,South Zone,5,2026,NOSE PIN,1
CMR3-CHANDANA BROTHERS SILKS & JEWELLERS PVT. LTD.,CMR3,NP1879,A+,Sparkles,Less Then 30k,South Zone,6,2024,NOSE PIN,1
CMR3-CHANDANA BROTHERS SILKS & JEWELLERS PVT. LTD.,CMR3,NP1879,A+,Sparkles,Less Then 30k,South Zone,8,2024,NOSE PIN,2
CMR3-CHANDANA BROTHERS SILKS & JEWELLERS PVT. LTD.,CMR3,NP1879,A+,Sparkles,Less Then 30k,South Zone,8,2025,NOSE PIN,1
CMR3-CHANDANA BROTHERS SILKS & JEWELLERS PVT. LTD.,CMR3,NP1879,A+,Sparkles,Less Then 30k,South Zone,12,2024,NOSE PIN,1
CMR3-CHANDANA BROTHERS SILKS & JEWELLERS PVT. LTD.,CMR3,NP1879,A+,Sparkles,Less Then 30k,South Zone,12,2025,NOSE PIN,1
CMR3-CHANDANA BROTHERS SILKS & JEWELLERS PVT. LTD.,CMR3,NP1880,A+,Sparkles,Less Then 30k,South Zone,4,2024,NOSE PIN,1
CMR3-CHANDANA BROTHERS SILKS & JEWELLERS PVT. LTD.,CMR3,NP1880,A+,Sparkles,Less Then 30k,South Zone,10,2024,NOSE PIN,1
CMR3-CHANDANA BROTHERS SILKS & JEWELLERS PVT. LTD.,CMR3,NP1881,A+,Sparkles,Less Then 30k,South Zone,1,2024,NOSE PIN,2
CMR3-CHANDANA BROTHERS SILKS & JEWELLERS PVT. LTD.,CMR3,NP1881,A+,Sparkles,Less Then 30k,South Zone,2,2025,NOSE PIN,3
CMR3-CHANDANA BROTHERS SILKS & JEWELLERS PVT. LTD.,CMR3,NP1881,A+,Sparkles,Less Then 30k,South Zone,2,2026,NOSE PIN,1
CMR3-CHANDANA BROTHERS SILKS & JEWELLERS PVT. LTD.,CMR3,NP1881,A+,Sparkles,Less Then 30k,South Zone,3,2024,NOSE PIN,1
CMR3-CHANDANA BROTHERS SILKS & JEWELLERS PVT. LTD.,CMR3,NP1881,A+,Sparkles,Less Then 30k,South Zone,5,2024,NOSE PIN,1
CMR3-CHANDANA BROTHERS SILKS & JEWELLERS PVT. LTD.,CMR3,NP1881,A+,Sparkles,Less Then 30k,South Zone,6,2024,NOSE PIN,1
CMR3-CHANDANA BROTHERS SILKS & JEWELLERS PVT. LTD.,CMR3,NP1881,A+,Sparkles,Less Then 30k,South Zone,11,2024,NOSE PIN,1
CMR3-CHANDANA BROTHERS SILKS & JEWELLERS PVT. LTD.,CMR3,NP1881,A+,Sparkles,Less Then 30k,South Zone,12,2025,NOSE PIN,1
CMR3-CHANDANA BROTHERS SILKS & JEWELLERS PVT. LTD.,CMR3,NP1882,A+,Sparkles,Less Then 30k,South Zone,1,2024,NOSE PIN,3
CMR3-CHANDANA BROTHERS SILKS & JEWELLERS PVT. LTD.,CMR3,NP1882,A+,Sparkles,Less Then 30k,South Zone,2,2024,NOSE PIN,3
CMR3-CHANDANA BROTHERS SILKS & JEWELLERS PVT. LTD.,CMR3,NP1882,A+,Sparkles,Less Then 30k,South Zone,3,2024,NOSE PIN,1
CMR3-CHANDANA BROTHERS SILKS & JEWELLERS PVT. LTD.,CMR3,NP1882,A+,Sparkles,Less Then 30k,South Zone,4,2024,NOSE PIN,2
CMR3-CHANDANA BROTHERS SILKS & JEWELLERS PVT. LTD.,CMR3,NP1882,A+,Sparkles,Less Then 30k,South Zone,5,2024,NOSE PIN,3
CMR3-CHANDANA BROTHERS SILKS & JEWELLERS PVT. LTD.,CMR3,NP1882,A+,Sparkles,Less Then 30k,South Zone,5,2026,NOSE PIN,1
CMR3-CHANDANA BROTHERS SILKS & JEWELLERS PVT. LTD.,CMR3,NP1882,A+,Sparkles,Less Then 30k,South Zone,6,2024,NOSE PIN,2
CMR3-CHANDANA BROTHERS SILKS & JEWELLERS PVT. LTD.,CMR3,NP1882,A+,Sparkles,Less Then 30k,South Zone,7,2024,NOSE PIN,3
CMR3-CHANDANA BROTHERS SILKS & JEWELLERS PVT. LTD.,CMR3,NP1882,A+,Sparkles,Less Then 30k,South Zone,10,2024,NOSE PIN,1
CMR3-CHANDANA BROTHERS SILKS & JEWELLERS PVT. LTD.,CMR3,NP1882,A+,Sparkles,Less Then 30k,South Zone,11,2024,NOSE PIN,1
CMR3-CHANDANA BROTHERS SILKS & JEWELLERS PVT. LTD.,CMR3,NP1882,A+,Sparkles,Less Then 30k,South Zone,11,2025,NOSE PIN,2
CMR3-CHANDANA BROTHERS SILKS & JEWELLERS PVT. LTD.,CMR3,NP1883,A+,Sparkles,Less Then 30k,South Zone,1,2025,NOSE PIN,2
CMR3-CHANDANA BROTHERS SILKS & JEWELLERS PVT. LTD.,CMR3,NP1883,A+,Sparkles,Less Then 30k,South Zone,2,2025,NOSE PIN,3
CMR3-CHANDANA BROTHERS SILKS & JEWELLERS PVT. LTD.,CMR3,NP1883,A+,Sparkles,Less Then 30k,South Zone,3,2024,NOSE PIN,1
CMR3-CHANDANA BROTHERS SILKS & JEWELLERS PVT. LTD.,CMR3,NP1883,A+,Sparkles,Less Then 30k,South Zone,3,2025,NOSE PIN,1
CMR3-CHANDANA BROTHERS SILKS & JEWELLERS PVT. LTD.,CMR3,NP1883,A+,Sparkles,Less Then 30k,South Zone,4,2024,NOSE PIN,2
CMR3-CHANDANA BROTHERS SILKS & JEWELLERS PVT. LTD.,CMR3,NP1883,A+,Sparkles,Less Then 30k,South Zone,4,2025,NOSE PIN,2
CMR3-CHANDANA BROTHERS SILKS & JEWELLERS PVT. LTD.,CMR3,NP1883,A+,Sparkles,Less Then 30k,South Zone,5,2024,NOSE PIN,4
CMR3-CHANDANA BROTHERS SILKS & JEWELLERS PVT. LTD.,CMR3,NP1883,A+,Sparkles,Less Then 30k,South Zone,6,2024,NOSE PIN,2
CMR3-CHANDANA BROTHERS SILKS & JEWELLERS PVT. LTD.,CMR3,NP1883,A+,Sparkles,Less Then 30k,South Zone,6,2025,NOSE PIN,1
CMR3-CHANDANA BROTHERS SILKS & JEWELLERS PVT. LTD.,CMR3,NP1883,A+,Sparkles,Less Then 30k,South Zone,11,2024,NOSE PIN,1
CMR3-CHANDANA BROTHERS SILKS & JEWELLERS PVT. LTD.,CMR3,NP1883,A+,Sparkles,Less Then 30k,South Zone,11,2025,NOSE PIN,5
CMR3-CHANDANA BROTHERS SILKS & JEWELLERS PVT. LTD.,CMR3,NP1884,A+,Sparkles,Less Then 30k,South Zone,3,2024,NOSE PIN,1
CMR3-CHANDANA BROTHERS SILKS & JEWELLERS PVT. LTD.,CMR3,NP1884,A+,Sparkles,Less Then 30k,South Zone,3,2025,NOSE PIN,1
CMR3-CHANDANA BROTHERS SILKS & JEWELLERS PVT. LTD.,CMR3,NP1884,A+,Sparkles,Less Then 30k,South Zone,4,2024,NOSE PIN,3
CMR3-CHANDANA BROTHERS SILKS & JEWELLERS PVT. LTD.,CMR3,NP1884,A+,Sparkles,Less Then 30k,South Zone,4,2025,NOSE PIN,1
CMR3-CHANDANA BROTHERS SILKS & JEWELLERS PVT. LTD.,CMR3,NP1884,A+,Sparkles,Less Then 30k,South Zone,5,2024,NOSE PIN,2
CMR3-CHANDANA BROTHERS SILKS & JEWELLERS PVT. LTD.,CMR3,NP1884,A+,Sparkles,Less Then 30k,South Zone,6,2024,NOSE PIN,1
CMR3-CHANDANA BROTHERS SILKS & JEWELLERS PVT. LTD.,CMR3,NP1884,A+,Sparkles,Less Then 30k,South Zone,8,2024,NOSE PIN,1
CMR3-CHANDANA BROTHERS SILKS & JEWELLERS PVT. LTD.,CMR3,NP20502,A+,Sparkles,Less Then 30k,South Zone,1,2026,NOSE PIN,2
CMR3-CHANDANA BROTHERS SILKS & JEWELLERS PVT. LTD.,CMR3,NP20502,A+,Sparkles,Less Then 30k,South Zone,3,2026,NOSE PIN,4
CMR3-CHANDANA BROTHERS SILKS & JEWELLERS PVT. LTD.,CMR3,NP20502,A+,Sparkles,Less Then 30k,South Zone,4,2026,NOSE PIN,2
CMR3-CHANDANA BROTHERS SILKS & JEWELLERS PVT. LTD.,CMR3,NP20503,A+,Sparkles,Less Then 30k,South Zone,1,2025,NOSE PIN,1
CMR3-CHANDANA BROTHERS SILKS & JEWELLERS PVT. LTD.,CMR3,NP20503,A+,Sparkles,Less Then 30k,South Zone,3,2026,NOSE PIN,1
CMR3-CHANDANA BROTHERS SILKS & JEWELLERS PVT. LTD.,CMR3,NP20504,A+,Sparkles,Less Then 30k,South Zone,3,2025,NOSE PIN,1
CMR3-CHANDANA BROTHERS SILKS & JEWELLERS PVT. LTD.,CMR3,NP20504,A+,Sparkles,Less Then 30k,South Zone,5,2026,NOSE PIN,2
CMR3-CHANDANA BROTHERS SILKS & JEWELLERS PVT. LTD.,CMR3,NP20505,A+,Sparkles,Less Then 30k,South Zone,1,2026,NOSE PIN,2
CMR3-CHANDANA BROTHERS SILKS & JEWELLERS PVT. LTD.,CMR3,NP20505,A+,Sparkles,Less Then 30k,South Zone,4,2025,NOSE PIN,5
CMR3-CHANDANA BROTHERS SILKS & JEWELLERS PVT. LTD.,CMR3,NP20505,A+,Sparkles,Less Then 30k,South Zone,4,2026,NOSE PIN,1
CMR3-CHANDANA BROTHERS SILKS & JEWELLERS PVT. LTD.,CMR3,NP20505,A+,Sparkles,Less Then 30k,South Zone,5,2026,NOSE PIN,3
CMR3-CHANDANA BROTHERS SILKS & JEWELLERS PVT. LTD.,CMR3,NP20505,A+,Sparkles,Less Then 30k,South Zone,9,2024,NOSE PIN,2
CMR3-CHANDANA BROTHERS SILKS & JEWELLERS PVT. LTD.,CMR3,NP20505,A+,Sparkles,Less Then 30k,South Zone,11,2025,NOSE PIN,1
CMR3-CHANDANA BROTHERS SILKS & JEWELLERS PVT. LTD.,CMR3,NP20505,A+,Sparkles,Less Then 30k,South Zone,12,2025,NOSE PIN,4
CMR3-CHANDANA BROTHERS SILKS & JEWELLERS PVT. LTD.,CMR3,NP20507,A+,Sparkles,Less Then 30k,South Zone,1,2025,NOSE PIN,2
CMR3-CHANDANA BROTHERS SILKS & JEWELLERS PVT. LTD.,CMR3,NP20507,A+,Sparkles,Less Then 30k,South Zone,3,2026,NOSE PIN,2
CMR3-CHANDANA BROTHERS SILKS & JEWELLERS PVT. LTD.,CMR3,NP20507,A+,Sparkles,Less Then 30k,South Zone,5,2025,NOSE PIN,2
CMR3-CHANDANA BROTHERS SILKS & JEWELLERS PVT. LTD.,CMR3,NP20507,A+,Sparkles,Less Then 30k,South Zone,7,2025,NOSE PIN,2
CMR3-CHANDANA BROTHERS SILKS & JEWELLERS PVT. LTD.,CMR3,NP20507,A+,Sparkles,Less Then 30k,South Zone,8,2025,NOSE PIN,4
CMR3-CHANDANA BROTHERS SILKS & JEWELLERS PVT. LTD.,CMR3,NP20507,A+,Sparkles,Less Then 30k,South Zone,10,2024,NOSE PIN,1
CMR3-CHANDANA BROTHERS SILKS & JEWELLERS PVT. LTD.,CMR3,NP20507,A+,Sparkles,Less Then 30k,South Zone,11,2025,NOSE PIN,6
CMR3-CHANDANA BROTHERS SILKS & JEWELLERS PVT. LTD.,CMR3,NP20507,A+,Sparkles,Less Then 30k,South Zone,12,2024,NOSE PIN,3
CMR3-CHANDANA BROTHERS SILKS & JEWELLERS PVT. LTD.,CMR3,NP20507,A+,Sparkles,Less Then 30k,South Zone,12,2025,NOSE PIN,2
CMR3-CHANDANA BROTHERS SILKS & JEWELLERS PVT. LTD.,CMR3,NP20508,A+,Sparkles,Less Then 30k,South Zone,9,2024,NOSE PIN,4
CMR3-CHANDANA BROTHERS SILKS & JEWELLERS PVT. LTD.,CMR3,NP20509,A+,Sparkles,Less Then 30k,South Zone,5,2025,NOSE PIN,1
CMR3-CHANDANA BROTHERS SILKS & JEWELLERS PVT. LTD.,CMR3,NP20510,A+,Sparkles,Less Then 30k,South Zone,6,2025,NOSE PIN,2
CMR3-CHANDANA BROTHERS SILKS & JEWELLERS PVT. LTD.,CMR3,NP20510,A+,Sparkles,Less Then 30k,South Zone,10,2024,NOSE PIN,2
CMR3-CHANDANA BROTHERS SILKS & JEWELLERS PVT. LTD.,CMR3,NP20511,A+,Sparkles,Less Then 30k,South Zone,2,2026,NOSE PIN,1
CMR3-CHANDANA BROTHERS SILKS & JEWELLERS PVT. LTD.,CMR3,NP20516,A+,Sparkles,Less Then 30k,South Zone,3,2026,NOSE PIN,2
CMR3-CHANDANA BROTHERS SILKS & JEWELLERS PVT. LTD.,CMR3,NP20518,A+,Sparkles,Less Then 30k,South Zone,8,2025,NOSE PIN,1
CMR3-CHANDANA BROTHERS SILKS & JEWELLERS PVT. LTD.,CMR3,NP20524,A+,Sparkles,Less Then 30k,South Zone,5,2026,NOSE PIN,1
CMR3-CHANDANA BROTHERS SILKS & JEWELLERS PVT. LTD.,CMR3,NP21754,A+,Sparkles,Less Then 30k,South Zone,1,2025,NOSE PIN,1
CMR3-CHANDANA BROTHERS SILKS & JEWELLERS PVT. LTD.,CMR3,NP21754,A+,Sparkles,Less Then 30k,South Zone,3,2026,NOSE PIN,1
CMR3-CHANDANA BROTHERS SILKS & JEWELLERS PVT. LTD.,CMR3,NP21754,A+,Sparkles,Less Then 30k,South Zone,4,2025,NOSE PIN,1
CMR3-CHANDANA BROTHERS SILKS & JEWELLERS PVT. LTD.,CMR3,NP21754,A+,Sparkles,Less Then 30k,South Zone,4,2026,NOSE PIN,1
CMR3-CHANDANA BROTHERS SILKS & JEWELLERS PVT. LTD.,CMR3,NP21754,A+,Sparkles,Less Then 30k,South Zone,5,2025,NOSE PIN,1
CMR3-CHANDANA BROTHERS SILKS & JEWELLERS PVT. LTD.,CMR3,NP21754,A+,Sparkles,Less Then 30k,South Zone,7,2025,NOSE PIN,1
CMR3-CHANDANA BROTHERS SILKS & JEWELLERS PVT. LTD.,CMR3,NP21754,A+,Sparkles,Less Then 30k,South Zone,8,2023,NOSE PIN,1
CMR3-CHANDANA BROTHERS SILKS & JEWELLERS PVT. LTD.,CMR3,NP21754,A+,Sparkles,Less Then 30k,South Zone,8,2024,NOSE PIN,2
CMR3-CHANDANA BROTHERS SILKS & JEWELLERS PVT. LTD.,CMR3,NP21754,A+,Sparkles,Less Then 30k,South Zone,8,2025,NOSE PIN,1
CMR3-CHANDANA BROTHERS SILKS & JEWELLERS PVT. LTD.,CMR3,NP21754,A+,Sparkles,Less Then 30k,South Zone,9,2024,NOSE PIN,1
CMR3-CHANDANA BROTHERS SILKS & JEWELLERS PVT. LTD.,CMR3,NP21754,A+,Sparkles,Less Then 30k,South Zone,10,2024,NOSE PIN,1
CMR3-CHANDANA BROTHERS SILKS & JEWELLERS PVT. LTD.,CMR3,NP21754,A+,Sparkles,Less Then 30k,South Zone,11,2024,NOSE PIN,5
CMR3-CHANDANA BROTHERS SILKS & JEWELLERS PVT. LTD.,CMR3,NP21754,A+,Sparkles,Less Then 30k,South Zone,11,2025,NOSE PIN,1
CMR3-CHANDANA BROTHERS SILKS & JEWELLERS PVT. LTD.,CMR3,NP21754,A+,Sparkles,Less Then 30k,South Zone,12,2024,NOSE PIN,2
CMR3-CHANDANA BROTHERS SILKS & JEWELLERS PVT. LTD.,CMR3,NP2231,A+,Sparkles,Less Then 30k,South Zone,1,2022,NOSE PIN,1
CMR3-CHANDANA BROTHERS SILKS & JEWELLERS PVT. LTD.,CMR3,NP2231,A+,Sparkles,Less Then 30k,South Zone,1,2025,NOSE PIN,1
CMR3-CHANDANA BROTHERS SILKS & JEWELLERS PVT. LTD.,CMR3,NP2231,A+,Sparkles,Less Then 30k,South Zone,1,2026,NOSE PIN,1
CMR3-CHANDANA BROTHERS SILKS & JEWELLERS PVT. LTD.,CMR3,NP2231,A+,Sparkles,Less Then 30k,South Zone,9,2024,NOSE PIN,1
CMR3-CHANDANA BROTHERS SILKS & JEWELLERS PVT. LTD.,CMR3,NP2231,A+,Sparkles,Less Then 30k,South Zone,10,2024,NOSE PIN,1
CMR3-CHANDANA BROTHERS SILKS & JEWELLERS PVT. LTD.,CMR3,NP2231,A+,Sparkles,Less Then 30k,South Zone,11,2025,NOSE PIN,1
CMR3-CHANDANA BROTHERS SILKS & JEWELLERS PVT. LTD.,CMR3,NP22432,A+,Sparkles,Less Then 30k,South Zone,3,2025,NOSE PIN,1
CMR3-CHANDANA BROTHERS SILKS & JEWELLERS PVT. LTD.,CMR3,NP22432,A+,Sparkles,Less Then 30k,South Zone,6,2024,NOSE PIN,1
CMR3-CHANDANA BROTHERS SILKS & JEWELLERS PVT. LTD.,CMR3,NP22432,A+,Sparkles,Less Then 30k,South Zone,6,2025,NOSE PIN,1
CMR3-CHANDANA BROTHERS SILKS & JEWELLERS PVT. LTD.,CMR3,NP22432,A+,Sparkles,Less Then 30k,South Zone,7,2023,NOSE PIN,1
CMR3-CHANDANA BROTHERS SILKS & JEWELLERS PVT. LTD.,CMR3,NP22432,A+,Sparkles,Less Then 30k,South Zone,11,2025,NOSE PIN,1
CMR3-CHANDANA BROTHERS SILKS & JEWELLERS PVT. LTD.,CMR3,NP2273,A+,Sparkles,Less Then 30k,South Zone,1,2026,NOSE PIN,1
CMR3-CHANDANA BROTHERS SILKS & JEWELLERS PVT. LTD.,CMR3,NP2273,A+,Sparkles,Less Then 30k,South Zone,4,2026,NOSE PIN,2
CMR3-CHANDANA BROTHERS SILKS & JEWELLERS PVT. LTD.,CMR3,NP2273,A+,Sparkles,Less Then 30k,South Zone,5,2026,NOSE PIN,1
CMR3-CHANDANA BROTHERS SILKS & JEWELLERS PVT. LTD.,CMR3,NP2273,A+,Sparkles,Less Then 30k,South Zone,7,2025,NOSE PIN,1
CMR3-CHANDANA BROTHERS SILKS & JEWELLERS PVT. LTD.,CMR3,NP231,A+,Sparkles,Less Then 30k,South Zone,1,2023,NOSE PIN,1
CMR3-CHANDANA BROTHERS SILKS & JEWELLERS PVT. LTD.,CMR3,NP231,A+,Sparkles,Less Then 30k,South Zone,8,2021,NOSE PIN,1
CMR3-CHANDANA BROTHERS SILKS & JEWELLERS PVT. LTD.,CMR3,NP239,A+,Sparkles,Less Then 30k,South Zone,2,2023,NOSE PIN,2
CMR3-CHANDANA BROTHERS SILKS & JEWELLERS PVT. LTD.,CMR3,NP239,A+,Sparkles,Less Then 30k,South Zone,3,2026,NOSE PIN,2
CMR3-CHANDANA BROTHERS SILKS & JEWELLERS PVT. LTD.,CMR3,NP239,A+,Sparkles,Less Then 30k,South Zone,4,2025,NOSE PIN,1
CMR3-CHANDANA BROTHERS SILKS & JEWELLERS PVT. LTD.,CMR3,NP239,A+,Sparkles,Less Then 30k,South Zone,6,2023,NOSE PIN,1
CMR3-CHANDANA BROTHERS SILKS & JEWELLERS PVT. LTD.,CMR3,NP239,A+,Sparkles,Less Then 30k,South Zone,9,2022,NOSE PIN,1
CMR3-CHANDANA BROTHERS SILKS & JEWELLERS PVT. LTD.,CMR3,NP2432,A+,Sparkles,Less Then 30k,South Zone,8,2022,NOSE PIN,1
CMR3-CHANDANA BROTHERS SILKS & JEWELLERS PVT. LTD.,CMR3,NP2432,A+,Sparkles,Less Then 30k,South Zone,8,2025,NOSE PIN,1
CMR3-CHANDANA BROTHERS SILKS & JEWELLERS PVT. LTD.,CMR3,NP2432,A+,Sparkles,Less Then 30k,South Zone,9,2022,NOSE PIN,1
CMR3-CHANDANA BROTHERS SILKS & JEWELLERS PVT. LTD.,CMR3,NP273,A+,Sparkles,Less Then 30k,South Zone,1,2026,NOSE PIN,2
CMR3-CHANDANA BROTHERS SILKS & JEWELLERS PVT. LTD.,CMR3,NP273,A+,Sparkles,Less Then 30k,South Zone,3,2026,NOSE PIN,1
CMR3-CHANDANA BROTHERS SILKS & JEWELLERS PVT. LTD.,CMR3,NP273,A+,Sparkles,Less Then 30k,South Zone,4,2026,NOSE PIN,2
CMR3-CHANDANA BROTHERS SILKS & JEWELLERS PVT. LTD.,CMR3,NP273,A+,Sparkles,Less Then 30k,South Zone,7,2025,NOSE PIN,2
CMR3-CHANDANA BROTHERS SILKS & JEWELLERS PVT. LTD.,CMR3,NP273,A+,Sparkles,Less Then 30k,South Zone,8,2025,NOSE PIN,1
CMR3-CHANDANA BROTHERS SILKS & JEWELLERS PVT. LTD.,CMR3,NP273,A+,Sparkles,Less Then 30k,South Zone,12,2025,NOSE PIN,1
CMR3-CHANDANA BROTHERS SILKS & JEWELLERS PVT. LTD.,CMR3,NP3261,A+,Sparkles,Less Then 30k,South Zone,1,2022,NOSE PIN,1
CMR3-CHANDANA BROTHERS SILKS & JEWELLERS PVT. LTD.,CMR3,NP3261,A+,Sparkles,Less Then 30k,South Zone,3,2026,NOSE PIN,1
CMR3-CHANDANA BROTHERS SILKS & JEWELLERS PVT. LTD.,CMR3,NP3261,A+,Sparkles,Less Then 30k,South Zone,4,2026,NOSE PIN,4
CMR3-CHANDANA BROTHERS SILKS & JEWELLERS PVT. LTD.,CMR3,NP3261,A+,Sparkles,Less Then 30k,South Zone,5,2026,NOSE PIN,3
CMR3-CHANDANA BROTHERS SILKS & JEWELLERS PVT. LTD.,CMR3,NP3283,A+,Sparkles,Less Then 30k,South Zone,4,2026,NOSE PIN,1
CMR3-CHANDANA BROTHERS SILKS & JEWELLERS PVT. LTD.,CMR3,NP3283,A+,Sparkles,Less Then 30k,South Zone,12,2025,NOSE PIN,1
CMR3-CHANDANA BROTHERS SILKS & JEWELLERS PVT. LTD.,CMR3,NP3290,A+,Sparkles,Less Then 30k,South Zone,2,2022,NOSE PIN,1
CMR3-CHANDANA BROTHERS SILKS & JEWELLERS PVT. LTD.,CMR3,NP3290,A+,Sparkles,Less Then 30k,South Zone,3,2026,NOSE PIN,1
CMR3-CHANDANA BROTHERS SILKS & JEWELLERS PVT. LTD.,CMR3,NP3290,A+,Sparkles,Less Then 30k,South Zone,7,2022,NOSE PIN,2
CMR3-CHANDANA BROTHERS SILKS & JEWELLERS PVT. LTD.,CMR3,NP3290,A+,Sparkles,Less Then 30k,South Zone,8,2022,NOSE PIN,2
CMR3-CHANDANA BROTHERS SILKS & JEWELLERS PVT. LTD.,CMR3,NP3290,A+,Sparkles,Less Then 30k,South Zone,10,2022,NOSE PIN,1
CMR3-CHANDANA BROTHERS SILKS & JEWELLERS PVT. LTD.,CMR3,NP3596,A+,Sparkles,Less Then 30k,South Zone,7,2025,NOSE PIN,1
CMR3-CHANDANA BROTHERS SILKS & JEWELLERS PVT. LTD.,CMR3,NP3596,A+,Sparkles,Less Then 30k,South Zone,8,2025,NOSE PIN,1
CMR3-CHANDANA BROTHERS SILKS & JEWELLERS PVT. LTD.,CMR3,NP3596,A+,Sparkles,Less Then 30k,South Zone,9,2021,NOSE PIN,1
CMR3-CHANDANA BROTHERS SILKS & JEWELLERS PVT. LTD.,CMR3,NP4706,A+,Sparkles,Less Then 30k,South Zone,5,2023,NOSE PIN,1
CMR3-CHANDANA BROTHERS SILKS & JEWELLERS PVT. LTD.,CMR3,NP4706,A+,Sparkles,Less Then 30k,South Zone,6,2023,NOSE PIN,1
CMR3-CHANDANA BROTHERS SILKS & JEWELLERS PVT. LTD.,CMR3,NP4706,A+,Sparkles,Less Then 30k,South Zone,6,2025,NOSE PIN,1
CMR3-CHANDANA BROTHERS SILKS & JEWELLERS PVT. LTD.,CMR3,NP4706,A+,Sparkles,Less Then 30k,South Zone,7,2022,NOSE PIN,1
CMR3-CHANDANA BROTHERS SILKS & JEWELLERS PVT. LTD.,CMR3,NP4706,A+,Sparkles,Less Then 30k,South Zone,8,2022,NOSE PIN,1
CMR3-CHANDANA BROTHERS SILKS & JEWELLERS PVT. LTD.,CMR3,NP4706,A+,Sparkles,Less Then 30k,South Zone,8,2023,NOSE PIN,1
CMR3-CHANDANA BROTHERS SILKS & JEWELLERS PVT. LTD.,CMR3,NP4706,A+,Sparkles,Less Then 30k,South Zone,10,2022,NOSE PIN,1
CMR3-CHANDANA BROTHERS SILKS & JEWELLERS PVT. LTD.,CMR3,NP4706,A+,Sparkles,Less Then 30k,South Zone,11,2022,NOSE PIN,1
CMR3-CHANDANA BROTHERS SILKS & JEWELLERS PVT. LTD.,CMR3,NP514,A+,Sparkles,Less Then 30k,South Zone,4,2022,NOSE PIN,2
CMR3-CHANDANA BROTHERS SILKS & JEWELLERS PVT. LTD.,CMR3,NP514,A+,Sparkles,Less Then 30k,South Zone,7,2021,NOSE PIN,1
CMR3-CHANDANA BROTHERS SILKS & JEWELLERS PVT. LTD.,CMR3,NP515,A+,Sparkles,Less Then 30k,South Zone,1,2022,NOSE PIN,1
CMR3-CHANDANA BROTHERS SILKS & JEWELLERS PVT. LTD.,CMR3,NP515,A+,Sparkles,Less Then 30k,South Zone,2,2023,NOSE PIN,2
CMR3-CHANDANA BROTHERS SILKS & JEWELLERS PVT. LTD.,CMR3,NP515,A+,Sparkles,Less Then 30k,South Zone,3,2022,NOSE PIN,1
CMR3-CHANDANA BROTHERS SILKS & JEWELLERS PVT. LTD.,CMR3,NP515,A+,Sparkles,Less Then 30k,South Zone,5,2026,NOSE PIN,1
CMR3-CHANDANA BROTHERS SILKS & JEWELLERS PVT. LTD.,CMR3,NP516,A+,Sparkles,Less Then 30k,South Zone,4,2025,NOSE PIN,1
CMR3-CHANDANA BROTHERS SILKS & JEWELLERS PVT. LTD.,CMR3,NP5231,A+,Sparkles,Less Then 30k,South Zone,6,2025,NOSE PIN,2
CMR3-CHANDANA BROTHERS SILKS & JEWELLERS PVT. LTD.,CMR3,NP544,A+,Sparkles,Less Then 30k,South Zone,5,2026,NOSE PIN,1
CMR3-CHANDANA BROTHERS SILKS & JEWELLERS PVT. LTD.,CMR3,NP548,A+,Sparkles,Less Then 30k,South Zone,11,2024,NOSE PIN,1
CMR3-CHANDANA BROTHERS SILKS & JEWELLERS PVT. LTD.,CMR3,NP550,A+,Sparkles,Less Then 30k,South Zone,1,2025,NOSE PIN,1
CMR3-CHANDANA BROTHERS SILKS & JEWELLERS PVT. LTD.,CMR3,NP550,A+,Sparkles,Less Then 30k,South Zone,2,2024,NOSE PIN,1
CMR3-CHANDANA BROTHERS SILKS & JEWELLERS PVT. LTD.,CMR3,NP550,A+,Sparkles,Less Then 30k,South Zone,10,2024,NOSE PIN,1
CMR3-CHANDANA BROTHERS SILKS & JEWELLERS PVT. LTD.,CMR3,NP551,A+,Sparkles,Less Then 30k,South Zone,12,2023,NOSE PIN,1
CMR3-CHANDANA BROTHERS SILKS & JEWELLERS PVT. LTD.,CMR3,NP6378,A+,Sparkles,Less Then 30k,South Zone,11,2024,NOSE PIN,1
CMR3-CHANDANA BROTHERS SILKS & JEWELLERS PVT. LTD.,CMR3,NP7134,A+,Sparkles,Less Then 30k,South Zone,1,2025,NOSE PIN,1
CMR3-CHANDANA BROTHERS SILKS & JEWELLERS PVT. LTD.,CMR3,NP7134,A+,Sparkles,Less Then 30k,South Zone,5,2026,NOSE PIN,1
CMR3-CHANDANA BROTHERS SILKS & JEWELLERS PVT. LTD.,CMR3,NP7134,A+,Sparkles,Less Then 30k,South Zone,7,2024,NOSE PIN,1
CMR3-CHANDANA BROTHERS SILKS & JEWELLERS PVT. LTD.,CMR3,NP7134,A+,Sparkles,Less Then 30k,South Zone,11,2025,NOSE PIN,1
CMR3-CHANDANA BROTHERS SILKS & JEWELLERS PVT. LTD.,CMR3,NP7231,A+,Sparkles,Less Then 30k,South Zone,2,2021,NOSE PIN,1
CMR3-CHANDANA BROTHERS SILKS & JEWELLERS PVT. LTD.,CMR3,NP7231,A+,Sparkles,Less Then 30k,South Zone,3,2026,NOSE PIN,1
CMR3-CHANDANA BROTHERS SILKS & JEWELLERS PVT. LTD.,CMR3,NP7231,A+,Sparkles,Less Then 30k,South Zone,5,2026,NOSE PIN,1
CMR3-CHANDANA BROTHERS SILKS & JEWELLERS PVT. LTD.,CMR3,NP7231,A+,Sparkles,Less Then 30k,South Zone,8,2025,NOSE PIN,1
CMR3-CHANDANA BROTHERS SILKS & JEWELLERS PVT. LTD.,CMR3,NP7924,A+,Sparkles,Less Then 30k,South Zone,1,2022,NOSE PIN,1
CMR3-CHANDANA BROTHERS SILKS & JEWELLERS PVT. LTD.,CMR3,NP7950,A+,Sparkles,Less Then 30k,South Zone,1,2022,NOSE PIN,2
CMR3-CHANDANA BROTHERS SILKS & JEWELLERS PVT. LTD.,CMR3,NP7950,A+,Sparkles,Less Then 30k,South Zone,1,2026,NOSE PIN,1
CMR3-CHANDANA BROTHERS SILKS & JEWELLERS PVT. LTD.,CMR3,NP7950,A+,Sparkles,Less Then 30k,South Zone,2,2025,NOSE PIN,1
CMR3-CHANDANA BROTHERS SILKS & JEWELLERS PVT. LTD.,CMR3,NP7950,A+,Sparkles,Less Then 30k,South Zone,3,2025,NOSE PIN,2
CMR3-CHANDANA BROTHERS SILKS & JEWELLERS PVT. LTD.,CMR3,NP7950,A+,Sparkles,Less Then 30k,South Zone,3,2026,NOSE PIN,1
CMR3-CHANDANA BROTHERS SILKS & JEWELLERS PVT. LTD.,CMR3,NP7950,A+,Sparkles,Less Then 30k,South Zone,4,2025,NOSE PIN,2
CMR3-CHANDANA BROTHERS SILKS & JEWELLERS PVT. LTD.,CMR3,NP7950,A+,Sparkles,Less Then 30k,South Zone,5,2026,NOSE PIN,1
CMR3-CHANDANA BROTHERS SILKS & JEWELLERS PVT. LTD.,CMR3,NP7950,A+,Sparkles,Less Then 30k,South Zone,7,2024,NOSE PIN,2
CMR3-CHANDANA BROTHERS SILKS & JEWELLERS PVT. LTD.,CMR3,NP7950,A+,Sparkles,Less Then 30k,South Zone,8,2024,NOSE PIN,6
CMR3-CHANDANA BROTHERS SILKS & JEWELLERS PVT. LTD.,CMR3,NP7950,A+,Sparkles,Less Then 30k,South Zone,8,2025,NOSE PIN,1
CMR3-CHANDANA BROTHERS SILKS & JEWELLERS PVT. LTD.,CMR3,NP7950,A+,Sparkles,Less Then 30k,South Zone,9,2024,NOSE PIN,1
CMR3-CHANDANA BROTHERS SILKS & JEWELLERS PVT. LTD.,CMR3,NP7950,A+,Sparkles,Less Then 30k,South Zone,9,2025,NOSE PIN,1
CMR3-CHANDANA BROTHERS SILKS & JEWELLERS PVT. LTD.,CMR3,NP7950,A+,Sparkles,Less Then 30k,South Zone,10,2023,NOSE PIN,1
CMR3-CHANDANA BROTHERS SILKS & JEWELLERS PVT. LTD.,CMR3,NP7950,A+,Sparkles,Less Then 30k,South Zone,10,2024,NOSE PIN,1
CMR3-CHANDANA BROTHERS SILKS & JEWELLERS PVT. LTD.,CMR3,NP7950,A+,Sparkles,Less Then 30k,South Zone,11,2025,NOSE PIN,1
CMR3-CHANDANA BROTHERS SILKS & JEWELLERS PVT. LTD.,CMR3,NP7950,A+,Sparkles,Less Then 30k,South Zone,12,2024,NOSE PIN,1
CMR3-CHANDANA BROTHERS SILKS & JEWELLERS PVT. LTD.,CMR3,NP7951,A+,Sparkles,Less Then 30k,South Zone,1,2022,NOSE PIN,2
CMR3-CHANDANA BROTHERS SILKS & JEWELLERS PVT. LTD.,CMR3,NP7951,A+,Sparkles,Less Then 30k,South Zone,2,2026,NOSE PIN,1
CMR3-CHANDANA BROTHERS SILKS & JEWELLERS PVT. LTD.,CMR3,NP7951,A+,Sparkles,Less Then 30k,South Zone,4,2022,NOSE PIN,1
CMR3-CHANDANA BROTHERS SILKS & JEWELLERS PVT. LTD.,CMR3,NP7951,A+,Sparkles,Less Then 30k,South Zone,4,2025,NOSE PIN,1
CMR3-CHANDANA BROTHERS SILKS & JEWELLERS PVT. LTD.,CMR3,NP7951,A+,Sparkles,Less Then 30k,South Zone,4,2026,NOSE PIN,1
CMR3-CHANDANA BROTHERS SILKS & JEWELLERS PVT. LTD.,CMR3,NP7951,A+,Sparkles,Less Then 30k,South Zone,8,2021,NOSE PIN,1
CMR3-CHANDANA BROTHERS SILKS & JEWELLERS PVT. LTD.,CMR3,NP7951,A+,Sparkles,Less Then 30k,South Zone,11,2023,NOSE PIN,1
CMR3-CHANDANA BROTHERS SILKS & JEWELLERS PVT. LTD.,CMR3,NP7951,A+,Sparkles,Less Then 30k,South Zone,11,2025,NOSE PIN,2
CMR3-CHANDANA BROTHERS SILKS & JEWELLERS PVT. LTD.,CMR3,NP7952,A+,Sparkles,Less Then 30k,South Zone,2,2022,NOSE PIN,1
CMR3-CHANDANA BROTHERS SILKS & JEWELLERS PVT. LTD.,CMR3,NP7952,A+,Sparkles,Less Then 30k,South Zone,3,2022,NOSE PIN,1
CMR3-CHANDANA BROTHERS SILKS & JEWELLERS PVT. LTD.,CMR3,NP7952,A+,Sparkles,Less Then 30k,South Zone,7,2022,NOSE PIN,1
CMR3-CHANDANA BROTHERS SILKS & JEWELLERS PVT. LTD.,CMR3,NP7953,A+,Sparkles,Less Then 30k,South Zone,8,2023,NOSE PIN,1
CMR3-CHANDANA BROTHERS SILKS & JEWELLERS PVT. LTD.,CMR3,NP7953,A+,Sparkles,Less Then 30k,South Zone,10,2023,NOSE PIN,1
CMR3-CHANDANA BROTHERS SILKS & JEWELLERS PVT. LTD.,CMR3,NP850,A+,Sparkles,Less Then 30k,South Zone,4,2023,NOSE PIN,1
CMR3-CHANDANA BROTHERS SILKS & JEWELLERS PVT. LTD.,CMR3,NP850,A+,Sparkles,Less Then 30k,South Zone,6,2025,NOSE PIN,2
CMR3-CHANDANA BROTHERS SILKS & JEWELLERS PVT. LTD.,CMR3,NP8514,A+,Sparkles,Less Then 30k,South Zone,2,2020,NOSE PIN,1
CMR3-CHANDANA BROTHERS SILKS & JEWELLERS PVT. LTD.,CMR3,NP8514,A+,Sparkles,Less Then 30k,South Zone,2,2026,NOSE PIN,1
CMR3-CHANDANA BROTHERS SILKS & JEWELLERS PVT. LTD.,CMR3,NP8514,A+,Sparkles,Less Then 30k,South Zone,7,2025,NOSE PIN,1
CMR3-CHANDANA BROTHERS SILKS & JEWELLERS PVT. LTD.,CMR3,NP8516,A+,Sparkles,Less Then 30k,South Zone,1,2025,NOSE PIN,10
CMR3-CHANDANA BROTHERS SILKS & JEWELLERS PVT. LTD.,CMR3,NP8516,A+,Sparkles,Less Then 30k,South Zone,1,2026,NOSE PIN,6
CMR3-CHANDANA BROTHERS SILKS & JEWELLERS PVT. LTD.,CMR3,NP8516,A+,Sparkles,Less Then 30k,South Zone,2,2025,NOSE PIN,3
CMR3-CHANDANA BROTHERS SILKS & JEWELLERS PVT. LTD.,CMR3,NP8516,A+,Sparkles,Less Then 30k,South Zone,2,2026,NOSE PIN,4
CMR3-CHANDANA BROTHERS SILKS & JEWELLERS PVT. LTD.,CMR3,NP8516,A+,Sparkles,Less Then 30k,South Zone,3,2025,NOSE PIN,11
CMR3-CHANDANA BROTHERS SILKS & JEWELLERS PVT. LTD.,CMR3,NP8516,A+,Sparkles,Less Then 30k,South Zone,4,2025,NOSE PIN,2
CMR3-CHANDANA BROTHERS SILKS & JEWELLERS PVT. LTD.,CMR3,NP8516,A+,Sparkles,Less Then 30k,South Zone,4,2026,NOSE PIN,2
CMR3-CHANDANA BROTHERS SILKS & JEWELLERS PVT. LTD.,CMR3,NP8516,A+,Sparkles,Less Then 30k,South Zone,5,2025,NOSE PIN,10
CMR3-CHANDANA BROTHERS SILKS & JEWELLERS PVT. LTD.,CMR3,NP8516,A+,Sparkles,Less Then 30k,South Zone,5,2026,NOSE PIN,2
CMR3-CHANDANA BROTHERS SILKS & JEWELLERS PVT. LTD.,CMR3,NP8516,A+,Sparkles,Less Then 30k,South Zone,6,2025,NOSE PIN,19
CMR3-CHANDANA BROTHERS SILKS & JEWELLERS PVT. LTD.,CMR3,NP8516,A+,Sparkles,Less Then 30k,South Zone,7,2025,NOSE PIN,3
CMR3-CHANDANA BROTHERS SILKS & JEWELLERS PVT. LTD.,CMR3,NP8516,A+,Sparkles,Less Then 30k,South Zone,8,2024,NOSE PIN,1
CMR3-CHANDANA BROTHERS SILKS & JEWELLERS PVT. LTD.,CMR3,NP8516,A+,Sparkles,Less Then 30k,South Zone,8,2025,NOSE PIN,5
CMR3-CHANDANA BROTHERS SILKS & JEWELLERS PVT. LTD.,CMR3,NP8516,A+,Sparkles,Less Then 30k,South Zone,9,2024,NOSE PIN,4
CMR3-CHANDANA BROTHERS SILKS & JEWELLERS PVT. LTD.,CMR3,NP8516,A+,Sparkles,Less Then 30k,South Zone,9,2025,NOSE PIN,2
CMR3-CHANDANA BROTHERS SILKS & JEWELLERS PVT. LTD.,CMR3,NP8516,A+,Sparkles,Less Then 30k,South Zone,10,2024,NOSE PIN,8
CMR3-CHANDANA BROTHERS SILKS & JEWELLERS PVT. LTD.,CMR3,NP8516,A+,Sparkles,Less Then 30k,South Zone,11,2024,NOSE PIN,4
CMR3-CHANDANA BROTHERS SILKS & JEWELLERS PVT. LTD.,CMR3,NP8516,A+,Sparkles,Less Then 30k,South Zone,11,2025,NOSE PIN,13
CMR3-CHANDANA BROTHERS SILKS & JEWELLERS PVT. LTD.,CMR3,NP8516,A+,Sparkles,Less Then 30k,South Zone,12,2024,NOSE PIN,5
CMR3-CHANDANA BROTHERS SILKS & JEWELLERS PVT. LTD.,CMR3,NP8516,A+,Sparkles,Less Then 30k,South Zone,12,2025,NOSE PIN,3
CMR3-CHANDANA BROTHERS SILKS & JEWELLERS PVT. LTD.,CMR3,NP8517,A+,Sparkles,Less Then 30k,South Zone,2,2023,NOSE PIN,1
CMR3-CHANDANA BROTHERS SILKS & JEWELLERS PVT. LTD.,CMR3,NP8517,A+,Sparkles,Less Then 30k,South Zone,4,2026,NOSE PIN,4
CMR3-CHANDANA BROTHERS SILKS & JEWELLERS PVT. LTD.,CMR3,NP8517,A+,Sparkles,Less Then 30k,South Zone,8,2023,NOSE PIN,1
CMR3-CHANDANA BROTHERS SILKS & JEWELLERS PVT. LTD.,CMR3,NP8517,A+,Sparkles,Less Then 30k,South Zone,9,2023,NOSE PIN,1
CMR3-CHANDANA BROTHERS SILKS & JEWELLERS PVT. LTD.,CMR3,NP8519,A+,Sparkles,Less Then 30k,South Zone,1,2026,NOSE PIN,1
CMR3-CHANDANA BROTHERS SILKS & JEWELLERS PVT. LTD.,CMR3,NP8519,A+,Sparkles,Less Then 30k,South Zone,3,2026,NOSE PIN,1
CMR3-CHANDANA BROTHERS SILKS & JEWELLERS PVT. LTD.,CMR3,NP8519,A+,Sparkles,Less Then 30k,South Zone,4,2025,NOSE PIN,1
CMR3-CHANDANA BROTHERS SILKS & JEWELLERS PVT. LTD.,CMR3,NP8519,A+,Sparkles,Less Then 30k,South Zone,5,2025,NOSE PIN,3
CMR3-CHANDANA BROTHERS SILKS & JEWELLERS PVT. LTD.,CMR3,NP8519,A+,Sparkles,Less Then 30k,South Zone,6,2025,NOSE PIN,5
CMR3-CHANDANA BROTHERS SILKS & JEWELLERS PVT. LTD.,CMR3,NP8519,A+,Sparkles,Less Then 30k,South Zone,7,2025,NOSE PIN,5
CMR3-CHANDANA BROTHERS SILKS & JEWELLERS PVT. LTD.,CMR3,NP8519,A+,Sparkles,Less Then 30k,South Zone,8,2025,NOSE PIN,5
CMR3-CHANDANA BROTHERS SILKS & JEWELLERS PVT. LTD.,CMR3,NP8519,A+,Sparkles,Less Then 30k,South Zone,9,2025,NOSE PIN,4
CMR3-CHANDANA BROTHERS SILKS & JEWELLERS PVT. LTD.,CMR3,NP8519,A+,Sparkles,Less Then 30k,South Zone,11,2021,NOSE PIN,1
CMR3-CHANDANA BROTHERS SILKS & JEWELLERS PVT. LTD.,CMR3,NP8520,A+,Sparkles,Less Then 30k,South Zone,11,2021,NOSE PIN,1
CMR3-CHANDANA BROTHERS SILKS & JEWELLERS PVT. LTD.,CMR3,NP863,A+,Sparkles,Less Then 30k,South Zone,1,2022,NOSE PIN,1
CMR3-CHANDANA BROTHERS SILKS & JEWELLERS PVT. LTD.,CMR3,NP863,A+,Sparkles,Less Then 30k,South Zone,3,2022,NOSE PIN,1
CMR3-CHANDANA BROTHERS SILKS & JEWELLERS PVT. LTD.,CMR3,NP863,A+,Sparkles,Less Then 30k,South Zone,12,2022,NOSE PIN,1
CMR3-CHANDANA BROTHERS SILKS & JEWELLERS PVT. LTD.,CMR3,NPA1754,A+,Sparkles,Less Then 30k,South Zone,1,2026,NOSE PIN,7
CMR3-CHANDANA BROTHERS SILKS & JEWELLERS PVT. LTD.,CMR3,NPA1754,A+,Sparkles,Less Then 30k,South Zone,2,2026,NOSE PIN,1
CMR3-CHANDANA BROTHERS SILKS & JEWELLERS PVT. LTD.,CMR3,NPA1754,A+,Sparkles,Less Then 30k,South Zone,5,2025,NOSE PIN,1
CMR3-CHANDANA BROTHERS SILKS & JEWELLERS PVT. LTD.,CMR3,NPA1754,A+,Sparkles,Less Then 30k,South Zone,6,2025,NOSE PIN,1
CMR3-CHANDANA BROTHERS SILKS & JEWELLERS PVT. LTD.,CMR3,NPB273,A+,Sparkles,Less Then 30k,South Zone,1,2023,NOSE PIN,1
CMR3-CHANDANA BROTHERS SILKS & JEWELLERS PVT. LTD.,CMR3,NPB273,A+,Sparkles,Less Then 30k,South Zone,3,2022,NOSE PIN,2
CMR3-CHANDANA BROTHERS SILKS & JEWELLERS PVT. LTD.,CMR3,NPB273,A+,Sparkles,Less Then 30k,South Zone,9,2021,NOSE PIN,1
CMR3-CHANDANA BROTHERS SILKS & JEWELLERS PVT. LTD.,CMR3,NPB273,A+,Sparkles,Less Then 30k,South Zone,10,2021,NOSE PIN,1
CMR3-CHANDANA BROTHERS SILKS & JEWELLERS PVT. LTD.,CMR3,NPMU2,A+,Sparkles,Less Then 30k,South Zone,2,2021,NOSE PIN,1
CMR3-CHANDANA BROTHERS SILKS & JEWELLERS PVT. LTD.,CMR3,NPMU2,A+,Sparkles,Less Then 30k,South Zone,2,2022,NOSE PIN,1
CMR3-CHANDANA BROTHERS SILKS & JEWELLERS PVT. LTD.,CMR3,NPMU2,A+,Sparkles,Less Then 30k,South Zone,5,2022,NOSE PIN,1
CMR3-CHANDANA BROTHERS SILKS & JEWELLERS PVT. LTD.,CMR3,NPMU2,A+,Sparkles,Less Then 30k,South Zone,7,2023,NOSE PIN,2
CMR3-CHANDANA BROTHERS SILKS & JEWELLERS PVT. LTD.,CMR3,NPMU2,A+,Sparkles,Less Then 30k,South Zone,8,2019,NOSE PIN,1
CMR3-CHANDANA BROTHERS SILKS & JEWELLERS PVT. LTD.,CMR3,NPMU2,A+,Sparkles,Less Then 30k,South Zone,8,2021,NOSE PIN,5
CMR3-CHANDANA BROTHERS SILKS & JEWELLERS PVT. LTD.,CMR3,NPMU2,A+,Sparkles,Less Then 30k,South Zone,8,2022,NOSE PIN,4
CMR3-CHANDANA BROTHERS SILKS & JEWELLERS PVT. LTD.,CMR3,NPMU2,A+,Sparkles,Less Then 30k,South Zone,9,2021,NOSE PIN,2
CMR3-CHANDANA BROTHERS SILKS & JEWELLERS PVT. LTD.,CMR3,NPMU2,A+,Sparkles,Less Then 30k,South Zone,11,2021,NOSE PIN,2
CMR3-CHANDANA BROTHERS SILKS & JEWELLERS PVT. LTD.,CMR3,NPMU3,A+,Sparkles,Less Then 30k,South Zone,9,2022,NOSE PIN,1
CMR3-CHANDANA BROTHERS SILKS & JEWELLERS PVT. LTD.,CMR3,NPMU4,A+,Sparkles,Less Then 30k,South Zone,9,2022,NOSE PIN,1
CMR3-CHANDANA BROTHERS SILKS & JEWELLERS PVT. LTD.,CMR3,NPMU545,A+,Sparkles,Less Then 30k,South Zone,1,2022,NOSE PIN,1
CMR3-CHANDANA BROTHERS SILKS & JEWELLERS PVT. LTD.,CMR3,NPMU545,A+,Sparkles,Less Then 30k,South Zone,4,2022,NOSE PIN,1
CMR3-CHANDANA BROTHERS SILKS & JEWELLERS PVT. LTD.,CMR3,NPMU545,A+,Sparkles,Less Then 30k,South Zone,5,2022,NOSE PIN,4
CMR3-CHANDANA BROTHERS SILKS & JEWELLERS PVT. LTD.,CMR3,NPMU545,A+,Sparkles,Less Then 30k,South Zone,6,2022,NOSE PIN,1
CMR3-CHANDANA BROTHERS SILKS & JEWELLERS PVT. LTD.,CMR3,P12418,A+,Sparkles,Less Then 30k,South Zone,7,2022,PENDANT,1
CMR3-CHANDANA BROTHERS SILKS & JEWELLERS PVT. LTD.,CMR3,P14393,A+,Sparkles,Less Then 30k,South Zone,11,2024,PENDANT,1
CMR3-CHANDANA BROTHERS SILKS & JEWELLERS PVT. LTD.,CMR3,P19090,A+,Sparkles,30k-50k,South Zone,7,2025,PENDANT,1
CMR3-CHANDANA BROTHERS SILKS & JEWELLERS PVT. LTD.,CMR3,P1913,A+,Sparkles,30k-50k,South Zone,9,2022,PENDANT,1
CMR3-CHANDANA BROTHERS SILKS & JEWELLERS PVT. LTD.,CMR3,P20002,A+,Sparkles,30k-50k,South Zone,10,2024,PENDANT,1
CMR3-CHANDANA BROTHERS SILKS & JEWELLERS PVT. LTD.,CMR3,P20023,A+,Sparkles,Less Then 30k,South Zone,11,2025,PENDANT,1
CMR3-CHANDANA BROTHERS SILKS & JEWELLERS PVT. LTD.,CMR3,P20036,A+,Sparkles,Less Then 30k,South Zone,1,2026,PENDANT,1
CMR3-CHANDANA BROTHERS SILKS & JEWELLERS PVT. LTD.,CMR3,P20040,A+,Sparkles,Less Then 30k,South Zone,4,2025,PENDANT,1
CMR3-CHANDANA BROTHERS SILKS & JEWELLERS PVT. LTD.,CMR3,P20042,A+,Sparkles,Less Then 30k,South Zone,1,2025,PENDANT,1
CMR3-CHANDANA BROTHERS SILKS & JEWELLERS PVT. LTD.,CMR3,P20056,A+,Sparkles,Less Then 30k,South Zone,1,2026,PENDANT,1
CMR3-CHANDANA BROTHERS SILKS & JEWELLERS PVT. LTD.,CMR3,P20060,A+,Sparkles,Less Then 30k,South Zone,8,2025,PENDANT,1
CMR3-CHANDANA BROTHERS SILKS & JEWELLERS PVT. LTD.,CMR3,P220,A+,Sparkles,30k-50k,South Zone,8,2021,PENDANT,1
CMR3-CHANDANA BROTHERS SILKS & JEWELLERS PVT. LTD.,CMR3,P2291,A+,Sparkles,Less Then 30k,South Zone,2,2026,PENDANT,1
CMR3-CHANDANA BROTHERS SILKS & JEWELLERS PVT. LTD.,CMR3,P2294,A+,Sparkles,50k-75k,South Zone,8,2021,PENDANT,1
CMR3-CHANDANA BROTHERS SILKS & JEWELLERS PVT. LTD.,CMR3,P2438,A+,Sparkles,Less Then 30k,South Zone,11,2025,PENDANT,1
CMR3-CHANDANA BROTHERS SILKS & JEWELLERS PVT. LTD.,CMR3,P7487,A+,Sparkles,Above 200k,South Zone,11,2021,PENDANT,1
CMR3-CHANDANA BROTHERS SILKS & JEWELLERS PVT. LTD.,CMR3,P836,A+,Sparkles,30k-50k,South Zone,10,2023,PENDANT,1
CMR3-CHANDANA BROTHERS SILKS & JEWELLERS PVT. LTD.,CMR3,P8491,A+,Sparkles,30k-50k,South Zone,4,2022,PENDANT,1
CMR3-CHANDANA BROTHERS SILKS & JEWELLERS PVT. LTD.,CMR3,P8737,A+,Sparkles,Less Then 30k,South Zone,4,2023,PENDANT,1
CMR3-CHANDANA BROTHERS SILKS & JEWELLERS PVT. LTD.,CMR3,P996,A+,Sparkles,30k-50k,South Zone,8,2023,PENDANT,1
CMR3-CHANDANA BROTHERS SILKS & JEWELLERS PVT. LTD.,CMR3,R10153,A+,Sparkles,Less Then 30k,South Zone,2,2026,RING,1
CMR3-CHANDANA BROTHERS SILKS & JEWELLERS PVT. LTD.,CMR3,R10297,A+,Sparkles,Less Then 30k,South Zone,4,2026,RING,1
CMR3-CHANDANA BROTHERS SILKS & JEWELLERS PVT. LTD.,CMR3,R10473,A+,Sparkles,Less Then 30k,South Zone,4,2025,RING,1
CMR3-CHANDANA BROTHERS SILKS & JEWELLERS PVT. LTD.,CMR3,R10474,A+,Sparkles,Less Then 30k,South Zone,11,2024,RING,1
CMR3-CHANDANA BROTHERS SILKS & JEWELLERS PVT. LTD.,CMR3,R10486,A+,Sparkles,Less Then 30k,South Zone,10,2024,RING,1
CMR3-CHANDANA BROTHERS SILKS & JEWELLERS PVT. LTD.,CMR3,R10491,A+,Sparkles,Less Then 30k,South Zone,4,2026,RING,1
CMR3-CHANDANA BROTHERS SILKS & JEWELLERS PVT. LTD.,CMR3,R10491,A+,Sparkles,Less Then 30k,South Zone,10,2024,RING,1
CMR3-CHANDANA BROTHERS SILKS & JEWELLERS PVT. LTD.,CMR3,R10513,A+,Sparkles,Less Then 30k,South Zone,10,2024,RING,1
CMR3-CHANDANA BROTHERS SILKS & JEWELLERS PVT. LTD.,CMR3,R10830,A+,Sparkles,Less Then 30k,South Zone,8,2025,RING,1
CMR3-CHANDANA BROTHERS SILKS & JEWELLERS PVT. LTD.,CMR3,R10856,A+,Sparkles,30k-50k,South Zone,2,2024,RING,1
CMR3-CHANDANA BROTHERS SILKS & JEWELLERS PVT. LTD.,CMR3,R1090,A+,Sparkles,Less Then 30k,South Zone,2,2021,RING,1
CMR3-CHANDANA BROTHERS SILKS & JEWELLERS PVT. LTD.,CMR3,R1090,A+,Sparkles,Less Then 30k,South Zone,9,2019,RING,1
CMR3-CHANDANA BROTHERS SILKS & JEWELLERS PVT. LTD.,CMR3,R10991,A+,Sparkles,Less Then 30k,South Zone,3,2026,RING,1
CMR3-CHANDANA BROTHERS SILKS & JEWELLERS PVT. LTD.,CMR3,R11892,A+,Sparkles,30k-50k,South Zone,12,2024,RING,1
CMR3-CHANDANA BROTHERS SILKS & JEWELLERS PVT. LTD.,CMR3,R11930,A+,Sparkles,Less Then 30k,South Zone,11,2024,RING,1
CMR3-CHANDANA BROTHERS SILKS & JEWELLERS PVT. LTD.,CMR3,R12287,A+,Sparkles,30k-50k,South Zone,12,2025,RING,1
CMR3-CHANDANA BROTHERS SILKS & JEWELLERS PVT. LTD.,CMR3,R12367,A+,Sparkles,Less Then 30k,South Zone,12,2024,RING,1
CMR3-CHANDANA BROTHERS SILKS & JEWELLERS PVT. LTD.,CMR3,R12377,A+,Sparkles,Less Then 30k,South Zone,11,2025,RING,1
CMR3-CHANDANA BROTHERS SILKS & JEWELLERS PVT. LTD.,CMR3,R14107,A+,Sparkles,30k-50k,South Zone,7,2024,RING,1
CMR3-CHANDANA BROTHERS SILKS & JEWELLERS PVT. LTD.,CMR3,R14109,A+,Sparkles,30k-50k,South Zone,12,2025,RING,1
CMR3-CHANDANA BROTHERS SILKS & JEWELLERS PVT. LTD.,CMR3,R14109,A+,Sparkles,50k-75k,South Zone,5,2024,RING,1
CMR3-CHANDANA BROTHERS SILKS & JEWELLERS PVT. LTD.,CMR3,R14120,A+,Sparkles,30k-50k,South Zone,2,2026,RING,1
CMR3-CHANDANA BROTHERS SILKS & JEWELLERS PVT. LTD.,CMR3,R14122,A+,Sparkles,30k-50k,South Zone,5,2024,RING,1
CMR3-CHANDANA BROTHERS SILKS & JEWELLERS PVT. LTD.,CMR3,R14177,A+,Sparkles,30k-50k,South Zone,10,2024,RING,1
CMR3-CHANDANA BROTHERS SILKS & JEWELLERS PVT. LTD.,CMR3,R14178,A+,Sparkles,30k-50k,South Zone,2,2025,RING,1
CMR3-CHANDANA BROTHERS SILKS & JEWELLERS PVT. LTD.,CMR3,R14184,A+,Sparkles,Less Then 30k,South Zone,2,2025,RING,1
CMR3-CHANDANA BROTHERS SILKS & JEWELLERS PVT. LTD.,CMR3,R1422,A+,Sparkles,Less Then 30k,South Zone,12,2022,RING,1
CMR3-CHANDANA BROTHERS SILKS & JEWELLERS PVT. LTD.,CMR3,R14296,A+,Sparkles,Less Then 30k,South Zone,1,2025,RING,1
CMR3-CHANDANA BROTHERS SILKS & JEWELLERS PVT. LTD.,CMR3,R14296,A+,Sparkles,Less Then 30k,South Zone,3,2026,RING,1
CMR3-CHANDANA BROTHERS SILKS & JEWELLERS PVT. LTD.,CMR3,R14305,A+,Sparkles,30k-50k,South Zone,3,2026,RING,1
CMR3-CHANDANA BROTHERS SILKS & JEWELLERS PVT. LTD.,CMR3,R14330,A+,Sparkles,Less Then 30k,South Zone,8,2025,RING,1
CMR3-CHANDANA BROTHERS SILKS & JEWELLERS PVT. LTD.,CMR3,R14336,A+,Sparkles,Less Then 30k,South Zone,5,2025,RING,1
CMR3-CHANDANA BROTHERS SILKS & JEWELLERS PVT. LTD.,CMR3,R1438,A+,Sparkles,Less Then 30k,South Zone,1,2023,RING,1
CMR3-CHANDANA BROTHERS SILKS & JEWELLERS PVT. LTD.,CMR3,R14470,A+,Sparkles,50k-75k,South Zone,8,2025,RING,1
CMR3-CHANDANA BROTHERS SILKS & JEWELLERS PVT. LTD.,CMR3,R14473,A+,Sparkles,30k-50k,South Zone,5,2026,RING,1
CMR3-CHANDANA BROTHERS SILKS & JEWELLERS PVT. LTD.,CMR3,R14479,A+,Sparkles,Less Then 30k,South Zone,2,2026,RING,1
CMR3-CHANDANA BROTHERS SILKS & JEWELLERS PVT. LTD.,CMR3,R14479,A+,Sparkles,Less Then 30k,South Zone,8,2025,RING,1
CMR3-CHANDANA BROTHERS SILKS & JEWELLERS PVT. LTD.,CMR3,R14573,A+,Sparkles,Less Then 30k,South Zone,12,2025,RING,1
CMR3-CHANDANA BROTHERS SILKS & JEWELLERS PVT. LTD.,CMR3,R14577,A+,Sparkles,30k-50k,South Zone,1,2026,RING,1
CMR3-CHANDANA BROTHERS SILKS & JEWELLERS PVT. LTD.,CMR3,R14620,A+,Sparkles,30k-50k,South Zone,9,2025,RING,1
CMR3-CHANDANA BROTHERS SILKS & JEWELLERS PVT. LTD.,CMR3,R14649,A+,Sparkles,Less Then 30k,South Zone,8,2025,RING,1
CMR3-CHANDANA BROTHERS SILKS & JEWELLERS PVT. LTD.,CMR3,R14749,A+,Sparkles,Less Then 30k,South Zone,3,2026,RING,1
CMR3-CHANDANA BROTHERS SILKS & JEWELLERS PVT. LTD.,CMR3,R14749,A+,Sparkles,Less Then 30k,South Zone,8,2025,RING,1
CMR3-CHANDANA BROTHERS SILKS & JEWELLERS PVT. LTD.,CMR3,R14752,A+,Sparkles,Less Then 30k,South Zone,8,2025,RING,1
CMR3-CHANDANA BROTHERS SILKS & JEWELLERS PVT. LTD.,CMR3,R14753,A+,Sparkles,Less Then 30k,South Zone,8,2025,RING,1
CMR3-CHANDANA BROTHERS SILKS & JEWELLERS PVT. LTD.,CMR3,R14753,A+,Sparkles,Less Then 30k,South Zone,11,2025,RING,1
CMR3-CHANDANA BROTHERS SILKS & JEWELLERS PVT. LTD.,CMR3,R1547,A+,Sparkles,Less Then 30k,South Zone,5,2023,RING,1
CMR3-CHANDANA BROTHERS SILKS & JEWELLERS PVT. LTD.,CMR3,R1547,A+,Sparkles,Less Then 30k,South Zone,10,2022,RING,1
CMR3-CHANDANA BROTHERS SILKS & JEWELLERS PVT. LTD.,CMR3,R19655,A+,Sparkles,Less Then 30k,South Zone,11,2025,RING,1
CMR3-CHANDANA BROTHERS SILKS & JEWELLERS PVT. LTD.,CMR3,R20343,A+,Sparkles,Less Then 30k,South Zone,11,2025,RING,1
CMR3-CHANDANA BROTHERS SILKS & JEWELLERS PVT. LTD.,CMR3,R2136,A+,Sparkles,30k-50k,South Zone,12,2024,RING,1
CMR3-CHANDANA BROTHERS SILKS & JEWELLERS PVT. LTD.,CMR3,R2138,A+,Sparkles,30k-50k,South Zone,2,2025,RING,1
CMR3-CHANDANA BROTHERS SILKS & JEWELLERS PVT. LTD.,CMR3,R22758,A+,Sparkles,30k-50k,South Zone,11,2025,RING,1
CMR3-CHANDANA BROTHERS SILKS & JEWELLERS PVT. LTD.,CMR3,R2281,A+,Sparkles,Less Then 30k,South Zone,3,2020,RING,1
CMR3-CHANDANA BROTHERS SILKS & JEWELLERS PVT. LTD.,CMR3,R2281,A+,Sparkles,Less Then 30k,South Zone,4,2022,RING,1
CMR3-CHANDANA BROTHERS SILKS & JEWELLERS PVT. LTD.,CMR3,R2693,A+,Sparkles,30k-50k,South Zone,4,2023,RING,1
CMR3-CHANDANA BROTHERS SILKS & JEWELLERS PVT. LTD.,CMR3,R2802,A+,Sparkles,Less Then 30k,South Zone,6,2023,RING,1
CMR3-CHANDANA BROTHERS SILKS & JEWELLERS PVT. LTD.,CMR3,R3090,A+,Sparkles,75k-100k,South Zone,9,2021,RING,1
CMR3-CHANDANA BROTHERS SILKS & JEWELLERS PVT. LTD.,CMR3,R425,A+,Sparkles,Less Then 30k,South Zone,5,2023,RING,1
CMR3-CHANDANA BROTHERS SILKS & JEWELLERS PVT. LTD.,CMR3,R4678,A+,Sparkles,50k-75k,South Zone,3,2021,RING,1
CMR3-CHANDANA BROTHERS SILKS & JEWELLERS PVT. LTD.,CMR3,R4678,A+,Sparkles,75k-100k,South Zone,12,2021,RING,1
CMR3-CHANDANA BROTHERS SILKS & JEWELLERS PVT. LTD.,CMR3,R4712,A+,Sparkles,50k-75k,South Zone,11,2021,RING,1
CMR3-CHANDANA BROTHERS SILKS & JEWELLERS PVT. LTD.,CMR3,R472,A+,Sparkles,Less Then 30k,South Zone,8,2024,RING,1
CMR3-CHANDANA BROTHERS SILKS & JEWELLERS PVT. LTD.,CMR3,R490,A+,Sparkles,30k-50k,South Zone,5,2022,RING,1
CMR3-CHANDANA BROTHERS SILKS & JEWELLERS PVT. LTD.,CMR3,R5298,A+,Sparkles,30k-50k,South Zone,4,2026,RING,1
CMR3-CHANDANA BROTHERS SILKS & JEWELLERS PVT. LTD.,CMR3,R5362,A+,Sparkles,Less Then 30k,South Zone,7,2022,RING,1
CMR3-CHANDANA BROTHERS SILKS & JEWELLERS PVT. LTD.,CMR3,R5399,A+,Sparkles,30k-50k,South Zone,5,2021,RING,1
CMR3-CHANDANA BROTHERS SILKS & JEWELLERS PVT. LTD.,CMR3,R5404,A+,Sparkles,30k-50k,South Zone,8,2024,RING,1
CMR3-CHANDANA BROTHERS SILKS & JEWELLERS PVT. LTD.,CMR3,R5572,A+,Sparkles,50k-75k,South Zone,5,2022,RING,1
CMR3-CHANDANA BROTHERS SILKS & JEWELLERS PVT. LTD.,CMR3,R5572,A+,Sparkles,50k-75k,South Zone,5,2023,RING,1
CMR3-CHANDANA BROTHERS SILKS & JEWELLERS PVT. LTD.,CMR3,R5578,A+,Sparkles,30k-50k,South Zone,1,2022,RING,1
CMR3-CHANDANA BROTHERS SILKS & JEWELLERS PVT. LTD.,CMR3,R5600,A+,Sparkles,Less Then 30k,South Zone,2,2023,RING,1
CMR3-CHANDANA BROTHERS SILKS & JEWELLERS PVT. LTD.,CMR3,R5615,A+,Sparkles,30k-50k,South Zone,1,2024,RING,1
CMR3-CHANDANA BROTHERS SILKS & JEWELLERS PVT. LTD.,CMR3,R5635,A+,Sparkles,50k-75k,South Zone,5,2022,RING,1
CMR3-CHANDANA BROTHERS SILKS & JEWELLERS PVT. LTD.,CMR3,R5636,A+,Sparkles,50k-75k,South Zone,3,2021,RING,1
CMR3-CHANDANA BROTHERS SILKS & JEWELLERS PVT. LTD.,CMR3,R5845,A+,Sparkles,30k-50k,South Zone,2,2025,RING,1
CMR3-CHANDANA BROTHERS SILKS & JEWELLERS PVT. LTD.,CMR3,R6599,A+,Sparkles,30k-50k,South Zone,3,2024,RING,1
CMR3-CHANDANA BROTHERS SILKS & JEWELLERS PVT. LTD.,CMR3,R6599,A+,Sparkles,50k-75k,South Zone,2,2024,RING,1
CMR3-CHANDANA BROTHERS SILKS & JEWELLERS PVT. LTD.,CMR3,R6629,A+,Sparkles,50k-75k,South Zone,6,2024,RING,1
CMR3-CHANDANA BROTHERS SILKS & JEWELLERS PVT. LTD.,CMR3,R6637,A+,Sparkles,Less Then 30k,South Zone,5,2024,RING,1
CMR3-CHANDANA BROTHERS SILKS & JEWELLERS PVT. LTD.,CMR3,R6638,A+,Sparkles,Less Then 30k,South Zone,9,2023,RING,1
CMR3-CHANDANA BROTHERS SILKS & JEWELLERS PVT. LTD.,CMR3,R6795,A+,Sparkles,30k-50k,South Zone,11,2021,RING,1
CMR3-CHANDANA BROTHERS SILKS & JEWELLERS PVT. LTD.,CMR3,R6801,A+,Sparkles,30k-50k,South Zone,8,2021,RING,1
CMR3-CHANDANA BROTHERS SILKS & JEWELLERS PVT. LTD.,CMR3,R7203,A+,Sparkles,30k-50k,South Zone,2,2021,RING,1
CMR3-CHANDANA BROTHERS SILKS & JEWELLERS PVT. LTD.,CMR3,R722,A+,Sparkles,30k-50k,South Zone,8,2023,RING,1
CMR3-CHANDANA BROTHERS SILKS & JEWELLERS PVT. LTD.,CMR3,R7231,A+,Sparkles,Less Then 30k,South Zone,4,2023,RING,1
CMR3-CHANDANA BROTHERS SILKS & JEWELLERS PVT. LTD.,CMR3,R7504,A+,Sparkles,Less Then 30k,South Zone,5,2024,RING,1
CMR3-CHANDANA BROTHERS SILKS & JEWELLERS PVT. LTD.,CMR3,R7504,A+,Sparkles,Less Then 30k,South Zone,8,2023,RING,1
CMR3-CHANDANA BROTHERS SILKS & JEWELLERS PVT. LTD.,CMR3,R7532,A+,Sparkles,30k-50k,South Zone,3,2021,RING,1
CMR3-CHANDANA BROTHERS SILKS & JEWELLERS PVT. LTD.,CMR3,R7532,A+,Sparkles,30k-50k,South Zone,7,2023,RING,1
CMR3-CHANDANA BROTHERS SILKS & JEWELLERS PVT. LTD.,CMR3,R7532,A+,Sparkles,Less Then 30k,South Zone,1,2024,RING,1
CMR3-CHANDANA BROTHERS SILKS & JEWELLERS PVT. LTD.,CMR3,R7535,A+,Sparkles,Less Then 30k,South Zone,1,2023,RING,1
CMR3-CHANDANA BROTHERS SILKS & JEWELLERS PVT. LTD.,CMR3,R7535,A+,Sparkles,Less Then 30k,South Zone,3,2025,RING,2
CMR3-CHANDANA BROTHERS SILKS & JEWELLERS PVT. LTD.,CMR3,R7674,A+,Sparkles,30k-50k,South Zone,12,2024,RING,1
CMR3-CHANDANA BROTHERS SILKS & JEWELLERS PVT. LTD.,CMR3,R7835,A+,Sparkles,Less Then 30k,South Zone,3,2022,RING,1
CMR3-CHANDANA BROTHERS SILKS & JEWELLERS PVT. LTD.,CMR3,R7835,A+,Sparkles,Less Then 30k,South Zone,9,2019,RING,1
CMR3-CHANDANA BROTHERS SILKS & JEWELLERS PVT. LTD.,CMR3,R787,A+,Sparkles,30k-50k,South Zone,9,2021,RING,1
CMR3-CHANDANA BROTHERS SILKS & JEWELLERS PVT. LTD.,CMR3,R7889,A+,Sparkles,Less Then 30k,South Zone,3,2022,RING,1
CMR3-CHANDANA BROTHERS SILKS & JEWELLERS PVT. LTD.,CMR3,R8001,A+,Sparkles,30k-50k,South Zone,5,2025,RING,1
CMR3-CHANDANA BROTHERS SILKS & JEWELLERS PVT. LTD.,CMR3,R8183,A+,Sparkles,30k-50k,South Zone,2,2024,RING,1
CMR3-CHANDANA BROTHERS SILKS & JEWELLERS PVT. LTD.,CMR3,R8183,A+,Sparkles,30k-50k,South Zone,7,2025,RING,1
CMR3-CHANDANA BROTHERS SILKS & JEWELLERS PVT. LTD.,CMR3,R822,A+,Sparkles,Less Then 30k,South Zone,1,2022,RING,1
CMR3-CHANDANA BROTHERS SILKS & JEWELLERS PVT. LTD.,CMR3,R8555,A+,Sparkles,30k-50k,South Zone,2,2021,RING,1
CMR3-CHANDANA BROTHERS SILKS & JEWELLERS PVT. LTD.,CMR3,R8555,A+,Sparkles,30k-50k,South Zone,9,2023,RING,1
CMR3-CHANDANA BROTHERS SILKS & JEWELLERS PVT. LTD.,CMR3,R8558,A+,Sparkles,30k-50k,South Zone,2,2024,RING,1
CMR3-CHANDANA BROTHERS SILKS & JEWELLERS PVT. LTD.,CMR3,R8607,A+,Sparkles,30k-50k,South Zone,7,2023,RING,1
CMR3-CHANDANA BROTHERS SILKS & JEWELLERS PVT. LTD.,CMR3,R8607,A+,Sparkles,30k-50k,South Zone,9,2023,RING,1
CMR3-CHANDANA BROTHERS SILKS & JEWELLERS PVT. LTD.,CMR3,R8607,A+,Sparkles,30k-50k,South Zone,11,2021,RING,1
CMR3-CHANDANA BROTHERS SILKS & JEWELLERS PVT. LTD.,CMR3,R8607,A+,Sparkles,50k-75k,South Zone,7,2019,RING,1
CMR3-CHANDANA BROTHERS SILKS & JEWELLERS PVT. LTD.,CMR3,R8631,A+,Sparkles,30k-50k,South Zone,9,2025,RING,1
CMR3-CHANDANA BROTHERS SILKS & JEWELLERS PVT. LTD.,CMR3,R8963,A+,Sparkles,30k-50k,South Zone,8,2024,RING,2
CMR3-CHANDANA BROTHERS SILKS & JEWELLERS PVT. LTD.,CMR3,R9023,A+,Sparkles,Less Then 30k,South Zone,11,2025,RING,1
CMR3-CHANDANA BROTHERS SILKS & JEWELLERS PVT. LTD.,CMR3,R9056,A+,Sparkles,30k-50k,South Zone,3,2026,RING,1
CMR3-CHANDANA BROTHERS SILKS & JEWELLERS PVT. LTD.,CMR3,R9063,A+,Sparkles,Less Then 30k,South Zone,1,2024,RING,1
CMR3-CHANDANA BROTHERS SILKS & JEWELLERS PVT. LTD.,CMR3,R9063,A+,Sparkles,Less Then 30k,South Zone,8,2025,RING,1
CMR3-CHANDANA BROTHERS SILKS & JEWELLERS PVT. LTD.,CMR3,R9063,A+,Sparkles,Less Then 30k,South Zone,9,2025,RING,1
CMR3-CHANDANA BROTHERS SILKS & JEWELLERS PVT. LTD.,CMR3,R9063,A+,Sparkles,Less Then 30k,South Zone,12,2024,RING,1
CMR3-CHANDANA BROTHERS SILKS & JEWELLERS PVT. LTD.,CMR3,RMU30,A+,Sparkles,Less Then 30k,South Zone,1,2023,NOSE PIN,1
CMR3-CHANDANA BROTHERS SILKS & JEWELLERS PVT. LTD.,CMR3,RMU30,A+,Sparkles,Less Then 30k,South Zone,9,2022,NOSE PIN,1
CMR3-CHANDANA BROTHERS SILKS & JEWELLERS PVT. LTD.,CMR3,RMU30,A+,Sparkles,Less Then 30k,South Zone,9,2023,NOSE PIN,1
CMR3-CHANDANA BROTHERS SILKS & JEWELLERS PVT. LTD.,CMR3,RMU30,A+,Sparkles,Less Then 30k,South Zone,11,2022,NOSE PIN,2
CMR3-CHANDANA BROTHERS SILKS & JEWELLERS PVT. LTD.,CMR3,RN14786,A+,Sparkles,30k-50k,South Zone,12,2025,RING,1
CMR3-CHANDANA BROTHERS SILKS & JEWELLERS PVT. LTD.,CMR3,RN14824,A+,Sparkles,Less Then 30k,South Zone,11,2025,RING,1
CMR3-CHANDANA BROTHERS SILKS & JEWELLERS PVT. LTD.,CMR3,RN14828,A+,Sparkles,Less Then 30k,South Zone,11,2025,RING,1
CMR3-CHANDANA BROTHERS SILKS & JEWELLERS PVT. LTD.,CMR3,RN14834,A+,Sparkles,Less Then 30k,South Zone,9,2025,RING,1
CMR3-CHANDANA BROTHERS SILKS & JEWELLERS PVT. LTD.,CMR3,RN20407,A+,Sparkles,Less Then 30k,South Zone,11,2025,RING,2
CMR3-CHANDANA BROTHERS SILKS & JEWELLERS PVT. LTD.,CMR3,SMNP484,A+,Sparkles,Less Then 30k,South Zone,1,2022,NOSE PIN,2
CMR3-CHANDANA BROTHERS SILKS & JEWELLERS PVT. LTD.,CMR3,SMNP484,A+,Sparkles,Less Then 30k,South Zone,6,2022,NOSE PIN,1
CMR3-CHANDANA BROTHERS SILKS & JEWELLERS PVT. LTD.,CMR3,SMNP494,A+,Sparkles,Less Then 30k,South Zone,5,2023,NOSE PIN,1
CMR3-CHANDANA BROTHERS SILKS & JEWELLERS PVT. LTD.,CMR3,SMNP496,A+,Sparkles,Less Then 30k,South Zone,3,2022,NOSE PIN,1
CMR3-CHANDANA BROTHERS SILKS & JEWELLERS PVT. LTD.,CMR3,SMNP496,A+,Sparkles,Less Then 30k,South Zone,7,2022,NOSE PIN,2
CMR3-CHANDANA BROTHERS SILKS & JEWELLERS PVT. LTD.,CMR3,SMNP496,A+,Sparkles,Less Then 30k,South Zone,11,2023,NOSE PIN,2
CMR3-CHANDANA BROTHERS SILKS & JEWELLERS PVT. LTD.,CMR3,SMNP497,A+,Sparkles,Less Then 30k,South Zone,2,2022,NOSE PIN,2
CMR3-CHANDANA BROTHERS SILKS & JEWELLERS PVT. LTD.,CMR3,SMNP497,A+,Sparkles,Less Then 30k,South Zone,2,2024,NOSE PIN,2
CMR3-CHANDANA BROTHERS SILKS & JEWELLERS PVT. LTD.,CMR3,SMNP497,A+,Sparkles,Less Then 30k,South Zone,5,2023,NOSE PIN,2
CMR3-CHANDANA BROTHERS SILKS & JEWELLERS PVT. LTD.,CMR3,SMNP497,A+,Sparkles,Less Then 30k,South Zone,7,2022,NOSE PIN,3
CMR3-CHANDANA BROTHERS SILKS & JEWELLERS PVT. LTD.,CMR3,SMNP497,A+,Sparkles,Less Then 30k,South Zone,7,2023,NOSE PIN,2
CMR3-CHANDANA BROTHERS SILKS & JEWELLERS PVT. LTD.,CMR3,SMNP497,A+,Sparkles,Less Then 30k,South Zone,10,2022,NOSE PIN,2
CMR3-CHANDANA BROTHERS SILKS & JEWELLERS PVT. LTD.,CMR3,SMNP497,A+,Sparkles,Less Then 30k,South Zone,12,2023,NOSE PIN,1
CMR3-CHANDANA BROTHERS SILKS & JEWELLERS PVT. LTD.,CMR3,SMNP498,A+,Sparkles,Less Then 30k,South Zone,4,2023,NOSE PIN,2
CMR3-CHANDANA BROTHERS SILKS & JEWELLERS PVT. LTD.,CMR3,SMNP501,A+,Sparkles,Less Then 30k,South Zone,3,2022,NOSE PIN,1
CMR3-CHANDANA BROTHERS SILKS & JEWELLERS PVT. LTD.,CMR3,SMNP501,A+,Sparkles,Less Then 30k,South Zone,5,2023,NOSE PIN,1
CMR3-CHANDANA BROTHERS SILKS & JEWELLERS PVT. LTD.,CMR3,SMNP506,A+,Sparkles,Less Then 30k,South Zone,8,2023,NOSE PIN,1
CMR3-CHANDANA BROTHERS SILKS & JEWELLERS PVT. LTD.,CMR3,SMNP506,A+,Sparkles,Less Then 30k,South Zone,10,2023,NOSE PIN,1
CMR3-CHANDANA BROTHERS SILKS & JEWELLERS PVT. LTD.,CMR3,SMNP515,A+,Sparkles,Less Then 30k,South Zone,6,2025,NOSE PIN,1
CMR3-CHANDANA BROTHERS SILKS & JEWELLERS PVT. LTD.,CMR3,SMNP520,A+,Sparkles,Less Then 30k,South Zone,2,2026,NOSE PIN,2
CMR3-CHANDANA BROTHERS SILKS & JEWELLERS PVT. LTD.,CMR3,SMNP520,A+,Sparkles,Less Then 30k,South Zone,3,2025,NOSE PIN,1
CMR3-CHANDANA BROTHERS SILKS & JEWELLERS PVT. LTD.,CMR3,SMNP520,A+,Sparkles,Less Then 30k,South Zone,3,2026,NOSE PIN,2
CMR3-CHANDANA BROTHERS SILKS & JEWELLERS PVT. LTD.,CMR3,SMNP520,A+,Sparkles,Less Then 30k,South Zone,11,2025,NOSE PIN,1
CMR3-CHANDANA BROTHERS SILKS & JEWELLERS PVT. LTD.,CMR3,SMNP520,A+,Sparkles,Less Then 30k,South Zone,12,2023,NOSE PIN,1
CMR3-CHANDANA BROTHERS SILKS & JEWELLERS PVT. LTD.,CMR3,SMNP520,A+,Sparkles,Less Then 30k,South Zone,12,2025,NOSE PIN,1
CMR3-CHANDANA BROTHERS SILKS & JEWELLERS PVT. LTD.,CMR3,SMNP522,A+,Sparkles,Less Then 30k,South Zone,2,2026,NOSE PIN,1
CMR3-CHANDANA BROTHERS SILKS & JEWELLERS PVT. LTD.,CMR3,SMNP522,A+,Sparkles,Less Then 30k,South Zone,3,2023,NOSE PIN,1
CMR3-CHANDANA BROTHERS SILKS & JEWELLERS PVT. LTD.,CMR3,SMNP522,A+,Sparkles,Less Then 30k,South Zone,4,2025,NOSE PIN,1
CMR3-CHANDANA BROTHERS SILKS & JEWELLERS PVT. LTD.,CMR3,SMNP522,A+,Sparkles,Less Then 30k,South Zone,7,2025,NOSE PIN,1
CMR3-CHANDANA BROTHERS SILKS & JEWELLERS PVT. LTD.,CMR3,SMNP522,A+,Sparkles,Less Then 30k,South Zone,12,2025,NOSE PIN,1
CMR3-CHANDANA BROTHERS SILKS & JEWELLERS PVT. LTD.,CMR3,SMNP525,A+,Sparkles,Less Then 30k,South Zone,6,2023,NOSE PIN,1
CMR3-CHANDANA BROTHERS SILKS & JEWELLERS PVT. LTD.,CMR3,SMNP527,A+,Sparkles,Less Then 30k,South Zone,9,2019,NOSE PIN,1
CMR3-CHANDANA BROTHERS SILKS & JEWELLERS PVT. LTD.,CMR3,SMNP528,A+,Sparkles,Less Then 30k,South Zone,6,2023,NOSE PIN,1
CMR3-CHANDANA BROTHERS SILKS & JEWELLERS PVT. LTD.,CMR3,SMNP529,A+,Sparkles,Less Then 30k,South Zone,7,2023,NOSE PIN,1
CMR3-CHANDANA BROTHERS SILKS & JEWELLERS PVT. LTD.,CMR3,SMNP532,A+,Sparkles,Less Then 30k,South Zone,3,2022,NOSE PIN,1
CMR3-CHANDANA BROTHERS SILKS & JEWELLERS PVT. LTD.,CMR3,SMNP532,A+,Sparkles,Less Then 30k,South Zone,7,2023,NOSE PIN,1
CMR3-CHANDANA BROTHERS SILKS & JEWELLERS PVT. LTD.,CMR3,SMNP537,A+,Sparkles,Less Then 30k,South Zone,2,2026,NOSE PIN,2
CMR3-CHANDANA BROTHERS SILKS & JEWELLERS PVT. LTD.,CMR3,SMR105,A+,Sparkles,Less Then 30k,South Zone,10,2022,RING,1
CMR3-CHANDANA BROTHERS SILKS & JEWELLERS PVT. LTD.,CMR3,SMR317,A+,Sparkles,30k-50k,South Zone,10,2022,RING,1
CMR3-CHANDANA BROTHERS SILKS & JEWELLERS PVT. LTD.,CMR3,SMR322,A+,Sparkles,30k-50k,South Zone,11,2023,RING,1
CMR3-CHANDANA BROTHERS SILKS & JEWELLERS PVT. LTD.,CMR3,SMR356,A+,Sparkles,30k-50k,South Zone,3,2024,RING,1
CMR3-CHANDANA BROTHERS SILKS & JEWELLERS PVT. LTD.,CMR3,SMR366,A+,Sparkles,30k-50k,South Zone,7,2023,RING,1
CMR3-CHANDANA BROTHERS SILKS & JEWELLERS PVT. LTD.,CMR3,SMR384,A+,Sparkles,Less Then 30k,South Zone,2,2023,RING,1
CMR3-CHANDANA BROTHERS SILKS & JEWELLERS PVT. LTD.,CMR3,SMT297,A+,Sparkles,Less Then 30k,South Zone,10,2022,EARRING,1
CMR3-CHANDANA BROTHERS SILKS & JEWELLERS PVT. LTD.,CMR3,SMT298,A+,Sparkles,Less Then 30k,South Zone,5,2024,EARRING,1
CMR3-CHANDANA BROTHERS SILKS & JEWELLERS PVT. LTD.,CMR3,SMT298,A+,Sparkles,Less Then 30k,South Zone,11,2022,EARRING,1
CMR3-CHANDANA BROTHERS SILKS & JEWELLERS PVT. LTD.,CMR3,SMT302,A+,Sparkles,Less Then 30k,South Zone,10,2021,EARRING,1
CMR3-CHANDANA BROTHERS SILKS & JEWELLERS PVT. LTD.,CMR3,SMT311,A+,Sparkles,Less Then 30k,South Zone,8,2022,EARRING,1
CMR3-CHANDANA BROTHERS SILKS & JEWELLERS PVT. LTD.,CMR3,SMT364,A+,Sparkles,Less Then 30k,South Zone,10,2022,EARRING,1
CMR3-CHANDANA BROTHERS SILKS & JEWELLERS PVT. LTD.,CMR3,SMT370,A+,Sparkles,Less Then 30k,South Zone,9,2023,EARRING,1
CMR3-CHANDANA BROTHERS SILKS & JEWELLERS PVT. LTD.,CMR3,SMT370,A+,Sparkles,Less Then 30k,South Zone,11,2021,EARRING,1
CMR3-CHANDANA BROTHERS SILKS & JEWELLERS PVT. LTD.,CMR3,SMT374,A+,Sparkles,Less Then 30k,South Zone,6,2024,RING,1
CMR3-CHANDANA BROTHERS SILKS & JEWELLERS PVT. LTD.,CMR3,SMT376,A+,Sparkles,Less Then 30k,South Zone,1,2024,EARRING,1
CMR3-CHANDANA BROTHERS SILKS & JEWELLERS PVT. LTD.,CMR3,SMT378,A+,Sparkles,Less Then 30k,South Zone,7,2023,EARRING,1
CMR3-CHANDANA BROTHERS SILKS & JEWELLERS PVT. LTD.,CMR3,SMT407,A+,Sparkles,Less Then 30k,South Zone,2,2021,EARRING,1
CMR3-CHANDANA BROTHERS SILKS & JEWELLERS PVT. LTD.,CMR3,SMT407,A+,Sparkles,Less Then 30k,South Zone,3,2023,EARRING,1
CMR3-CHANDANA BROTHERS SILKS & JEWELLERS PVT. LTD.,CMR3,SMT407,A+,Sparkles,Less Then 30k,South Zone,7,2022,EARRING,1
CMR3-CHANDANA BROTHERS SILKS & JEWELLERS PVT. LTD.,CMR3,SMT418,A+,Sparkles,Less Then 30k,South Zone,2,2020,EARRING,1
CMR3-CHANDANA BROTHERS SILKS & JEWELLERS PVT. LTD.,CMR3,SMT441,A+,Sparkles,Less Then 30k,South Zone,12,2022,EARRING,1
CMR3-CHANDANA BROTHERS SILKS & JEWELLERS PVT. LTD.,CMR3,SMT466,A+,Sparkles,Less Then 30k,South Zone,4,2022,EARRING,1
CMR3-CHANDANA BROTHERS SILKS & JEWELLERS PVT. LTD.,CMR3,T10006,A+,Sparkles,30k-50k,South Zone,10,2022,EARRING,1
CMR3-CHANDANA BROTHERS SILKS & JEWELLERS PVT. LTD.,CMR3,T10022,A+,Sparkles,Less Then 30k,South Zone,6,2021,EARRING,1
CMR3-CHANDANA BROTHERS SILKS & JEWELLERS PVT. LTD.,CMR3,T10042,A+,Sparkles,Less Then 30k,South Zone,3,2022,EARRING,1
CMR3-CHANDANA BROTHERS SILKS & JEWELLERS PVT. LTD.,CMR3,T10130,A+,Sparkles,Less Then 30k,South Zone,1,2022,EARRING,1
CMR3-CHANDANA BROTHERS SILKS & JEWELLERS PVT. LTD.,CMR3,T10133,A+,Sparkles,30k-50k,South Zone,2,2020,EARRING,1
CMR3-CHANDANA BROTHERS SILKS & JEWELLERS PVT. LTD.,CMR3,T10133,A+,Sparkles,Less Then 30k,South Zone,4,2023,EARRING,1
CMR3-CHANDANA BROTHERS SILKS & JEWELLERS PVT. LTD.,CMR3,T10200,A+,Sparkles,Less Then 30k,South Zone,11,2023,EARRING,1
CMR3-CHANDANA BROTHERS SILKS & JEWELLERS PVT. LTD.,CMR3,T10249,A+,Sparkles,Less Then 30k,South Zone,5,2022,EARRING,1
CMR3-CHANDANA BROTHERS SILKS & JEWELLERS PVT. LTD.,CMR3,T10392,A+,Sparkles,Less Then 30k,South Zone,5,2023,EARRING,1
CMR3-CHANDANA BROTHERS SILKS & JEWELLERS PVT. LTD.,CMR3,T10408,A+,Sparkles,Less Then 30k,South Zone,2,2023,EARRING,1
CMR3-CHANDANA BROTHERS SILKS & JEWELLERS PVT. LTD.,CMR3,T10490,A+,Sparkles,Less Then 30k,South Zone,6,2023,EARRING,1
CMR3-CHANDANA BROTHERS SILKS & JEWELLERS PVT. LTD.,CMR3,T10497,A+,Sparkles,Less Then 30k,South Zone,6,2022,EARRING,1
CMR3-CHANDANA BROTHERS SILKS & JEWELLERS PVT. LTD.,CMR3,T10538,A+,Sparkles,30k-50k,South Zone,4,2025,EARRING,1
CMR3-CHANDANA BROTHERS SILKS & JEWELLERS PVT. LTD.,CMR3,T10538,A+,Sparkles,75k-100k,South Zone,2,2021,EARRING,1
CMR3-CHANDANA BROTHERS SILKS & JEWELLERS PVT. LTD.,CMR3,T10547,A+,Sparkles,Less Then 30k,South Zone,5,2025,EARRING,1
CMR3-CHANDANA BROTHERS SILKS & JEWELLERS PVT. LTD.,CMR3,T111447,A+,Sparkles,30k-50k,South Zone,3,2022,EARRING,1
CMR3-CHANDANA BROTHERS SILKS & JEWELLERS PVT. LTD.,CMR3,T1118,A+,Sparkles,75k-100k,South Zone,12,2021,EARRING,1
CMR3-CHANDANA BROTHERS SILKS & JEWELLERS PVT. LTD.,CMR3,T11273,A+,Sparkles,Less Then 30k,South Zone,11,2024,EARRING,1
CMR3-CHANDANA BROTHERS SILKS & JEWELLERS PVT. LTD.,CMR3,T11275,A+,Sparkles,30k-50k,South Zone,5,2024,EARRING,1
CMR3-CHANDANA BROTHERS SILKS & JEWELLERS PVT. LTD.,CMR3,T11355,A+,Sparkles,50k-75k,South Zone,12,2023,EARRING,1
CMR3-CHANDANA BROTHERS SILKS & JEWELLERS PVT. LTD.,CMR3,T11516,A+,Sparkles,30k-50k,South Zone,9,2021,EARRING,1
CMR3-CHANDANA BROTHERS SILKS & JEWELLERS PVT. LTD.,CMR3,T11746,A+,Sparkles,50k-75k,South Zone,6,2025,EARRING,1
CMR3-CHANDANA BROTHERS SILKS & JEWELLERS PVT. LTD.,CMR3,T12323,A+,Sparkles,30k-50k,South Zone,7,2024,EARRING,1
CMR3-CHANDANA BROTHERS SILKS & JEWELLERS PVT. LTD.,CMR3,T12331,A+,Sparkles,Less Then 30k,South Zone,9,2022,EARRING,1
CMR3-CHANDANA BROTHERS SILKS & JEWELLERS PVT. LTD.,CMR3,T12458,A+,Sparkles,30k-50k,South Zone,3,2024,EARRING,1
CMR3-CHANDANA BROTHERS SILKS & JEWELLERS PVT. LTD.,CMR3,T12458,A+,Sparkles,Less Then 30k,South Zone,11,2024,EARRING,1
CMR3-CHANDANA BROTHERS SILKS & JEWELLERS PVT. LTD.,CMR3,T12501,A+,Sparkles,30k-50k,South Zone,4,2024,EARRING,1
CMR3-CHANDANA BROTHERS SILKS & JEWELLERS PVT. LTD.,CMR3,T12503,A+,Sparkles,30k-50k,South Zone,3,2026,EARRING,1
CMR3-CHANDANA BROTHERS SILKS & JEWELLERS PVT. LTD.,CMR3,T12503,A+,Sparkles,30k-50k,South Zone,9,2025,EARRING,1
CMR3-CHANDANA BROTHERS SILKS & JEWELLERS PVT. LTD.,CMR3,T12503,A+,Sparkles,30k-50k,South Zone,10,2024,EARRING,1
CMR3-CHANDANA BROTHERS SILKS & JEWELLERS PVT. LTD.,CMR3,T12503,A+,Sparkles,30k-50k,South Zone,11,2024,EARRING,1
CMR3-CHANDANA BROTHERS SILKS & JEWELLERS PVT. LTD.,CMR3,T12503,A+,Sparkles,30k-50k,South Zone,12,2024,EARRING,1
CMR3-CHANDANA BROTHERS SILKS & JEWELLERS PVT. LTD.,CMR3,T12572,A+,Sparkles,Less Then 30k,South Zone,1,2024,EARRING,1
CMR3-CHANDANA BROTHERS SILKS & JEWELLERS PVT. LTD.,CMR3,T12624,A+,Sparkles,30k-50k,South Zone,1,2025,EARRING,1
CMR3-CHANDANA BROTHERS SILKS & JEWELLERS PVT. LTD.,CMR3,T12624,A+,Sparkles,30k-50k,South Zone,2,2026,EARRING,1
CMR3-CHANDANA BROTHERS SILKS & JEWELLERS PVT. LTD.,CMR3,T12624,A+,Sparkles,30k-50k,South Zone,12,2024,EARRING,1
CMR3-CHANDANA BROTHERS SILKS & JEWELLERS PVT. LTD.,CMR3,T12678,A+,Sparkles,Less Then 30k,South Zone,1,2025,EARRING,1
CMR3-CHANDANA BROTHERS SILKS & JEWELLERS PVT. LTD.,CMR3,T12678,A+,Sparkles,Less Then 30k,South Zone,8,2024,EARRING,1
CMR3-CHANDANA BROTHERS SILKS & JEWELLERS PVT. LTD.,CMR3,T12804,A+,Sparkles,30k-50k,South Zone,5,2026,EARRING,1
CMR3-CHANDANA BROTHERS SILKS & JEWELLERS PVT. LTD.,CMR3,T1300,A+,Sparkles,Less Then 30k,South Zone,8,2023,EARRING,1
CMR3-CHANDANA BROTHERS SILKS & JEWELLERS PVT. LTD.,CMR3,T13116,A+,Sparkles,30k-50k,South Zone,7,2025,EARRING,1
CMR3-CHANDANA BROTHERS SILKS & JEWELLERS PVT. LTD.,CMR3,T13590,A+,Sparkles,Less Then 30k,South Zone,3,2025,EARRING,1
CMR3-CHANDANA BROTHERS SILKS & JEWELLERS PVT. LTD.,CMR3,T13590,A+,Sparkles,Less Then 30k,South Zone,4,2025,EARRING,1
CMR3-CHANDANA BROTHERS SILKS & JEWELLERS PVT. LTD.,CMR3,T13637,A+,Sparkles,50k-75k,South Zone,11,2024,EARRING,1
CMR3-CHANDANA BROTHERS SILKS & JEWELLERS PVT. LTD.,CMR3,T1366,A+,Sparkles,50k-75k,South Zone,9,2021,EARRING,1
CMR3-CHANDANA BROTHERS SILKS & JEWELLERS PVT. LTD.,CMR3,T13685,A+,Sparkles,30k-50k,South Zone,4,2026,EARRING,1
CMR3-CHANDANA BROTHERS SILKS & JEWELLERS PVT. LTD.,CMR3,T13749,A+,Sparkles,30k-50k,South Zone,4,2026,EARRING,1
CMR3-CHANDANA BROTHERS SILKS & JEWELLERS PVT. LTD.,CMR3,T13913,A+,Sparkles,50k-75k,South Zone,8,2025,EARRING,1
CMR3-CHANDANA BROTHERS SILKS & JEWELLERS PVT. LTD.,CMR3,T13930,A+,Sparkles,30k-50k,South Zone,3,2025,EARRING,1
CMR3-CHANDANA BROTHERS SILKS & JEWELLERS PVT. LTD.,CMR3,T13930,A+,Sparkles,30k-50k,South Zone,8,2025,EARRING,1
CMR3-CHANDANA BROTHERS SILKS & JEWELLERS PVT. LTD.,CMR3,T13930,A+,Sparkles,Less Then 30k,South Zone,7,2025,EARRING,1
CMR3-CHANDANA BROTHERS SILKS & JEWELLERS PVT. LTD.,CMR3,T14151,A+,Sparkles,Less Then 30k,South Zone,1,2026,EARRING,1
CMR3-CHANDANA BROTHERS SILKS & JEWELLERS PVT. LTD.,CMR3,T14298,A+,Sparkles,30k-50k,South Zone,1,2024,EARRING,1
CMR3-CHANDANA BROTHERS SILKS & JEWELLERS PVT. LTD.,CMR3,T14298,A+,Sparkles,30k-50k,South Zone,1,2025,EARRING,1
CMR3-CHANDANA BROTHERS SILKS & JEWELLERS PVT. LTD.,CMR3,T14446,A+,Sparkles,30k-50k,South Zone,9,2025,EARRING,1
CMR3-CHANDANA BROTHERS SILKS & JEWELLERS PVT. LTD.,CMR3,T14446,A+,Sparkles,30k-50k,South Zone,12,2024,EARRING,1
CMR3-CHANDANA BROTHERS SILKS & JEWELLERS PVT. LTD.,CMR3,T14504,A+,Sparkles,30k-50k,South Zone,6,2024,EARRING,1
CMR3-CHANDANA BROTHERS SILKS & JEWELLERS PVT. LTD.,CMR3,T14621,A+,Sparkles,30k-50k,South Zone,2,2026,EARRING,1
CMR3-CHANDANA BROTHERS SILKS & JEWELLERS PVT. LTD.,CMR3,T14703,A+,Sparkles,30k-50k,South Zone,8,2025,EARRING,1
CMR3-CHANDANA BROTHERS SILKS & JEWELLERS PVT. LTD.,CMR3,T15029,A+,Sparkles,Less Then 30k,South Zone,2,2026,EARRING,1
CMR3-CHANDANA BROTHERS SILKS & JEWELLERS PVT. LTD.,CMR3,T1710,A+,Sparkles,50k-75k,South Zone,12,2019,EARRING,1
CMR3-CHANDANA BROTHERS SILKS & JEWELLERS PVT. LTD.,CMR3,T17480,A+,Sparkles,30k-50k,South Zone,1,2024,EARRING,1
CMR3-CHANDANA BROTHERS SILKS & JEWELLERS PVT. LTD.,CMR3,T17480,A+,Sparkles,Less Then 30k,South Zone,7,2024,EARRING,1
CMR3-CHANDANA BROTHERS SILKS & JEWELLERS PVT. LTD.,CMR3,T17656,A+,Sparkles,Less Then 30k,South Zone,8,2024,EARRING,1
CMR3-CHANDANA BROTHERS SILKS & JEWELLERS PVT. LTD.,CMR3,T17663,A+,Sparkles,30k-50k,South Zone,8,2024,EARRING,1
CMR3-CHANDANA BROTHERS SILKS & JEWELLERS PVT. LTD.,CMR3,T17758,A+,Sparkles,30k-50k,South Zone,6,2024,EARRING,1
CMR3-CHANDANA BROTHERS SILKS & JEWELLERS PVT. LTD.,CMR3,T18030,A+,Sparkles,30k-50k,South Zone,8,2025,EARRING,1
CMR3-CHANDANA BROTHERS SILKS & JEWELLERS PVT. LTD.,CMR3,T18514,A+,Sparkles,150k-200k,South Zone,6,2024,EARRING,1
CMR3-CHANDANA BROTHERS SILKS & JEWELLERS PVT. LTD.,CMR3,T18553,A+,Sparkles,30k-50k,South Zone,6,2025,EARRING,1
CMR3-CHANDANA BROTHERS SILKS & JEWELLERS PVT. LTD.,CMR3,T18553,A+,Sparkles,Less Then 30k,South Zone,4,2025,EARRING,1
CMR3-CHANDANA BROTHERS SILKS & JEWELLERS PVT. LTD.,CMR3,T18554,A+,Sparkles,Less Then 30k,South Zone,5,2024,EARRING,1
CMR3-CHANDANA BROTHERS SILKS & JEWELLERS PVT. LTD.,CMR3,T18554,A+,Sparkles,Less Then 30k,South Zone,8,2024,EARRING,1
CMR3-CHANDANA BROTHERS SILKS & JEWELLERS PVT. LTD.,CMR3,T18554,A+,Sparkles,Less Then 30k,South Zone,11,2025,EARRING,2
CMR3-CHANDANA BROTHERS SILKS & JEWELLERS PVT. LTD.,CMR3,T18555,A+,Sparkles,Less Then 30k,South Zone,8,2025,EARRING,2
CMR3-CHANDANA BROTHERS SILKS & JEWELLERS PVT. LTD.,CMR3,T18555,A+,Sparkles,Less Then 30k,South Zone,11,2024,EARRING,1
CMR3-CHANDANA BROTHERS SILKS & JEWELLERS PVT. LTD.,CMR3,T18555,A+,Sparkles,Less Then 30k,South Zone,11,2025,EARRING,1
CMR3-CHANDANA BROTHERS SILKS & JEWELLERS PVT. LTD.,CMR3,T18555,A+,Sparkles,Less Then 30k,South Zone,12,2025,EARRING,1
CMR3-CHANDANA BROTHERS SILKS & JEWELLERS PVT. LTD.,CMR3,T18657,A+,Sparkles,30k-50k,South Zone,5,2024,EARRING,1
CMR3-CHANDANA BROTHERS SILKS & JEWELLERS PVT. LTD.,CMR3,T18657,A+,Sparkles,Less Then 30k,South Zone,1,2025,EARRING,1
CMR3-CHANDANA BROTHERS SILKS & JEWELLERS PVT. LTD.,CMR3,T18657,A+,Sparkles,Less Then 30k,South Zone,8,2024,EARRING,1
CMR3-CHANDANA BROTHERS SILKS & JEWELLERS PVT. LTD.,CMR3,T18657,A+,Sparkles,Less Then 30k,South Zone,11,2024,EARRING,1
CMR3-CHANDANA BROTHERS SILKS & JEWELLERS PVT. LTD.,CMR3,T18658,A+,Sparkles,30k-50k,South Zone,11,2024,EARRING,1
CMR3-CHANDANA BROTHERS SILKS & JEWELLERS PVT. LTD.,CMR3,T18658,A+,Sparkles,30k-50k,South Zone,12,2024,EARRING,1
CMR3-CHANDANA BROTHERS SILKS & JEWELLERS PVT. LTD.,CMR3,T18659,A+,Sparkles,Less Then 30k,South Zone,8,2024,EARRING,1
CMR3-CHANDANA BROTHERS SILKS & JEWELLERS PVT. LTD.,CMR3,T18659,A+,Sparkles,Less Then 30k,South Zone,11,2025,EARRING,2
CMR3-CHANDANA BROTHERS SILKS & JEWELLERS PVT. LTD.,CMR3,T18659,A+,Sparkles,Less Then 30k,South Zone,12,2025,EARRING,1
CMR3-CHANDANA BROTHERS SILKS & JEWELLERS PVT. LTD.,CMR3,T18663,A+,Sparkles,30k-50k,South Zone,12,2025,EARRING,1
CMR3-CHANDANA BROTHERS SILKS & JEWELLERS PVT. LTD.,CMR3,T18663,A+,Sparkles,50k-75k,South Zone,5,2026,EARRING,1
CMR3-CHANDANA BROTHERS SILKS & JEWELLERS PVT. LTD.,CMR3,T18664,A+,Sparkles,30k-50k,South Zone,8,2024,EARRING,1
CMR3-CHANDANA BROTHERS SILKS & JEWELLERS PVT. LTD.,CMR3,T18664,A+,Sparkles,30k-50k,South Zone,10,2024,EARRING,1
CMR3-CHANDANA BROTHERS SILKS & JEWELLERS PVT. LTD.,CMR3,T18665,A+,Sparkles,Less Then 30k,South Zone,2,2025,EARRING,1
CMR3-CHANDANA BROTHERS SILKS & JEWELLERS PVT. LTD.,CMR3,T18665,A+,Sparkles,Less Then 30k,South Zone,2,2026,EARRING,1
CMR3-CHANDANA BROTHERS SILKS & JEWELLERS PVT. LTD.,CMR3,T18665,A+,Sparkles,Less Then 30k,South Zone,5,2026,EARRING,1
CMR3-CHANDANA BROTHERS SILKS & JEWELLERS PVT. LTD.,CMR3,T18665,A+,Sparkles,Less Then 30k,South Zone,7,2024,EARRING,1
CMR3-CHANDANA BROTHERS SILKS & JEWELLERS PVT. LTD.,CMR3,T18665,A+,Sparkles,Less Then 30k,South Zone,7,2025,EARRING,1
CMR3-CHANDANA BROTHERS SILKS & JEWELLERS PVT. LTD.,CMR3,T18665,A+,Sparkles,Less Then 30k,South Zone,11,2024,EARRING,1
CMR3-CHANDANA BROTHERS SILKS & JEWELLERS PVT. LTD.,CMR3,T18665,A+,Sparkles,Less Then 30k,South Zone,12,2025,EARRING,1
CMR3-CHANDANA BROTHERS SILKS & JEWELLERS PVT. LTD.,CMR3,T18666,A+,Sparkles,Less Then 30k,South Zone,1,2026,EARRING,1
CMR3-CHANDANA BROTHERS SILKS & JEWELLERS PVT. LTD.,CMR3,T18666,A+,Sparkles,Less Then 30k,South Zone,4,2025,EARRING,1
CMR3-CHANDANA BROTHERS SILKS & JEWELLERS PVT. LTD.,CMR3,T18666,A+,Sparkles,Less Then 30k,South Zone,7,2024,EARRING,1
CMR3-CHANDANA BROTHERS SILKS & JEWELLERS PVT. LTD.,CMR3,T18666,A+,Sparkles,Less Then 30k,South Zone,12,2025,EARRING,1
CMR3-CHANDANA BROTHERS SILKS & JEWELLERS PVT. LTD.,CMR3,T18667,A+,Sparkles,Less Then 30k,South Zone,6,2024,EARRING,1
CMR3-CHANDANA BROTHERS SILKS & JEWELLERS PVT. LTD.,CMR3,T18670,A+,Sparkles,30k-50k,South Zone,1,2026,EARRING,1
CMR3-CHANDANA BROTHERS SILKS & JEWELLERS PVT. LTD.,CMR3,T18670,A+,Sparkles,Less Then 30k,South Zone,4,2025,EARRING,1
CMR3-CHANDANA BROTHERS SILKS & JEWELLERS PVT. LTD.,CMR3,T18670,A+,Sparkles,Less Then 30k,South Zone,8,2025,EARRING,1
CMR3-CHANDANA BROTHERS SILKS & JEWELLERS PVT. LTD.,CMR3,T18670,A+,Sparkles,Less Then 30k,South Zone,9,2024,EARRING,1
CMR3-CHANDANA BROTHERS SILKS & JEWELLERS PVT. LTD.,CMR3,T18671,A+,Sparkles,30k-50k,South Zone,8,2024,EARRING,1
CMR3-CHANDANA BROTHERS SILKS & JEWELLERS PVT. LTD.,CMR3,T18678,A+,Sparkles,30k-50k,South Zone,6,2024,EARRING,1
CMR3-CHANDANA BROTHERS SILKS & JEWELLERS PVT. LTD.,CMR3,T18678,A+,Sparkles,30k-50k,South Zone,8,2024,EARRING,1
CMR3-CHANDANA BROTHERS SILKS & JEWELLERS PVT. LTD.,CMR3,T18678,A+,Sparkles,30k-50k,South Zone,11,2025,EARRING,1
CMR3-CHANDANA BROTHERS SILKS & JEWELLERS PVT. LTD.,CMR3,T18679,A+,Sparkles,30k-50k,South Zone,2,2025,EARRING,1
CMR3-CHANDANA BROTHERS SILKS & JEWELLERS PVT. LTD.,CMR3,T18680,A+,Sparkles,Less Then 30k,South Zone,2,2026,EARRING,1
CMR3-CHANDANA BROTHERS SILKS & JEWELLERS PVT. LTD.,CMR3,T18680,A+,Sparkles,Less Then 30k,South Zone,4,2026,EARRING,1
CMR3-CHANDANA BROTHERS SILKS & JEWELLERS PVT. LTD.,CMR3,T18680,A+,Sparkles,Less Then 30k,South Zone,7,2024,EARRING,1
CMR3-CHANDANA BROTHERS SILKS & JEWELLERS PVT. LTD.,CMR3,T18680,A+,Sparkles,Less Then 30k,South Zone,7,2025,EARRING,1
CMR3-CHANDANA BROTHERS SILKS & JEWELLERS PVT. LTD.,CMR3,T18680,A+,Sparkles,Less Then 30k,South Zone,8,2024,EARRING,1
CMR3-CHANDANA BROTHERS SILKS & JEWELLERS PVT. LTD.,CMR3,T18680,A+,Sparkles,Less Then 30k,South Zone,11,2025,EARRING,1
CMR3-CHANDANA BROTHERS SILKS & JEWELLERS PVT. LTD.,CMR3,T19014,A+,Sparkles,30k-50k,South Zone,12,2024,EARRING,1
CMR3-CHANDANA BROTHERS SILKS & JEWELLERS PVT. LTD.,CMR3,T19019,A+,Sparkles,30k-50k,South Zone,2,2025,EARRING,1
CMR3-CHANDANA BROTHERS SILKS & JEWELLERS PVT. LTD.,CMR3,T19019,A+,Sparkles,30k-50k,South Zone,3,2026,EARRING,1
CMR3-CHANDANA BROTHERS SILKS & JEWELLERS PVT. LTD.,CMR3,T19027,A+,Sparkles,50k-75k,South Zone,5,2025,EARRING,1
CMR3-CHANDANA BROTHERS SILKS & JEWELLERS PVT. LTD.,CMR3,T19034,A+,Sparkles,30k-50k,South Zone,2,2025,EARRING,1
CMR3-CHANDANA BROTHERS SILKS & JEWELLERS PVT. LTD.,CMR3,T19041,A+,Sparkles,30k-50k,South Zone,2,2025,EARRING,1
CMR3-CHANDANA BROTHERS SILKS & JEWELLERS PVT. LTD.,CMR3,T19047,A+,Sparkles,Less Then 30k,South Zone,2,2025,EARRING,1
CMR3-CHANDANA BROTHERS SILKS & JEWELLERS PVT. LTD.,CMR3,T19047,A+,Sparkles,Less Then 30k,South Zone,4,2026,EARRING,1
CMR3-CHANDANA BROTHERS SILKS & JEWELLERS PVT. LTD.,CMR3,T19049,A+,Sparkles,50k-75k,South Zone,1,2025,EARRING,1
CMR3-CHANDANA BROTHERS SILKS & JEWELLERS PVT. LTD.,CMR3,T19050,A+,Sparkles,30k-50k,South Zone,8,2025,EARRING,1
CMR3-CHANDANA BROTHERS SILKS & JEWELLERS PVT. LTD.,CMR3,T19050,A+,Sparkles,Less Then 30k,South Zone,1,2025,EARRING,1
CMR3-CHANDANA BROTHERS SILKS & JEWELLERS PVT. LTD.,CMR3,T19050,A+,Sparkles,Less Then 30k,South Zone,4,2026,EARRING,1
CMR3-CHANDANA BROTHERS SILKS & JEWELLERS PVT. LTD.,CMR3,T19050,A+,Sparkles,Less Then 30k,South Zone,8,2025,EARRING,1
CMR3-CHANDANA BROTHERS SILKS & JEWELLERS PVT. LTD.,CMR3,T19050,A+,Sparkles,Less Then 30k,South Zone,12,2025,EARRING,1
CMR3-CHANDANA BROTHERS SILKS & JEWELLERS PVT. LTD.,CMR3,T19059,A+,Sparkles,30k-50k,South Zone,5,2026,EARRING,1
CMR3-CHANDANA BROTHERS SILKS & JEWELLERS PVT. LTD.,CMR3,T19063,A+,Sparkles,50k-75k,South Zone,3,2026,EARRING,1
CMR3-CHANDANA BROTHERS SILKS & JEWELLERS PVT. LTD.,CMR3,T19088,A+,Sparkles,50k-75k,South Zone,12,2025,EARRING,1
CMR3-CHANDANA BROTHERS SILKS & JEWELLERS PVT. LTD.,CMR3,T19091,A+,Sparkles,50k-75k,South Zone,3,2025,EARRING,1
CMR3-CHANDANA BROTHERS SILKS & JEWELLERS PVT. LTD.,CMR3,T19093,A+,Sparkles,Less Then 30k,South Zone,5,2026,EARRING,1
CMR3-CHANDANA BROTHERS SILKS & JEWELLERS PVT. LTD.,CMR3,T19094,A+,Sparkles,Less Then 30k,South Zone,5,2025,EARRING,1
CMR3-CHANDANA BROTHERS SILKS & JEWELLERS PVT. LTD.,CMR3,T19096,A+,Sparkles,Less Then 30k,South Zone,8,2025,EARRING,1
CMR3-CHANDANA BROTHERS SILKS & JEWELLERS PVT. LTD.,CMR3,T19098,A+,Sparkles,Less Then 30k,South Zone,7,2025,EARRING,1
CMR3-CHANDANA BROTHERS SILKS & JEWELLERS PVT. LTD.,CMR3,T19099,A+,Sparkles,30k-50k,South Zone,4,2025,EARRING,1
CMR3-CHANDANA BROTHERS SILKS & JEWELLERS PVT. LTD.,CMR3,T19100,A+,Sparkles,Less Then 30k,South Zone,3,2025,EARRING,1
CMR3-CHANDANA BROTHERS SILKS & JEWELLERS PVT. LTD.,CMR3,T19108,A+,Sparkles,Less Then 30k,South Zone,12,2025,EARRING,1
CMR3-CHANDANA BROTHERS SILKS & JEWELLERS PVT. LTD.,CMR3,T19109,A+,Sparkles,30k-50k,South Zone,1,2026,EARRING,1
CMR3-CHANDANA BROTHERS SILKS & JEWELLERS PVT. LTD.,CMR3,T19115,A+,Sparkles,Less Then 30k,South Zone,4,2025,EARRING,1
CMR3-CHANDANA BROTHERS SILKS & JEWELLERS PVT. LTD.,CMR3,T19122,A+,Sparkles,30k-50k,South Zone,11,2025,EARRING,1
CMR3-CHANDANA BROTHERS SILKS & JEWELLERS PVT. LTD.,CMR3,T19130,A+,Sparkles,50k-75k,South Zone,2,2026,EARRING,1
CMR3-CHANDANA BROTHERS SILKS & JEWELLERS PVT. LTD.,CMR3,T19139,A+,Sparkles,Less Then 30k,South Zone,9,2025,EARRING,1
CMR3-CHANDANA BROTHERS SILKS & JEWELLERS PVT. LTD.,CMR3,T19141,A+,Sparkles,Less Then 30k,South Zone,7,2025,EARRING,1
CMR3-CHANDANA BROTHERS SILKS & JEWELLERS PVT. LTD.,CMR3,T19171,A+,Sparkles,30k-50k,South Zone,2,2026,EARRING,1
CMR3-CHANDANA BROTHERS SILKS & JEWELLERS PVT. LTD.,CMR3,T19194,A+,Sparkles,30k-50k,South Zone,6,2025,EARRING,1
CMR3-CHANDANA BROTHERS SILKS & JEWELLERS PVT. LTD.,CMR3,T19198,A+,Sparkles,Less Then 30k,South Zone,3,2026,EARRING,1
CMR3-CHANDANA BROTHERS SILKS & JEWELLERS PVT. LTD.,CMR3,T19232,A+,Sparkles,30k-50k,South Zone,5,2025,EARRING,1
CMR3-CHANDANA BROTHERS SILKS & JEWELLERS PVT. LTD.,CMR3,T19249,A+,Sparkles,30k-50k,South Zone,9,2025,EARRING,1
CMR3-CHANDANA BROTHERS SILKS & JEWELLERS PVT. LTD.,CMR3,T19324,A+,Sparkles,Less Then 30k,South Zone,5,2026,EARRING,1
CMR3-CHANDANA BROTHERS SILKS & JEWELLERS PVT. LTD.,CMR3,T19324,A+,Sparkles,Less Then 30k,South Zone,9,2025,EARRING,1
CMR3-CHANDANA BROTHERS SILKS & JEWELLERS PVT. LTD.,CMR3,T19341,A+,Sparkles,Less Then 30k,South Zone,7,2025,EARRING,1
CMR3-CHANDANA BROTHERS SILKS & JEWELLERS PVT. LTD.,CMR3,T19643,A+,Sparkles,Less Then 30k,South Zone,1,2026,EARRING,1
CMR3-CHANDANA BROTHERS SILKS & JEWELLERS PVT. LTD.,CMR3,T19662,A+,Sparkles,30k-50k,South Zone,9,2025,EARRING,1
CMR3-CHANDANA BROTHERS SILKS & JEWELLERS PVT. LTD.,CMR3,T19674,A+,Sparkles,30k-50k,South Zone,4,2026,EARRING,1
CMR3-CHANDANA BROTHERS SILKS & JEWELLERS PVT. LTD.,CMR3,T19750,A+,Sparkles,30k-50k,South Zone,3,2026,EARRING,1
CMR3-CHANDANA BROTHERS SILKS & JEWELLERS PVT. LTD.,CMR3,T20022,A+,Sparkles,30k-50k,South Zone,11,2024,EARRING,1
CMR3-CHANDANA BROTHERS SILKS & JEWELLERS PVT. LTD.,CMR3,T20031,A+,Sparkles,30k-50k,South Zone,3,2025,EARRING,1
CMR3-CHANDANA BROTHERS SILKS & JEWELLERS PVT. LTD.,CMR3,T20268,A+,Sparkles,50k-75k,South Zone,9,2025,EARRING,1
CMR3-CHANDANA BROTHERS SILKS & JEWELLERS PVT. LTD.,CMR3,T20272,A+,Sparkles,30k-50k,South Zone,11,2025,EARRING,1
CMR3-CHANDANA BROTHERS SILKS & JEWELLERS PVT. LTD.,CMR3,T20281,A+,Sparkles,Less Then 30k,South Zone,11,2025,EARRING,1
CMR3-CHANDANA BROTHERS SILKS & JEWELLERS PVT. LTD.,CMR3,T20286,A+,Sparkles,30k-50k,South Zone,2,2026,EARRING,1
CMR3-CHANDANA BROTHERS SILKS & JEWELLERS PVT. LTD.,CMR3,T20294,A+,Sparkles,30k-50k,South Zone,11,2025,EARRING,1
CMR3-CHANDANA BROTHERS SILKS & JEWELLERS PVT. LTD.,CMR3,T20329,A+,Sparkles,30k-50k,South Zone,1,2026,EARRING,1
CMR3-CHANDANA BROTHERS SILKS & JEWELLERS PVT. LTD.,CMR3,T21607,A+,Sparkles,Less Then 30k,South Zone,12,2025,EARRING,1
CMR3-CHANDANA BROTHERS SILKS & JEWELLERS PVT. LTD.,CMR3,T2331,A+,Sparkles,30k-50k,South Zone,3,2025,EARRING,1
CMR3-CHANDANA BROTHERS SILKS & JEWELLERS PVT. LTD.,CMR3,T2331,A+,Sparkles,30k-50k,South Zone,7,2025,EARRING,1
CMR3-CHANDANA BROTHERS SILKS & JEWELLERS PVT. LTD.,CMR3,T2728,A+,Sparkles,75k-100k,South Zone,8,2019,EARRING,1
CMR3-CHANDANA BROTHERS SILKS & JEWELLERS PVT. LTD.,CMR3,T2729,A+,Sparkles,Less Then 30k,South Zone,11,2025,EARRING,2
CMR3-CHANDANA BROTHERS SILKS & JEWELLERS PVT. LTD.,CMR3,T3568,A+,Sparkles,Less Then 30k,South Zone,3,2026,EARRING,2
CMR3-CHANDANA BROTHERS SILKS & JEWELLERS PVT. LTD.,CMR3,T3568,A+,Sparkles,Less Then 30k,South Zone,5,2025,EARRING,1
CMR3-CHANDANA BROTHERS SILKS & JEWELLERS PVT. LTD.,CMR3,T3568,A+,Sparkles,Less Then 30k,South Zone,8,2025,EARRING,1
CMR3-CHANDANA BROTHERS SILKS & JEWELLERS PVT. LTD.,CMR3,T3568,A+,Sparkles,Less Then 30k,South Zone,11,2025,EARRING,2
CMR3-CHANDANA BROTHERS SILKS & JEWELLERS PVT. LTD.,CMR3,T364,A+,Sparkles,30k-50k,South Zone,1,2024,EARRING,1
CMR3-CHANDANA BROTHERS SILKS & JEWELLERS PVT. LTD.,CMR3,T395,A+,Sparkles,30k-50k,South Zone,6,2024,EARRING,1
CMR3-CHANDANA BROTHERS SILKS & JEWELLERS PVT. LTD.,CMR3,T395,A+,Sparkles,75k-100k,South Zone,5,2022,EARRING,1
CMR3-CHANDANA BROTHERS SILKS & JEWELLERS PVT. LTD.,CMR3,T4826,A+,Sparkles,30k-50k,South Zone,11,2022,EARRING,1
CMR3-CHANDANA BROTHERS SILKS & JEWELLERS PVT. LTD.,CMR3,T515,A+,Sparkles,30k-50k,South Zone,2,2020,EARRING,1
CMR3-CHANDANA BROTHERS SILKS & JEWELLERS PVT. LTD.,CMR3,T515,A+,Sparkles,30k-50k,South Zone,8,2019,EARRING,1
CMR3-CHANDANA BROTHERS SILKS & JEWELLERS PVT. LTD.,CMR3,T5367,A+,Sparkles,Less Then 30k,South Zone,9,2023,EARRING,1
CMR3-CHANDANA BROTHERS SILKS & JEWELLERS PVT. LTD.,CMR3,T537,A+,Sparkles,30k-50k,South Zone,3,2022,EARRING,1
CMR3-CHANDANA BROTHERS SILKS & JEWELLERS PVT. LTD.,CMR3,T537,A+,Sparkles,30k-50k,South Zone,7,2021,EARRING,1
CMR3-CHANDANA BROTHERS SILKS & JEWELLERS PVT. LTD.,CMR3,T537,A+,Sparkles,50k-75k,South Zone,6,2020,EARRING,1
CMR3-CHANDANA BROTHERS SILKS & JEWELLERS PVT. LTD.,CMR3,T5378,A+,Sparkles,30k-50k,South Zone,9,2024,EARRING,1
CMR3-CHANDANA BROTHERS SILKS & JEWELLERS PVT. LTD.,CMR3,T5414,A+,Sparkles,Less Then 30k,South Zone,8,2023,EARRING,1
CMR3-CHANDANA BROTHERS SILKS & JEWELLERS PVT. LTD.,CMR3,T5420,A+,Sparkles,30k-50k,South Zone,11,2021,EARRING,1
CMR3-CHANDANA BROTHERS SILKS & JEWELLERS PVT. LTD.,CMR3,T5420,A+,Sparkles,Less Then 30k,South Zone,1,2024,EARRING,1
CMR3-CHANDANA BROTHERS SILKS & JEWELLERS PVT. LTD.,CMR3,T5420,A+,Sparkles,Less Then 30k,South Zone,3,2021,EARRING,1
CMR3-CHANDANA BROTHERS SILKS & JEWELLERS PVT. LTD.,CMR3,T5420,A+,Sparkles,Less Then 30k,South Zone,7,2023,EARRING,1
CMR3-CHANDANA BROTHERS SILKS & JEWELLERS PVT. LTD.,CMR3,T5478,A+,Sparkles,Less Then 30k,South Zone,7,2022,EARRING,1
CMR3-CHANDANA BROTHERS SILKS & JEWELLERS PVT. LTD.,CMR3,T5625,A+,Sparkles,Less Then 30k,South Zone,4,2023,EARRING,1
CMR3-CHANDANA BROTHERS SILKS & JEWELLERS PVT. LTD.,CMR3,T5625,A+,Sparkles,Less Then 30k,South Zone,8,2024,EARRING,1
CMR3-CHANDANA BROTHERS SILKS & JEWELLERS PVT. LTD.,CMR3,T6311,A+,Sparkles,30k-50k,South Zone,2,2021,EARRING,1
CMR3-CHANDANA BROTHERS SILKS & JEWELLERS PVT. LTD.,CMR3,T6311,A+,Sparkles,30k-50k,South Zone,12,2019,EARRING,1
CMR3-CHANDANA BROTHERS SILKS & JEWELLERS PVT. LTD.,CMR3,T6316,A+,Sparkles,75k-100k,South Zone,5,2023,EARRING,1
CMR3-CHANDANA BROTHERS SILKS & JEWELLERS PVT. LTD.,CMR3,T6341,A+,Sparkles,75k-100k,South Zone,2,2020,EARRING,1
CMR3-CHANDANA BROTHERS SILKS & JEWELLERS PVT. LTD.,CMR3,T6353,A+,Sparkles,50k-75k,South Zone,3,2022,EARRING,1
CMR3-CHANDANA BROTHERS SILKS & JEWELLERS PVT. LTD.,CMR3,T6377,A+,Sparkles,30k-50k,South Zone,5,2023,EARRING,1
CMR3-CHANDANA BROTHERS SILKS & JEWELLERS PVT. LTD.,CMR3,T6377,A+,Sparkles,50k-75k,South Zone,5,2021,EARRING,1
CMR3-CHANDANA BROTHERS SILKS & JEWELLERS PVT. LTD.,CMR3,T6378,A+,Sparkles,Less Then 30k,South Zone,5,2024,EARRING,1
CMR3-CHANDANA BROTHERS SILKS & JEWELLERS PVT. LTD.,CMR3,T6478,A+,Sparkles,50k-75k,South Zone,9,2019,EARRING,1
CMR3-CHANDANA BROTHERS SILKS & JEWELLERS PVT. LTD.,CMR3,T6482,A+,Sparkles,30k-50k,South Zone,1,2022,EARRING,1
CMR3-CHANDANA BROTHERS SILKS & JEWELLERS PVT. LTD.,CMR3,T6488,A+,Sparkles,30k-50k,South Zone,5,2022,EARRING,1
CMR3-CHANDANA BROTHERS SILKS & JEWELLERS PVT. LTD.,CMR3,T6488,A+,Sparkles,30k-50k,South Zone,10,2022,EARRING,1
CMR3-CHANDANA BROTHERS SILKS & JEWELLERS PVT. LTD.,CMR3,T6491,A+,Sparkles,50k-75k,South Zone,2,2020,EARRING,1
CMR3-CHANDANA BROTHERS SILKS & JEWELLERS PVT. LTD.,CMR3,T6491,A+,Sparkles,50k-75k,South Zone,12,2021,EARRING,1
CMR3-CHANDANA BROTHERS SILKS & JEWELLERS PVT. LTD.,CMR3,T6495,A+,Sparkles,30k-50k,South Zone,5,2022,EARRING,1
CMR3-CHANDANA BROTHERS SILKS & JEWELLERS PVT. LTD.,CMR3,T6495,A+,Sparkles,Less Then 30k,South Zone,5,2023,EARRING,1
CMR3-CHANDANA BROTHERS SILKS & JEWELLERS PVT. LTD.,CMR3,T6495,A+,Sparkles,Less Then 30k,South Zone,8,2021,EARRING,1
CMR3-CHANDANA BROTHERS SILKS & JEWELLERS PVT. LTD.,CMR3,T6503,A+,Sparkles,Less Then 30k,South Zone,2,2026,EARRING,1
CMR3-CHANDANA BROTHERS SILKS & JEWELLERS PVT. LTD.,CMR3,T6549,A+,Sparkles,Less Then 30k,South Zone,5,2026,EARRING,1
CMR3-CHANDANA BROTHERS SILKS & JEWELLERS PVT. LTD.,CMR3,T7137,A+,Sparkles,100k-150k,South Zone,10,2021,EARRING,1
CMR3-CHANDANA BROTHERS SILKS & JEWELLERS PVT. LTD.,CMR3,T7269,A+,Sparkles,Less Then 30k,South Zone,5,2024,EARRING,1
CMR3-CHANDANA BROTHERS SILKS & JEWELLERS PVT. LTD.,CMR3,T7295,A+,Sparkles,Less Then 30k,South Zone,6,2023,EARRING,1
CMR3-CHANDANA BROTHERS SILKS & JEWELLERS PVT. LTD.,CMR3,T748,A+,Sparkles,30k-50k,South Zone,3,2021,EARRING,1
CMR3-CHANDANA BROTHERS SILKS & JEWELLERS PVT. LTD.,CMR3,T7550,A+,Sparkles,Less Then 30k,South Zone,7,2023,EARRING,1
CMR3-CHANDANA BROTHERS SILKS & JEWELLERS PVT. LTD.,CMR3,T7628,A+,Sparkles,75k-100k,South Zone,6,2023,EARRING,1
CMR3-CHANDANA BROTHERS SILKS & JEWELLERS PVT. LTD.,CMR3,T7651,A+,Sparkles,Less Then 30k,South Zone,6,2022,EARRING,1
CMR3-CHANDANA BROTHERS SILKS & JEWELLERS PVT. LTD.,CMR3,T7737,A+,Sparkles,50k-75k,South Zone,2,2023,EARRING,1
CMR3-CHANDANA BROTHERS SILKS & JEWELLERS PVT. LTD.,CMR3,T8150,A+,Sparkles,Less Then 30k,South Zone,7,2021,EARRING,1
CMR3-CHANDANA BROTHERS SILKS & JEWELLERS PVT. LTD.,CMR3,T8150,A+,Sparkles,Less Then 30k,South Zone,11,2023,EARRING,1
CMR3-CHANDANA BROTHERS SILKS & JEWELLERS PVT. LTD.,CMR3,T8208,A+,Sparkles,30k-50k,South Zone,2,2021,EARRING,1
CMR3-CHANDANA BROTHERS SILKS & JEWELLERS PVT. LTD.,CMR3,T8208,A+,Sparkles,30k-50k,South Zone,3,2023,EARRING,1
CMR3-CHANDANA BROTHERS SILKS & JEWELLERS PVT. LTD.,CMR3,T8217,A+,Sparkles,75k-100k,South Zone,3,2022,EARRING,1
CMR3-CHANDANA BROTHERS SILKS & JEWELLERS PVT. LTD.,CMR3,T8522,A+,Sparkles,50k-75k,South Zone,6,2025,EARRING,1
CMR3-CHANDANA BROTHERS SILKS & JEWELLERS PVT. LTD.,CMR3,T8530,A+,Sparkles,75k-100k,South Zone,1,2024,EARRING,1
CMR3-CHANDANA BROTHERS SILKS & JEWELLERS PVT. LTD.,CMR3,T8715,A+,Sparkles,75k-100k,South Zone,3,2022,EARRING,1
CMR3-CHANDANA BROTHERS SILKS & JEWELLERS PVT. LTD.,CMR3,T8715,A+,Sparkles,Less Then 30k,South Zone,1,2026,EARRING,1
CMR3-CHANDANA BROTHERS SILKS & JEWELLERS PVT. LTD.,CMR3,T8715,A+,Sparkles,Less Then 30k,South Zone,4,2026,EARRING,1
CMR3-CHANDANA BROTHERS SILKS & JEWELLERS PVT. LTD.,CMR3,T8715,A+,Sparkles,Less Then 30k,South Zone,8,2025,EARRING,1
CMR3-CHANDANA BROTHERS SILKS & JEWELLERS PVT. LTD.,CMR3,T8715,A+,Sparkles,Less Then 30k,South Zone,10,2024,EARRING,1
CMR3-CHANDANA BROTHERS SILKS & JEWELLERS PVT. LTD.,CMR3,T8715,A+,Sparkles,Less Then 30k,South Zone,11,2025,EARRING,1
CMR3-CHANDANA BROTHERS SILKS & JEWELLERS PVT. LTD.,CMR3,T8715,A+,Sparkles,Less Then 30k,South Zone,12,2025,EARRING,1
CMR3-CHANDANA BROTHERS SILKS & JEWELLERS PVT. LTD.,CMR3,T9285,A+,Sparkles,Less Then 30k,South Zone,11,2023,EARRING,1
CMR3-CHANDANA BROTHERS SILKS & JEWELLERS PVT. LTD.,CMR3,T9310,A+,Sparkles,Less Then 30k,South Zone,1,2022,EARRING,1
CMR3-CHANDANA BROTHERS SILKS & JEWELLERS PVT. LTD.,CMR3,T9699,A+,Sparkles,Less Then 30k,South Zone,9,2025,EARRING,1
CMR3-CHANDANA BROTHERS SILKS & JEWELLERS PVT. LTD.,CMR3,T9717,A+,Sparkles,Less Then 30k,South Zone,3,2022,EARRING,1
CMR3-CHANDANA BROTHERS SILKS & JEWELLERS PVT. LTD.,CMR3,T9982,A+,Sparkles,Less Then 30k,South Zone,2,2020,EARRING,1
CMR3-CHANDANA BROTHERS SILKS & JEWELLERS PVT. LTD.,CMR3,T9991,A+,Sparkles,30k-50k,South Zone,3,2022,EARRING,1
CMR3-CHANDANA BROTHERS SILKS & JEWELLERS PVT. LTD.,CMR3,T9991,A+,Sparkles,30k-50k,South Zone,10,2022,EARRING,1
CMR3-CHANDANA BROTHERS SILKS & JEWELLERS PVT. LTD.,CMR3,T9991,A+,Sparkles,50k-75k,South Zone,2,2020,EARRING,1
CMR3-CHANDANA BROTHERS SILKS & JEWELLERS PVT. LTD.,CMR3,TA8523,A+,Sparkles,30k-50k,South Zone,3,2022,EARRING,1
CMR3-CHANDANA BROTHERS SILKS & JEWELLERS PVT. LTD.,CMR3,TM19812,A+,Sparkles,30k-50k,South Zone,4,2026,TANMANIYA,1
CMR3-CHANDANA BROTHERS SILKS & JEWELLERS PVT. LTD.,CMR3,TN20404,A+,Sparkles,Less Then 30k,South Zone,4,2026,EARRING,1
CMR3-CHANDANA BROTHERS SILKS & JEWELLERS PVT. LTD.,CMR3,TN20405,A+,Sparkles,Less Then 30k,South Zone,3,2026,EARRING,1
CMR3-CHANDANA BROTHERS SILKS & JEWELLERS PVT. LTD.,CMR3,TN20405,A+,Sparkles,Less Then 30k,South Zone,4,2026,EARRING,2
CMR3-CHANDANA BROTHERS SILKS & JEWELLERS PVT. LTD.,CMR3,TN20409,A+,Sparkles,Less Then 30k,South Zone,5,2026,EARRING,1
CMR3-CHANDANA BROTHERS SILKS & JEWELLERS PVT. LTD.,CMR3,TN20409,A+,Sparkles,Less Then 30k,South Zone,11,2025,EARRING,1
CMR3-CHANDANA BROTHERS SILKS & JEWELLERS PVT. LTD.,CMR3,TNP2231,A+,Sparkles,Less Then 30k,South Zone,11,2025,EARRING,1
CMR3-CHANDANA BROTHERS SILKS & JEWELLERS PVT. LTD.,CMR3,TNP3261,A+,Sparkles,Less Then 30k,South Zone,11,2025,EARRING,1
CMR3-CHANDANA BROTHERS SILKS & JEWELLERS PVT. LTD.,CMR3,TNP6365,A+,Sparkles,Less Then 30k,South Zone,3,2025,NOSE PIN,1
CMR3-CHANDANA BROTHERS SILKS & JEWELLERS PVT. LTD.,CMR3,TR892,A+,Sparkles,Less Then 30k,South Zone,12,2019,EARRING,1
CMRD-CHANDANA BROTHERS TEXTILES & JEWELLERS P LTD,CMRD,AFDRE2002,B,Sparkles,30k-50k,South Zone,10,2024,RING,1
CMRD-CHANDANA BROTHERS TEXTILES & JEWELLERS P LTD,CMRD,AFDT1400,B,Sparkles,30k-50k,South Zone,6,2024,EARRING,1
CMRD-CHANDANA BROTHERS TEXTILES & JEWELLERS P LTD,CMRD,N7605,B,Sparkles,50k-75k,South Zone,12,2022,NECKLACE,1
CMRD-CHANDANA BROTHERS TEXTILES & JEWELLERS P LTD,CMRD,N8113,B,Sparkles,30k-50k,South Zone,3,2022,NECKLACE,1
CMRD-CHANDANA BROTHERS TEXTILES & JEWELLERS P LTD,CMRD,NP10912,B,Sparkles,Less Then 30k,South Zone,5,2021,NOSE PIN,1
CMRD-CHANDANA BROTHERS TEXTILES & JEWELLERS P LTD,CMRD,NP10938,B,Sparkles,Less Then 30k,South Zone,2,2023,NOSE PIN,1
CMRD-CHANDANA BROTHERS TEXTILES & JEWELLERS P LTD,CMRD,NP10938,B,Sparkles,Less Then 30k,South Zone,6,2024,NOSE PIN,1
CMRD-CHANDANA BROTHERS TEXTILES & JEWELLERS P LTD,CMRD,NP10938,B,Sparkles,Less Then 30k,South Zone,10,2023,NOSE PIN,1
CMRD-CHANDANA BROTHERS TEXTILES & JEWELLERS P LTD,CMRD,NP11014,B,Sparkles,Less Then 30k,South Zone,2,2022,NOSE PIN,1
CMRD-CHANDANA BROTHERS TEXTILES & JEWELLERS P LTD,CMRD,NP11014,B,Sparkles,Less Then 30k,South Zone,2,2023,NOSE PIN,1
CMRD-CHANDANA BROTHERS TEXTILES & JEWELLERS P LTD,CMRD,NP11014,B,Sparkles,Less Then 30k,South Zone,3,2020,NOSE PIN,1
CMRD-CHANDANA BROTHERS TEXTILES & JEWELLERS P LTD,CMRD,NP11014,B,Sparkles,Less Then 30k,South Zone,3,2021,NOSE PIN,1
CMRD-CHANDANA BROTHERS TEXTILES & JEWELLERS P LTD,CMRD,NP11015,B,Sparkles,Less Then 30k,South Zone,8,2023,NOSE PIN,1
CMRD-CHANDANA BROTHERS TEXTILES & JEWELLERS P LTD,CMRD,NP11016,B,Sparkles,Less Then 30k,South Zone,6,2020,NOSE PIN,1
CMRD-CHANDANA BROTHERS TEXTILES & JEWELLERS P LTD,CMRD,NP11017,B,Sparkles,Less Then 30k,South Zone,1,2022,NOSE PIN,2
CMRD-CHANDANA BROTHERS TEXTILES & JEWELLERS P LTD,CMRD,NP11018,B,Sparkles,Less Then 30k,South Zone,5,2021,NOSE PIN,1
CMRD-CHANDANA BROTHERS TEXTILES & JEWELLERS P LTD,CMRD,NP1102,B,Sparkles,Less Then 30k,South Zone,3,2021,NOSE PIN,1
CMRD-CHANDANA BROTHERS TEXTILES & JEWELLERS P LTD,CMRD,NP1102,B,Sparkles,Less Then 30k,South Zone,7,2021,NOSE PIN,1
CMRD-CHANDANA BROTHERS TEXTILES & JEWELLERS P LTD,CMRD,NP11020,B,Sparkles,Less Then 30k,South Zone,6,2021,NOSE PIN,1
CMRD-CHANDANA BROTHERS TEXTILES & JEWELLERS P LTD,CMRD,NP11020,B,Sparkles,Less Then 30k,South Zone,7,2022,NOSE PIN,1
CMRD-CHANDANA BROTHERS TEXTILES & JEWELLERS P LTD,CMRD,NP11020,B,Sparkles,Less Then 30k,South Zone,8,2022,NOSE PIN,1
CMRD-CHANDANA BROTHERS TEXTILES & JEWELLERS P LTD,CMRD,NP11020,B,Sparkles,Less Then 30k,South Zone,10,2022,NOSE PIN,1
CMRD-CHANDANA BROTHERS TEXTILES & JEWELLERS P LTD,CMRD,NP11022,B,Sparkles,Less Then 30k,South Zone,1,2023,NOSE PIN,1
CMRD-CHANDANA BROTHERS TEXTILES & JEWELLERS P LTD,CMRD,NP11022,B,Sparkles,Less Then 30k,South Zone,2,2021,NOSE PIN,1
CMRD-CHANDANA BROTHERS TEXTILES & JEWELLERS P LTD,CMRD,NP11484,B,Sparkles,Less Then 30k,South Zone,2,2023,NOSE PIN,1
CMRD-CHANDANA BROTHERS TEXTILES & JEWELLERS P LTD,CMRD,NP11754,B,Sparkles,Less Then 30k,South Zone,8,2023,NOSE PIN,1
CMRD-CHANDANA BROTHERS TEXTILES & JEWELLERS P LTD,CMRD,NP13651,B,Sparkles,Less Then 30k,South Zone,4,2024,NOSE PIN,1
CMRD-CHANDANA BROTHERS TEXTILES & JEWELLERS P LTD,CMRD,NP1487,B,Sparkles,Less Then 30k,South Zone,1,2022,NOSE PIN,1
CMRD-CHANDANA BROTHERS TEXTILES & JEWELLERS P LTD,CMRD,NP1488,B,Sparkles,Less Then 30k,South Zone,10,2023,NOSE PIN,1
CMRD-CHANDANA BROTHERS TEXTILES & JEWELLERS P LTD,CMRD,NP1495,B,Sparkles,Less Then 30k,South Zone,7,2021,NOSE PIN,1
CMRD-CHANDANA BROTHERS TEXTILES & JEWELLERS P LTD,CMRD,NP1495,B,Sparkles,Less Then 30k,South Zone,10,2022,NOSE PIN,1
CMRD-CHANDANA BROTHERS TEXTILES & JEWELLERS P LTD,CMRD,NP1754,B,Sparkles,Less Then 30k,South Zone,8,2023,NOSE PIN,1
CMRD-CHANDANA BROTHERS TEXTILES & JEWELLERS P LTD,CMRD,NP1873,B,Sparkles,Less Then 30k,South Zone,5,2024,NOSE PIN,1
CMRD-CHANDANA BROTHERS TEXTILES & JEWELLERS P LTD,CMRD,NP1876,B,Sparkles,Less Then 30k,South Zone,7,2024,NOSE PIN,1
CMRD-CHANDANA BROTHERS TEXTILES & JEWELLERS P LTD,CMRD,NP1876,B,Sparkles,Less Then 30k,South Zone,9,2024,NOSE PIN,1
CMRD-CHANDANA BROTHERS TEXTILES & JEWELLERS P LTD,CMRD,NP1876,B,Sparkles,Less Then 30k,South Zone,10,2024,NOSE PIN,2
CMRD-CHANDANA BROTHERS TEXTILES & JEWELLERS P LTD,CMRD,NP1876,B,Sparkles,Less Then 30k,South Zone,11,2024,NOSE PIN,2
CMRD-CHANDANA BROTHERS TEXTILES & JEWELLERS P LTD,CMRD,NP1877,B,Sparkles,Less Then 30k,South Zone,11,2024,NOSE PIN,1
CMRD-CHANDANA BROTHERS TEXTILES & JEWELLERS P LTD,CMRD,NP1878,B,Sparkles,Less Then 30k,South Zone,5,2024,NOSE PIN,1
CMRD-CHANDANA BROTHERS TEXTILES & JEWELLERS P LTD,CMRD,NP1878,B,Sparkles,Less Then 30k,South Zone,6,2024,NOSE PIN,1
CMRD-CHANDANA BROTHERS TEXTILES & JEWELLERS P LTD,CMRD,NP1878,B,Sparkles,Less Then 30k,South Zone,7,2024,NOSE PIN,1
CMRD-CHANDANA BROTHERS TEXTILES & JEWELLERS P LTD,CMRD,NP1879,B,Sparkles,Less Then 30k,South Zone,1,2024,NOSE PIN,1
CMRD-CHANDANA BROTHERS TEXTILES & JEWELLERS P LTD,CMRD,NP1879,B,Sparkles,Less Then 30k,South Zone,2,2024,NOSE PIN,4
CMRD-CHANDANA BROTHERS TEXTILES & JEWELLERS P LTD,CMRD,NP1879,B,Sparkles,Less Then 30k,South Zone,3,2024,NOSE PIN,3
CMRD-CHANDANA BROTHERS TEXTILES & JEWELLERS P LTD,CMRD,NP1879,B,Sparkles,Less Then 30k,South Zone,8,2024,NOSE PIN,5
CMRD-CHANDANA BROTHERS TEXTILES & JEWELLERS P LTD,CMRD,NP1879,B,Sparkles,Less Then 30k,South Zone,10,2024,NOSE PIN,2
CMRD-CHANDANA BROTHERS TEXTILES & JEWELLERS P LTD,CMRD,NP1880,B,Sparkles,Less Then 30k,South Zone,2,2024,NOSE PIN,1
CMRD-CHANDANA BROTHERS TEXTILES & JEWELLERS P LTD,CMRD,NP1880,B,Sparkles,Less Then 30k,South Zone,3,2024,NOSE PIN,2
CMRD-CHANDANA BROTHERS TEXTILES & JEWELLERS P LTD,CMRD,NP1880,B,Sparkles,Less Then 30k,South Zone,4,2024,NOSE PIN,1
CMRD-CHANDANA BROTHERS TEXTILES & JEWELLERS P LTD,CMRD,NP1880,B,Sparkles,Less Then 30k,South Zone,5,2024,NOSE PIN,2
CMRD-CHANDANA BROTHERS TEXTILES & JEWELLERS P LTD,CMRD,NP1880,B,Sparkles,Less Then 30k,South Zone,6,2024,NOSE PIN,1
CMRD-CHANDANA BROTHERS TEXTILES & JEWELLERS P LTD,CMRD,NP1881,B,Sparkles,Less Then 30k,South Zone,5,2024,NOSE PIN,1
CMRD-CHANDANA BROTHERS TEXTILES & JEWELLERS P LTD,CMRD,NP1881,B,Sparkles,Less Then 30k,South Zone,6,2024,NOSE PIN,3
CMRD-CHANDANA BROTHERS TEXTILES & JEWELLERS P LTD,CMRD,NP1882,B,Sparkles,Less Then 30k,South Zone,7,2024,NOSE PIN,2
CMRD-CHANDANA BROTHERS TEXTILES & JEWELLERS P LTD,CMRD,NP1882,B,Sparkles,Less Then 30k,South Zone,8,2024,NOSE PIN,4
CMRD-CHANDANA BROTHERS TEXTILES & JEWELLERS P LTD,CMRD,NP1882,B,Sparkles,Less Then 30k,South Zone,9,2024,NOSE PIN,2
CMRD-CHANDANA BROTHERS TEXTILES & JEWELLERS P LTD,CMRD,NP1882,B,Sparkles,Less Then 30k,South Zone,10,2024,NOSE PIN,2
CMRD-CHANDANA BROTHERS TEXTILES & JEWELLERS P LTD,CMRD,NP1882,B,Sparkles,Less Then 30k,South Zone,11,2024,NOSE PIN,1
CMRD-CHANDANA BROTHERS TEXTILES & JEWELLERS P LTD,CMRD,NP1884,B,Sparkles,Less Then 30k,South Zone,5,2024,NOSE PIN,2
CMRD-CHANDANA BROTHERS TEXTILES & JEWELLERS P LTD,CMRD,NP20507,B,Sparkles,Less Then 30k,South Zone,1,2025,NOSE PIN,2
CMRD-CHANDANA BROTHERS TEXTILES & JEWELLERS P LTD,CMRD,NP20507,B,Sparkles,Less Then 30k,South Zone,9,2024,NOSE PIN,2
CMRD-CHANDANA BROTHERS TEXTILES & JEWELLERS P LTD,CMRD,NP20507,B,Sparkles,Less Then 30k,South Zone,12,2024,NOSE PIN,2
CMRD-CHANDANA BROTHERS TEXTILES & JEWELLERS P LTD,CMRD,NP21754,B,Sparkles,Less Then 30k,South Zone,10,2024,NOSE PIN,2
CMRD-CHANDANA BROTHERS TEXTILES & JEWELLERS P LTD,CMRD,NP21754,B,Sparkles,Less Then 30k,South Zone,12,2024,NOSE PIN,2
CMRD-CHANDANA BROTHERS TEXTILES & JEWELLERS P LTD,CMRD,NP2231,B,Sparkles,Less Then 30k,South Zone,1,2025,NOSE PIN,1
CMRD-CHANDANA BROTHERS TEXTILES & JEWELLERS P LTD,CMRD,NP2231,B,Sparkles,Less Then 30k,South Zone,3,2022,NOSE PIN,1
CMRD-CHANDANA BROTHERS TEXTILES & JEWELLERS P LTD,CMRD,NP2231,B,Sparkles,Less Then 30k,South Zone,9,2024,NOSE PIN,1
CMRD-CHANDANA BROTHERS TEXTILES & JEWELLERS P LTD,CMRD,NP2231,B,Sparkles,Less Then 30k,South Zone,10,2024,NOSE PIN,2
CMRD-CHANDANA BROTHERS TEXTILES & JEWELLERS P LTD,CMRD,NP2231,B,Sparkles,Less Then 30k,South Zone,11,2024,NOSE PIN,4
CMRD-CHANDANA BROTHERS TEXTILES & JEWELLERS P LTD,CMRD,NP2231,B,Sparkles,Less Then 30k,South Zone,12,2024,NOSE PIN,3
CMRD-CHANDANA BROTHERS TEXTILES & JEWELLERS P LTD,CMRD,NP2432,B,Sparkles,Less Then 30k,South Zone,8,2023,NOSE PIN,1
CMRD-CHANDANA BROTHERS TEXTILES & JEWELLERS P LTD,CMRD,NP3261,B,Sparkles,Less Then 30k,South Zone,2,2021,NOSE PIN,1
CMRD-CHANDANA BROTHERS TEXTILES & JEWELLERS P LTD,CMRD,NP3261,B,Sparkles,Less Then 30k,South Zone,3,2020,NOSE PIN,1
CMRD-CHANDANA BROTHERS TEXTILES & JEWELLERS P LTD,CMRD,NP3281,B,Sparkles,Less Then 30k,South Zone,2,2020,NOSE PIN,1
CMRD-CHANDANA BROTHERS TEXTILES & JEWELLERS P LTD,CMRD,NP3290,B,Sparkles,Less Then 30k,South Zone,9,2022,NOSE PIN,2
CMRD-CHANDANA BROTHERS TEXTILES & JEWELLERS P LTD,CMRD,NP3290,B,Sparkles,Less Then 30k,South Zone,11,2021,NOSE PIN,1
CMRD-CHANDANA BROTHERS TEXTILES & JEWELLERS P LTD,CMRD,NP3596,B,Sparkles,Less Then 30k,South Zone,9,2021,NOSE PIN,1
CMRD-CHANDANA BROTHERS TEXTILES & JEWELLERS P LTD,CMRD,NP4706,B,Sparkles,Less Then 30k,South Zone,5,2024,NOSE PIN,1
CMRD-CHANDANA BROTHERS TEXTILES & JEWELLERS P LTD,CMRD,NP4706,B,Sparkles,Less Then 30k,South Zone,6,2021,NOSE PIN,1
CMRD-CHANDANA BROTHERS TEXTILES & JEWELLERS P LTD,CMRD,NP4706,B,Sparkles,Less Then 30k,South Zone,10,2022,NOSE PIN,1
CMRD-CHANDANA BROTHERS TEXTILES & JEWELLERS P LTD,CMRD,NP515,B,Sparkles,Less Then 30k,South Zone,3,2021,NOSE PIN,1
CMRD-CHANDANA BROTHERS TEXTILES & JEWELLERS P LTD,CMRD,NP515,B,Sparkles,Less Then 30k,South Zone,12,2023,NOSE PIN,1
CMRD-CHANDANA BROTHERS TEXTILES & JEWELLERS P LTD,CMRD,NP547,B,Sparkles,Less Then 30k,South Zone,8,2024,NOSE PIN,1
CMRD-CHANDANA BROTHERS TEXTILES & JEWELLERS P LTD,CMRD,NP551,B,Sparkles,Less Then 30k,South Zone,5,2024,NOSE PIN,1
CMRD-CHANDANA BROTHERS TEXTILES & JEWELLERS P LTD,CMRD,NP551,B,Sparkles,Less Then 30k,South Zone,11,2023,NOSE PIN,1
CMRD-CHANDANA BROTHERS TEXTILES & JEWELLERS P LTD,CMRD,NP7231,B,Sparkles,Less Then 30k,South Zone,2,2021,NOSE PIN,1
CMRD-CHANDANA BROTHERS TEXTILES & JEWELLERS P LTD,CMRD,NP7924,B,Sparkles,Less Then 30k,South Zone,1,2022,NOSE PIN,1
CMRD-CHANDANA BROTHERS TEXTILES & JEWELLERS P LTD,CMRD,NP7925,B,Sparkles,Less Then 30k,South Zone,9,2021,NOSE PIN,1
CMRD-CHANDANA BROTHERS TEXTILES & JEWELLERS P LTD,CMRD,NP7950,B,Sparkles,Less Then 30k,South Zone,1,2022,NOSE PIN,1
CMRD-CHANDANA BROTHERS TEXTILES & JEWELLERS P LTD,CMRD,NP7950,B,Sparkles,Less Then 30k,South Zone,7,2024,NOSE PIN,1
CMRD-CHANDANA BROTHERS TEXTILES & JEWELLERS P LTD,CMRD,NP7950,B,Sparkles,Less Then 30k,South Zone,8,2024,NOSE PIN,4
CMRD-CHANDANA BROTHERS TEXTILES & JEWELLERS P LTD,CMRD,NP7950,B,Sparkles,Less Then 30k,South Zone,9,2024,NOSE PIN,1
CMRD-CHANDANA BROTHERS TEXTILES & JEWELLERS P LTD,CMRD,NP7950,B,Sparkles,Less Then 30k,South Zone,12,2024,NOSE PIN,1
CMRD-CHANDANA BROTHERS TEXTILES & JEWELLERS P LTD,CMRD,NP7951,B,Sparkles,Less Then 30k,South Zone,2,2021,NOSE PIN,2
CMRD-CHANDANA BROTHERS TEXTILES & JEWELLERS P LTD,CMRD,NP7951,B,Sparkles,Less Then 30k,South Zone,3,2020,NOSE PIN,1
CMRD-CHANDANA BROTHERS TEXTILES & JEWELLERS P LTD,CMRD,NP7951,B,Sparkles,Less Then 30k,South Zone,3,2022,NOSE PIN,1
CMRD-CHANDANA BROTHERS TEXTILES & JEWELLERS P LTD,CMRD,NP7952,B,Sparkles,Less Then 30k,South Zone,1,2022,NOSE PIN,1
CMRD-CHANDANA BROTHERS TEXTILES & JEWELLERS P LTD,CMRD,NP850,B,Sparkles,Less Then 30k,South Zone,2,2023,NOSE PIN,2
CMRD-CHANDANA BROTHERS TEXTILES & JEWELLERS P LTD,CMRD,NP8516,B,Sparkles,Less Then 30k,South Zone,6,2022,NOSE PIN,1
CMRD-CHANDANA BROTHERS TEXTILES & JEWELLERS P LTD,CMRD,NP8516,B,Sparkles,Less Then 30k,South Zone,10,2024,NOSE PIN,2
CMRD-CHANDANA BROTHERS TEXTILES & JEWELLERS P LTD,CMRD,NP8516,B,Sparkles,Less Then 30k,South Zone,11,2024,NOSE PIN,4
CMRD-CHANDANA BROTHERS TEXTILES & JEWELLERS P LTD,CMRD,NP863,B,Sparkles,Less Then 30k,South Zone,2,2022,NOSE PIN,1
CMRD-CHANDANA BROTHERS TEXTILES & JEWELLERS P LTD,CMRD,NPA1754,B,Sparkles,Less Then 30k,South Zone,6,2020,NOSE PIN,1
CMRD-CHANDANA BROTHERS TEXTILES & JEWELLERS P LTD,CMRD,NPB273,B,Sparkles,Less Then 30k,South Zone,1,2022,NOSE PIN,2
CMRD-CHANDANA BROTHERS TEXTILES & JEWELLERS P LTD,CMRD,NPB273,B,Sparkles,Less Then 30k,South Zone,6,2021,NOSE PIN,1
CMRD-CHANDANA BROTHERS TEXTILES & JEWELLERS P LTD,CMRD,NPMU2,B,Sparkles,Less Then 30k,South Zone,1,2023,NOSE PIN,1
CMRD-CHANDANA BROTHERS TEXTILES & JEWELLERS P LTD,CMRD,NPMU2,B,Sparkles,Less Then 30k,South Zone,2,2021,NOSE PIN,1
CMRD-CHANDANA BROTHERS TEXTILES & JEWELLERS P LTD,CMRD,NPMU2,B,Sparkles,Less Then 30k,South Zone,5,2021,NOSE PIN,1
CMRD-CHANDANA BROTHERS TEXTILES & JEWELLERS P LTD,CMRD,NPMU2,B,Sparkles,Less Then 30k,South Zone,5,2022,NOSE PIN,1
CMRD-CHANDANA BROTHERS TEXTILES & JEWELLERS P LTD,CMRD,NPMU2,B,Sparkles,Less Then 30k,South Zone,8,2021,NOSE PIN,1
CMRD-CHANDANA BROTHERS TEXTILES & JEWELLERS P LTD,CMRD,NPMU2,B,Sparkles,Less Then 30k,South Zone,9,2021,NOSE PIN,1
CMRD-CHANDANA BROTHERS TEXTILES & JEWELLERS P LTD,CMRD,NPMU2,B,Sparkles,Less Then 30k,South Zone,10,2021,NOSE PIN,2
CMRD-CHANDANA BROTHERS TEXTILES & JEWELLERS P LTD,CMRD,NPMU2,B,Sparkles,Less Then 30k,South Zone,11,2021,NOSE PIN,1
CMRD-CHANDANA BROTHERS TEXTILES & JEWELLERS P LTD,CMRD,NPMU3,B,Sparkles,Less Then 30k,South Zone,8,2022,NOSE PIN,3
CMRD-CHANDANA BROTHERS TEXTILES & JEWELLERS P LTD,CMRD,NPMU3,B,Sparkles,Less Then 30k,South Zone,9,2022,NOSE PIN,1
CMRD-CHANDANA BROTHERS TEXTILES & JEWELLERS P LTD,CMRD,NPMU3,B,Sparkles,Less Then 30k,South Zone,12,2022,NOSE PIN,1
CMRD-CHANDANA BROTHERS TEXTILES & JEWELLERS P LTD,CMRD,NPMU3,B,Sparkles,Less Then 30k,South Zone,12,2023,NOSE PIN,1
CMRD-CHANDANA BROTHERS TEXTILES & JEWELLERS P LTD,CMRD,NPMU4,B,Sparkles,Less Then 30k,South Zone,10,2022,NOSE PIN,2
CMRD-CHANDANA BROTHERS TEXTILES & JEWELLERS P LTD,CMRD,NPMU545,B,Sparkles,Less Then 30k,South Zone,3,2022,NOSE PIN,1
CMRD-CHANDANA BROTHERS TEXTILES & JEWELLERS P LTD,CMRD,NPMU545,B,Sparkles,Less Then 30k,South Zone,5,2022,NOSE PIN,1
CMRD-CHANDANA BROTHERS TEXTILES & JEWELLERS P LTD,CMRD,NPMU545,B,Sparkles,Less Then 30k,South Zone,10,2021,NOSE PIN,1
CMRD-CHANDANA BROTHERS TEXTILES & JEWELLERS P LTD,CMRD,NPMU545,B,Sparkles,Less Then 30k,South Zone,11,2021,NOSE PIN,2
CMRD-CHANDANA BROTHERS TEXTILES & JEWELLERS P LTD,CMRD,P10574,B,Sparkles,Less Then 30k,South Zone,2,2023,PENDANT,1
CMRD-CHANDANA BROTHERS TEXTILES & JEWELLERS P LTD,CMRD,P1300,B,Sparkles,Less Then 30k,South Zone,4,2022,PENDANT,1
CMRD-CHANDANA BROTHERS TEXTILES & JEWELLERS P LTD,CMRD,P221,B,Sparkles,Less Then 30k,South Zone,6,2023,PENDANT,1
CMRD-CHANDANA BROTHERS TEXTILES & JEWELLERS P LTD,CMRD,P515,B,Sparkles,Less Then 30k,South Zone,6,2022,PENDANT,1
CMRD-CHANDANA BROTHERS TEXTILES & JEWELLERS P LTD,CMRD,P8714,B,Sparkles,Less Then 30k,South Zone,11,2023,PENDANT,1
CMRD-CHANDANA BROTHERS TEXTILES & JEWELLERS P LTD,CMRD,R10383,B,Sparkles,Less Then 30k,South Zone,10,2024,RING,1
CMRD-CHANDANA BROTHERS TEXTILES & JEWELLERS P LTD,CMRD,R12375,B,Sparkles,30k-50k,South Zone,12,2024,RING,1
CMRD-CHANDANA BROTHERS TEXTILES & JEWELLERS P LTD,CMRD,R14184,B,Sparkles,Less Then 30k,South Zone,12,2024,RING,1
CMRD-CHANDANA BROTHERS TEXTILES & JEWELLERS P LTD,CMRD,R2246,B,Sparkles,30k-50k,South Zone,10,2023,RING,1
CMRD-CHANDANA BROTHERS TEXTILES & JEWELLERS P LTD,CMRD,R2388,B,Sparkles,100k-150k,South Zone,3,2021,RING,1
CMRD-CHANDANA BROTHERS TEXTILES & JEWELLERS P LTD,CMRD,R2476,B,Sparkles,Less Then 30k,South Zone,8,2023,RING,1
CMRD-CHANDANA BROTHERS TEXTILES & JEWELLERS P LTD,CMRD,R395,B,Sparkles,30k-50k,South Zone,3,2023,RING,1
CMRD-CHANDANA BROTHERS TEXTILES & JEWELLERS P LTD,CMRD,R425,B,Sparkles,Less Then 30k,South Zone,7,2022,RING,1
CMRD-CHANDANA BROTHERS TEXTILES & JEWELLERS P LTD,CMRD,R4678,B,Sparkles,30k-50k,South Zone,5,2022,RING,1
CMRD-CHANDANA BROTHERS TEXTILES & JEWELLERS P LTD,CMRD,R4678,B,Sparkles,75k-100k,South Zone,9,2021,RING,1
CMRD-CHANDANA BROTHERS TEXTILES & JEWELLERS P LTD,CMRD,R50044,B,Sparkles,Less Then 30k,South Zone,5,2022,RING,1
CMRD-CHANDANA BROTHERS TEXTILES & JEWELLERS P LTD,CMRD,R5251,B,Sparkles,Less Then 30k,South Zone,5,2023,RING,1
CMRD-CHANDANA BROTHERS TEXTILES & JEWELLERS P LTD,CMRD,R5399,B,Sparkles,30k-50k,South Zone,11,2021,RING,1
CMRD-CHANDANA BROTHERS TEXTILES & JEWELLERS P LTD,CMRD,R5399,B,Sparkles,Less Then 30k,South Zone,3,2021,RING,1
CMRD-CHANDANA BROTHERS TEXTILES & JEWELLERS P LTD,CMRD,R5561,B,Sparkles,30k-50k,South Zone,12,2021,RING,1
CMRD-CHANDANA BROTHERS TEXTILES & JEWELLERS P LTD,CMRD,R5575,B,Sparkles,30k-50k,South Zone,1,2024,RING,1
CMRD-CHANDANA BROTHERS TEXTILES & JEWELLERS P LTD,CMRD,R5600,B,Sparkles,Less Then 30k,South Zone,5,2022,RING,1
CMRD-CHANDANA BROTHERS TEXTILES & JEWELLERS P LTD,CMRD,R5635,B,Sparkles,50k-75k,South Zone,8,2022,RING,1
CMRD-CHANDANA BROTHERS TEXTILES & JEWELLERS P LTD,CMRD,R5807,B,Sparkles,50k-75k,South Zone,11,2023,RING,1
CMRD-CHANDANA BROTHERS TEXTILES & JEWELLERS P LTD,CMRD,R634,B,Sparkles,Less Then 30k,South Zone,1,2024,RING,1
CMRD-CHANDANA BROTHERS TEXTILES & JEWELLERS P LTD,CMRD,R7203,B,Sparkles,30k-50k,South Zone,11,2022,RING,1
CMRD-CHANDANA BROTHERS TEXTILES & JEWELLERS P LTD,CMRD,R722,B,Sparkles,Less Then 30k,South Zone,11,2022,RING,1
CMRD-CHANDANA BROTHERS TEXTILES & JEWELLERS P LTD,CMRD,R7231,B,Sparkles,30k-50k,South Zone,2,2021,RING,1
CMRD-CHANDANA BROTHERS TEXTILES & JEWELLERS P LTD,CMRD,R7231,B,Sparkles,Less Then 30k,South Zone,7,2024,RING,1
CMRD-CHANDANA BROTHERS TEXTILES & JEWELLERS P LTD,CMRD,R7231,B,Sparkles,Less Then 30k,South Zone,11,2023,RING,1
CMRD-CHANDANA BROTHERS TEXTILES & JEWELLERS P LTD,CMRD,R7289,B,Sparkles,Less Then 30k,South Zone,7,2022,RING,1
CMRD-CHANDANA BROTHERS TEXTILES & JEWELLERS P LTD,CMRD,R7368,B,Sparkles,75k-100k,South Zone,2,2022,RING,1
CMRD-CHANDANA BROTHERS TEXTILES & JEWELLERS P LTD,CMRD,R7532,B,Sparkles,30k-50k,South Zone,2,2021,RING,1
CMRD-CHANDANA BROTHERS TEXTILES & JEWELLERS P LTD,CMRD,R7532,B,Sparkles,30k-50k,South Zone,5,2023,RING,1
CMRD-CHANDANA BROTHERS TEXTILES & JEWELLERS P LTD,CMRD,R7801,B,Sparkles,Less Then 30k,South Zone,1,2024,RING,1
CMRD-CHANDANA BROTHERS TEXTILES & JEWELLERS P LTD,CMRD,R7801,B,Sparkles,Less Then 30k,South Zone,11,2022,RING,1
CMRD-CHANDANA BROTHERS TEXTILES & JEWELLERS P LTD,CMRD,R7835,B,Sparkles,Less Then 30k,South Zone,2,2022,RING,1
CMRD-CHANDANA BROTHERS TEXTILES & JEWELLERS P LTD,CMRD,R7837,B,Sparkles,Less Then 30k,South Zone,1,2024,RING,1
CMRD-CHANDANA BROTHERS TEXTILES & JEWELLERS P LTD,CMRD,R822,B,Sparkles,Less Then 30k,South Zone,6,2021,RING,1
CMRD-CHANDANA BROTHERS TEXTILES & JEWELLERS P LTD,CMRD,R8602,B,Sparkles,Less Then 30k,South Zone,3,2024,RING,1
CMRD-CHANDANA BROTHERS TEXTILES & JEWELLERS P LTD,CMRD,R8602,B,Sparkles,Less Then 30k,South Zone,5,2022,RING,1
CMRD-CHANDANA BROTHERS TEXTILES & JEWELLERS P LTD,CMRD,R8602,B,Sparkles,Less Then 30k,South Zone,12,2022,RING,1
CMRD-CHANDANA BROTHERS TEXTILES & JEWELLERS P LTD,CMRD,R8607,B,Sparkles,Less Then 30k,South Zone,10,2022,RING,1
CMRD-CHANDANA BROTHERS TEXTILES & JEWELLERS P LTD,CMRD,R8612,B,Sparkles,Less Then 30k,South Zone,4,2023,RING,1
CMRD-CHANDANA BROTHERS TEXTILES & JEWELLERS P LTD,CMRD,R8612,B,Sparkles,Less Then 30k,South Zone,8,2024,RING,1
CMRD-CHANDANA BROTHERS TEXTILES & JEWELLERS P LTD,CMRD,R8796,B,Sparkles,Less Then 30k,South Zone,5,2021,RING,1
CMRD-CHANDANA BROTHERS TEXTILES & JEWELLERS P LTD,CMRD,R8963,B,Sparkles,30k-50k,South Zone,6,2024,RING,1
CMRD-CHANDANA BROTHERS TEXTILES & JEWELLERS P LTD,CMRD,RMU30,B,Sparkles,Less Then 30k,South Zone,2,2023,NOSE PIN,1
CMRD-CHANDANA BROTHERS TEXTILES & JEWELLERS P LTD,CMRD,RMU30,B,Sparkles,Less Then 30k,South Zone,11,2022,NOSE PIN,2
CMRD-CHANDANA BROTHERS TEXTILES & JEWELLERS P LTD,CMRD,SMNP484,B,Sparkles,Less Then 30k,South Zone,4,2022,NOSE PIN,1
CMRD-CHANDANA BROTHERS TEXTILES & JEWELLERS P LTD,CMRD,SMNP494,B,Sparkles,Less Then 30k,South Zone,6,2023,NOSE PIN,1
CMRD-CHANDANA BROTHERS TEXTILES & JEWELLERS P LTD,CMRD,SMNP496,B,Sparkles,Less Then 30k,South Zone,5,2022,NOSE PIN,1
CMRD-CHANDANA BROTHERS TEXTILES & JEWELLERS P LTD,CMRD,SMNP496,B,Sparkles,Less Then 30k,South Zone,10,2022,NOSE PIN,1
CMRD-CHANDANA BROTHERS TEXTILES & JEWELLERS P LTD,CMRD,SMNP496,B,Sparkles,Less Then 30k,South Zone,11,2022,NOSE PIN,2
CMRD-CHANDANA BROTHERS TEXTILES & JEWELLERS P LTD,CMRD,SMNP496,B,Sparkles,Less Then 30k,South Zone,12,2022,NOSE PIN,1
CMRD-CHANDANA BROTHERS TEXTILES & JEWELLERS P LTD,CMRD,SMNP497,B,Sparkles,Less Then 30k,South Zone,3,2023,NOSE PIN,1
CMRD-CHANDANA BROTHERS TEXTILES & JEWELLERS P LTD,CMRD,SMNP497,B,Sparkles,Less Then 30k,South Zone,5,2023,NOSE PIN,1
CMRD-CHANDANA BROTHERS TEXTILES & JEWELLERS P LTD,CMRD,SMNP497,B,Sparkles,Less Then 30k,South Zone,6,2022,NOSE PIN,1
CMRD-CHANDANA BROTHERS TEXTILES & JEWELLERS P LTD,CMRD,SMNP497,B,Sparkles,Less Then 30k,South Zone,7,2023,NOSE PIN,1
CMRD-CHANDANA BROTHERS TEXTILES & JEWELLERS P LTD,CMRD,SMNP498,B,Sparkles,Less Then 30k,South Zone,3,2022,NOSE PIN,1
CMRD-CHANDANA BROTHERS TEXTILES & JEWELLERS P LTD,CMRD,SMNP498,B,Sparkles,Less Then 30k,South Zone,5,2022,NOSE PIN,1
CMRD-CHANDANA BROTHERS TEXTILES & JEWELLERS P LTD,CMRD,SMNP501,B,Sparkles,Less Then 30k,South Zone,2,2022,NOSE PIN,1
CMRD-CHANDANA BROTHERS TEXTILES & JEWELLERS P LTD,CMRD,SMNP501,B,Sparkles,Less Then 30k,South Zone,5,2023,NOSE PIN,1
CMRD-CHANDANA BROTHERS TEXTILES & JEWELLERS P LTD,CMRD,SMNP529,B,Sparkles,Less Then 30k,South Zone,4,2023,NOSE PIN,1
CMRD-CHANDANA BROTHERS TEXTILES & JEWELLERS P LTD,CMRD,SMNP532,B,Sparkles,Less Then 30k,South Zone,2,2022,NOSE PIN,1
CMRD-CHANDANA BROTHERS TEXTILES & JEWELLERS P LTD,CMRD,SMNP532,B,Sparkles,Less Then 30k,South Zone,5,2023,NOSE PIN,1
CMRD-CHANDANA BROTHERS TEXTILES & JEWELLERS P LTD,CMRD,SMNP541,B,Sparkles,Less Then 30k,South Zone,5,2023,NOSE PIN,1
CMRD-CHANDANA BROTHERS TEXTILES & JEWELLERS P LTD,CMRD,SMR237,B,Sparkles,Less Then 30k,South Zone,10,2021,RING,1
CMRD-CHANDANA BROTHERS TEXTILES & JEWELLERS P LTD,CMRD,SMR347,B,Sparkles,30k-50k,South Zone,2,2024,RING,1
CMRD-CHANDANA BROTHERS TEXTILES & JEWELLERS P LTD,CMRD,SMT364,B,Sparkles,Less Then 30k,South Zone,7,2022,EARRING,1
CMRD-CHANDANA BROTHERS TEXTILES & JEWELLERS P LTD,CMRD,SMT364,B,Sparkles,Less Then 30k,South Zone,10,2022,EARRING,1
CMRD-CHANDANA BROTHERS TEXTILES & JEWELLERS P LTD,CMRD,SMT370,B,Sparkles,Less Then 30k,South Zone,12,2022,EARRING,1
CMRD-CHANDANA BROTHERS TEXTILES & JEWELLERS P LTD,CMRD,SMT376,B,Sparkles,Less Then 30k,South Zone,9,2023,EARRING,1
CMRD-CHANDANA BROTHERS TEXTILES & JEWELLERS P LTD,CMRD,SMT383,B,Sparkles,Less Then 30k,South Zone,3,2024,EARRING,1
CMRD-CHANDANA BROTHERS TEXTILES & JEWELLERS P LTD,CMRD,SMT407,B,Sparkles,Less Then 30k,South Zone,9,2023,EARRING,1
CMRD-CHANDANA BROTHERS TEXTILES & JEWELLERS P LTD,CMRD,SMT414,B,Sparkles,Less Then 30k,South Zone,11,2021,EARRING,1
CMRD-CHANDANA BROTHERS TEXTILES & JEWELLERS P LTD,CMRD,SMT415,B,Sparkles,Less Then 30k,South Zone,11,2023,EARRING,1
CMRD-CHANDANA BROTHERS TEXTILES & JEWELLERS P LTD,CMRD,SMT415,B,Sparkles,Less Then 30k,South Zone,12,2023,EARRING,1
CMRD-CHANDANA BROTHERS TEXTILES & JEWELLERS P LTD,CMRD,SMT429,B,Sparkles,Less Then 30k,South Zone,9,2022,EARRING,1
CMRD-CHANDANA BROTHERS TEXTILES & JEWELLERS P LTD,CMRD,T10130,B,Sparkles,Less Then 30k,South Zone,4,2022,EARRING,1
CMRD-CHANDANA BROTHERS TEXTILES & JEWELLERS P LTD,CMRD,T10133,B,Sparkles,30k-50k,South Zone,3,2022,EARRING,1
CMRD-CHANDANA BROTHERS TEXTILES & JEWELLERS P LTD,CMRD,T10134,B,Sparkles,Less Then 30k,South Zone,9,2022,EARRING,1
CMRD-CHANDANA BROTHERS TEXTILES & JEWELLERS P LTD,CMRD,T10187,B,Sparkles,Less Then 30k,South Zone,12,2022,EARRING,1
CMRD-CHANDANA BROTHERS TEXTILES & JEWELLERS P LTD,CMRD,T10401,B,Sparkles,30k-50k,South Zone,12,2021,EARRING,1
CMRD-CHANDANA BROTHERS TEXTILES & JEWELLERS P LTD,CMRD,T12126,B,Sparkles,30k-50k,South Zone,2,2023,EARRING,1
CMRD-CHANDANA BROTHERS TEXTILES & JEWELLERS P LTD,CMRD,T13646,B,Sparkles,50k-75k,South Zone,11,2023,EARRING,1
CMRD-CHANDANA BROTHERS TEXTILES & JEWELLERS P LTD,CMRD,T17656,B,Sparkles,30k-50k,South Zone,2,2024,EARRING,1
CMRD-CHANDANA BROTHERS TEXTILES & JEWELLERS P LTD,CMRD,T17797,B,Sparkles,30k-50k,South Zone,3,2024,EARRING,1
CMRD-CHANDANA BROTHERS TEXTILES & JEWELLERS P LTD,CMRD,T18030,B,Sparkles,30k-50k,South Zone,8,2024,EARRING,1
CMRD-CHANDANA BROTHERS TEXTILES & JEWELLERS P LTD,CMRD,T18555,B,Sparkles,Less Then 30k,South Zone,10,2024,EARRING,1
CMRD-CHANDANA BROTHERS TEXTILES & JEWELLERS P LTD,CMRD,T18555,B,Sparkles,Less Then 30k,South Zone,11,2024,EARRING,1
CMRD-CHANDANA BROTHERS TEXTILES & JEWELLERS P LTD,CMRD,T18657,B,Sparkles,30k-50k,South Zone,10,2024,EARRING,1
CMRD-CHANDANA BROTHERS TEXTILES & JEWELLERS P LTD,CMRD,T18659,B,Sparkles,Less Then 30k,South Zone,8,2024,EARRING,1
CMRD-CHANDANA BROTHERS TEXTILES & JEWELLERS P LTD,CMRD,T18661,B,Sparkles,30k-50k,South Zone,9,2024,EARRING,1
CMRD-CHANDANA BROTHERS TEXTILES & JEWELLERS P LTD,CMRD,T18661,B,Sparkles,30k-50k,South Zone,11,2024,EARRING,1
CMRD-CHANDANA BROTHERS TEXTILES & JEWELLERS P LTD,CMRD,T18670,B,Sparkles,30k-50k,South Zone,5,2024,EARRING,1
CMRD-CHANDANA BROTHERS TEXTILES & JEWELLERS P LTD,CMRD,T18671,B,Sparkles,30k-50k,South Zone,8,2024,EARRING,1
CMRD-CHANDANA BROTHERS TEXTILES & JEWELLERS P LTD,CMRD,T18672,B,Sparkles,Less Then 30k,South Zone,8,2024,EARRING,1
CMRD-CHANDANA BROTHERS TEXTILES & JEWELLERS P LTD,CMRD,T19047,B,Sparkles,Less Then 30k,South Zone,10,2024,EARRING,1
CMRD-CHANDANA BROTHERS TEXTILES & JEWELLERS P LTD,CMRD,T2728,B,Sparkles,50k-75k,South Zone,5,2024,EARRING,1
CMRD-CHANDANA BROTHERS TEXTILES & JEWELLERS P LTD,CMRD,T3731,B,Sparkles,Less Then 30k,South Zone,7,2023,EARRING,1
CMRD-CHANDANA BROTHERS TEXTILES & JEWELLERS P LTD,CMRD,T537,B,Sparkles,50k-75k,South Zone,2,2022,EARRING,1
CMRD-CHANDANA BROTHERS TEXTILES & JEWELLERS P LTD,CMRD,T5663,B,Sparkles,75k-100k,South Zone,11,2021,EARRING,1
CMRD-CHANDANA BROTHERS TEXTILES & JEWELLERS P LTD,CMRD,T6124,B,Sparkles,75k-100k,South Zone,4,2022,EARRING,1
CMRD-CHANDANA BROTHERS TEXTILES & JEWELLERS P LTD,CMRD,T6318,B,Sparkles,30k-50k,South Zone,1,2024,EARRING,1
CMRD-CHANDANA BROTHERS TEXTILES & JEWELLERS P LTD,CMRD,T6338,B,Sparkles,50k-75k,South Zone,2,2020,EARRING,1
CMRD-CHANDANA BROTHERS TEXTILES & JEWELLERS P LTD,CMRD,T6375,B,Sparkles,Less Then 30k,South Zone,9,2023,EARRING,1
CMRD-CHANDANA BROTHERS TEXTILES & JEWELLERS P LTD,CMRD,T6478,B,Sparkles,30k-50k,South Zone,5,2024,EARRING,1
CMRD-CHANDANA BROTHERS TEXTILES & JEWELLERS P LTD,CMRD,T6478,B,Sparkles,30k-50k,South Zone,12,2022,EARRING,1
CMRD-CHANDANA BROTHERS TEXTILES & JEWELLERS P LTD,CMRD,T6495,B,Sparkles,30k-50k,South Zone,11,2023,EARRING,1
CMRD-CHANDANA BROTHERS TEXTILES & JEWELLERS P LTD,CMRD,T6507,B,Sparkles,30k-50k,South Zone,10,2023,EARRING,1
CMRD-CHANDANA BROTHERS TEXTILES & JEWELLERS P LTD,CMRD,T6549,B,Sparkles,75k-100k,South Zone,3,2023,EARRING,1
CMRD-CHANDANA BROTHERS TEXTILES & JEWELLERS P LTD,CMRD,T6551,B,Sparkles,Less Then 30k,South Zone,4,2024,EARRING,1
CMRD-CHANDANA BROTHERS TEXTILES & JEWELLERS P LTD,CMRD,T7265,B,Sparkles,Less Then 30k,South Zone,12,2021,EARRING,1
CMRD-CHANDANA BROTHERS TEXTILES & JEWELLERS P LTD,CMRD,T7653,B,Sparkles,Less Then 30k,South Zone,10,2022,EARRING,1
CMRD-CHANDANA BROTHERS TEXTILES & JEWELLERS P LTD,CMRD,T7661,B,Sparkles,Less Then 30k,South Zone,11,2021,EARRING,1
CMRD-CHANDANA BROTHERS TEXTILES & JEWELLERS P LTD,CMRD,T7661,B,Sparkles,Less Then 30k,South Zone,11,2022,EARRING,1
CMRD-CHANDANA BROTHERS TEXTILES & JEWELLERS P LTD,CMRD,T8043,B,Sparkles,30k-50k,South Zone,7,2021,EARRING,1
CMRD-CHANDANA BROTHERS TEXTILES & JEWELLERS P LTD,CMRD,T8522,B,Sparkles,75k-100k,South Zone,3,2023,EARRING,1
CMRD-CHANDANA BROTHERS TEXTILES & JEWELLERS P LTD,CMRD,T8717,B,Sparkles,75k-100k,South Zone,2,2022,EARRING,1
CMRD-CHANDANA BROTHERS TEXTILES & JEWELLERS P LTD,CMRD,T9285,B,Sparkles,30k-50k,South Zone,9,2022,EARRING,1
CMRD-CHANDANA BROTHERS TEXTILES & JEWELLERS P LTD,CMRD,T9310,B,Sparkles,Less Then 30k,South Zone,4,2022,EARRING,1
CMRD-CHANDANA BROTHERS TEXTILES & JEWELLERS P LTD,CMRD,T9982,B,Sparkles,Less Then 30k,South Zone,9,2021,EARRING,1
CMRD-CHANDANA BROTHERS TEXTILES & JEWELLERS P LTD,CMRD,T9991,B,Sparkles,30k-50k,South Zone,10,2022,EARRING,1
CMRD-CHANDANA BROTHERS TEXTILES & JEWELLERS P LTD,CMRD,T9992,B,Sparkles,30k-50k,South Zone,10,2022,EARRING,1
CMRD-CHANDANA BROTHERS TEXTILES & JEWELLERS P LTD,CMRD,TN10836,B,Sparkles,30k-50k,South Zone,2,2024,NECKLACE,1
CMRD-CHANDANA BROTHERS TEXTILES & JEWELLERS P LTD,CMRD,TR892,B,Sparkles,Less Then 30k,South Zone,3,2021,EARRING,1
DATTATRAY TUKARAM KHEDEKAR AND SONS-THANE,DTKS2,AFDT1400,B,Sparkles,30k-50k,South Zone,2,2026,EARRING,1
DATTATRAY TUKARAM KHEDEKAR AND SONS-THANE,DTKS2,N19566,B,Sparkles,75k-100k,South Zone,3,2026,NECKLACE,1
DATTATRAY TUKARAM KHEDEKAR AND SONS-THANE,DTKS2,PN20407,B,Sparkles,Less Then 30k,South Zone,3,2026,PENDANT,1
DATTATRAY TUKARAM KHEDEKAR AND SONS-VASHI,DTKS3,NP2231,A+,Sparkles,Less Then 30k,West Zone,4,2026,NOSE PIN,1
DATTATRAY TUKARAM KHEDEKAR AND SONS-VASHI,DTKS3,NP22432,A+,Sparkles,Less Then 30k,West Zone,1,2026,NOSE PIN,1
DATTATRAY TUKARAM KHEDEKAR AND SONS-VASHI,DTKS3,NP7950,A+,Sparkles,Less Then 30k,West Zone,4,2026,NOSE PIN,1
DATTATRAY TUKARAM KHEDEKAR AND SONS-VASHI,DTKS3,R14475,A+,Sparkles,50k-75k,West Zone,2,2026,RING,1
DATTATRAY TUKARAM KHEDEKAR AND SONS-VASHI,DTKS3,T19048,A+,Sparkles,50k-75k,West Zone,2,2026,EARRING,1
DATTATRAY TUKARAM KHEDEKAR AND SONS-VASHI,DTKS3,T19128,A+,Sparkles,100k-150k,West Zone,3,2026,EARRING,1
DATTATRAY TUKARAM KHEDEKAR AND SONS-VASHI,DTKS3,T19230,A+,Sparkles,50k-75k,West Zone,4,2026,EARRING,1
DB JEWELLERS,DBJ1,AFDRE2002,A+,Sparkles,30k-50k,South Zone,3,2025,RING,1
DB JEWELLERS,DBJ1,AFDT1400,A+,Sparkles,30k-50k,South Zone,7,2024,EARRING,1
DB JEWELLERS,DBJ1,AFDT1401,A+,Sparkles,75k-100k,South Zone,3,2025,EARRING,1
DB JEWELLERS,DBJ1,AFDT1410,A+,Sparkles,Less Then 30k,South Zone,1,2025,EARRING,1
DB JEWELLERS,DBJ1,AFDT1410,A+,Sparkles,Less Then 30k,South Zone,2,2025,EARRING,1
DB JEWELLERS,DBJ1,AFDT1410,A+,Sparkles,Less Then 30k,South Zone,3,2025,EARRING,1
DB JEWELLERS,DBJ1,AFDT1410,A+,Sparkles,Less Then 30k,South Zone,4,2026,EARRING,1
DB JEWELLERS,DBJ1,AFDT1410,A+,Sparkles,Less Then 30k,South Zone,8,2024,EARRING,2
DB JEWELLERS,DBJ1,AFDT1410,A+,Sparkles,Less Then 30k,South Zone,12,2024,EARRING,1
DB JEWELLERS,DBJ1,AFDT2000,A+,Sparkles,50k-75k,South Zone,10,2024,EARRING,1
DB JEWELLERS,DBJ1,AFDT5600,A+,Sparkles,30k-50k,South Zone,5,2024,EARRING,1
DB JEWELLERS,DBJ1,AFDT5600,A+,Sparkles,30k-50k,South Zone,5,2026,EARRING,1
DB JEWELLERS,DBJ1,N10476,A+,Sparkles,30k-50k,South Zone,4,2022,NECKLACE,1
DB JEWELLERS,DBJ1,N19543,A+,Sparkles,50k-75k,South Zone,4,2025,NECKLACE,1
DB JEWELLERS,DBJ1,N19545,A+,Sparkles,50k-75k,South Zone,12,2024,NECKLACE,1
DB JEWELLERS,DBJ1,N19553,A+,Sparkles,50k-75k,South Zone,8,2025,EARRING,1
DB JEWELLERS,DBJ1,N19556,A+,Sparkles,50k-75k,South Zone,12,2025,NECKLACE,1
DB JEWELLERS,DBJ1,N19557,A+,Sparkles,50k-75k,South Zone,2,2025,NECKLACE,1
DB JEWELLERS,DBJ1,N19564,A+,Sparkles,50k-75k,South Zone,3,2025,NECKLACE,1
DB JEWELLERS,DBJ1,N19603,A+,Sparkles,50k-75k,South Zone,6,2025,NECKLACE,1
DB JEWELLERS,DBJ1,N19604,A+,Sparkles,50k-75k,South Zone,7,2025,NECKLACE,1
DB JEWELLERS,DBJ1,N19608,A+,Sparkles,30k-50k,South Zone,3,2025,NECKLACE,1
DB JEWELLERS,DBJ1,N19630,A+,Sparkles,50k-75k,South Zone,2,2026,NECKLACE,1
DB JEWELLERS,DBJ1,N50133,A+,Sparkles,50k-75k,South Zone,8,2021,NECKLACE,1
DB JEWELLERS,DBJ1,NP10273,A+,Sparkles,Less Then 30k,South Zone,4,2026,NOSE PIN,1
DB JEWELLERS,DBJ1,NP10912,A+,Sparkles,Less Then 30k,South Zone,10,2022,NOSE PIN,1
DB JEWELLERS,DBJ1,NP10938,A+,Sparkles,Less Then 30k,South Zone,10,2023,NOSE PIN,1
DB JEWELLERS,DBJ1,NP11010,A+,Sparkles,Less Then 30k,South Zone,1,2026,NOSE PIN,1
DB JEWELLERS,DBJ1,NP11010,A+,Sparkles,Less Then 30k,South Zone,3,2026,NOSE PIN,1
DB JEWELLERS,DBJ1,NP11014,A+,Sparkles,Less Then 30k,South Zone,1,2022,NOSE PIN,1
DB JEWELLERS,DBJ1,NP11014,A+,Sparkles,Less Then 30k,South Zone,9,2025,NOSE PIN,1
DB JEWELLERS,DBJ1,NP11014,A+,Sparkles,Less Then 30k,South Zone,11,2025,NOSE PIN,1
DB JEWELLERS,DBJ1,NP11015,A+,Sparkles,Less Then 30k,South Zone,7,2025,NOSE PIN,1
DB JEWELLERS,DBJ1,NP11018,A+,Sparkles,Less Then 30k,South Zone,2,2026,NOSE PIN,1
DB JEWELLERS,DBJ1,NP11018,A+,Sparkles,Less Then 30k,South Zone,8,2022,NOSE PIN,1
DB JEWELLERS,DBJ1,NP1102,A+,Sparkles,Less Then 30k,South Zone,8,2025,NOSE PIN,2
DB JEWELLERS,DBJ1,NP1102,A+,Sparkles,Less Then 30k,South Zone,10,2021,NOSE PIN,1
DB JEWELLERS,DBJ1,NP11020,A+,Sparkles,Less Then 30k,South Zone,1,2026,NOSE PIN,1
DB JEWELLERS,DBJ1,NP11484,A+,Sparkles,Less Then 30k,South Zone,6,2025,NOSE PIN,2
DB JEWELLERS,DBJ1,NP11484,A+,Sparkles,Less Then 30k,South Zone,12,2025,NOSE PIN,1
DB JEWELLERS,DBJ1,NP11754,A+,Sparkles,Less Then 30k,South Zone,3,2026,NOSE PIN,1
DB JEWELLERS,DBJ1,NP1231,A+,Sparkles,Less Then 30k,South Zone,2,2025,NOSE PIN,1
DB JEWELLERS,DBJ1,NP1231,A+,Sparkles,Less Then 30k,South Zone,4,2025,NOSE PIN,1
DB JEWELLERS,DBJ1,NP1231,A+,Sparkles,Less Then 30k,South Zone,5,2025,NOSE PIN,1
DB JEWELLERS,DBJ1,NP1231,A+,Sparkles,Less Then 30k,South Zone,9,2025,NOSE PIN,2
DB JEWELLERS,DBJ1,NP12432,A+,Sparkles,Less Then 30k,South Zone,11,2025,NOSE PIN,1
DB JEWELLERS,DBJ1,NP13651,A+,Sparkles,Less Then 30k,South Zone,9,2025,NOSE PIN,1
DB JEWELLERS,DBJ1,NP13652,A+,Sparkles,Less Then 30k,South Zone,6,2024,NOSE PIN,1
DB JEWELLERS,DBJ1,NP1487,A+,Sparkles,Less Then 30k,South Zone,2,2022,NOSE PIN,1
DB JEWELLERS,DBJ1,NP1487,A+,Sparkles,Less Then 30k,South Zone,12,2022,NOSE PIN,1
DB JEWELLERS,DBJ1,NP1488,A+,Sparkles,Less Then 30k,South Zone,3,2022,NOSE PIN,1
DB JEWELLERS,DBJ1,NP1754,A+,Sparkles,Less Then 30k,South Zone,2,2026,NOSE PIN,5
DB JEWELLERS,DBJ1,NP1754,A+,Sparkles,Less Then 30k,South Zone,3,2026,NOSE PIN,2
DB JEWELLERS,DBJ1,NP1868,A+,Sparkles,Less Then 30k,South Zone,11,2025,NOSE PIN,1
DB JEWELLERS,DBJ1,NP1874,A+,Sparkles,Less Then 30k,South Zone,6,2024,NOSE PIN,1
DB JEWELLERS,DBJ1,NP1876,A+,Sparkles,Less Then 30k,South Zone,2,2025,NOSE PIN,4
DB JEWELLERS,DBJ1,NP1876,A+,Sparkles,Less Then 30k,South Zone,4,2026,NOSE PIN,1
DB JEWELLERS,DBJ1,NP1876,A+,Sparkles,Less Then 30k,South Zone,5,2025,NOSE PIN,1
DB JEWELLERS,DBJ1,NP1876,A+,Sparkles,Less Then 30k,South Zone,5,2026,NOSE PIN,1
DB JEWELLERS,DBJ1,NP1876,A+,Sparkles,Less Then 30k,South Zone,7,2025,NOSE PIN,6
DB JEWELLERS,DBJ1,NP1876,A+,Sparkles,Less Then 30k,South Zone,8,2024,NOSE PIN,2
DB JEWELLERS,DBJ1,NP1876,A+,Sparkles,Less Then 30k,South Zone,10,2024,NOSE PIN,5
DB JEWELLERS,DBJ1,NP1876,A+,Sparkles,Less Then 30k,South Zone,11,2025,NOSE PIN,2
DB JEWELLERS,DBJ1,NP1877,A+,Sparkles,Less Then 30k,South Zone,2,2025,NOSE PIN,1
DB JEWELLERS,DBJ1,NP1877,A+,Sparkles,Less Then 30k,South Zone,4,2024,NOSE PIN,1
DB JEWELLERS,DBJ1,NP1877,A+,Sparkles,Less Then 30k,South Zone,6,2024,NOSE PIN,1
DB JEWELLERS,DBJ1,NP1877,A+,Sparkles,Less Then 30k,South Zone,7,2024,NOSE PIN,1
DB JEWELLERS,DBJ1,NP1877,A+,Sparkles,Less Then 30k,South Zone,8,2024,NOSE PIN,1
DB JEWELLERS,DBJ1,NP1878,A+,Sparkles,Less Then 30k,South Zone,3,2026,NOSE PIN,1
DB JEWELLERS,DBJ1,NP1879,A+,Sparkles,Less Then 30k,South Zone,2,2025,NOSE PIN,1
DB JEWELLERS,DBJ1,NP1879,A+,Sparkles,Less Then 30k,South Zone,5,2024,NOSE PIN,2
DB JEWELLERS,DBJ1,NP1879,A+,Sparkles,Less Then 30k,South Zone,6,2024,NOSE PIN,4
DB JEWELLERS,DBJ1,NP1879,A+,Sparkles,Less Then 30k,South Zone,9,2025,NOSE PIN,2
DB JEWELLERS,DBJ1,NP1879,A+,Sparkles,Less Then 30k,South Zone,11,2025,NOSE PIN,1
DB JEWELLERS,DBJ1,NP1880,A+,Sparkles,Less Then 30k,South Zone,1,2025,NOSE PIN,1
DB JEWELLERS,DBJ1,NP1880,A+,Sparkles,Less Then 30k,South Zone,4,2026,NOSE PIN,1
DB JEWELLERS,DBJ1,NP1880,A+,Sparkles,Less Then 30k,South Zone,8,2024,NOSE PIN,2
DB JEWELLERS,DBJ1,NP1880,A+,Sparkles,Less Then 30k,South Zone,11,2025,NOSE PIN,1
DB JEWELLERS,DBJ1,NP1881,A+,Sparkles,Less Then 30k,South Zone,2,2026,NOSE PIN,2
DB JEWELLERS,DBJ1,NP1881,A+,Sparkles,Less Then 30k,South Zone,4,2026,NOSE PIN,1
DB JEWELLERS,DBJ1,NP1881,A+,Sparkles,Less Then 30k,South Zone,5,2025,NOSE PIN,3
DB JEWELLERS,DBJ1,NP1881,A+,Sparkles,Less Then 30k,South Zone,9,2025,NOSE PIN,2
DB JEWELLERS,DBJ1,NP1882,A+,Sparkles,Less Then 30k,South Zone,9,2024,NOSE PIN,1
DB JEWELLERS,DBJ1,NP1882,A+,Sparkles,Less Then 30k,South Zone,11,2025,NOSE PIN,1
DB JEWELLERS,DBJ1,NP1883,A+,Sparkles,Less Then 30k,South Zone,2,2025,NOSE PIN,1
DB JEWELLERS,DBJ1,NP1883,A+,Sparkles,Less Then 30k,South Zone,4,2025,NOSE PIN,3
DB JEWELLERS,DBJ1,NP1883,A+,Sparkles,Less Then 30k,South Zone,4,2026,NOSE PIN,1
DB JEWELLERS,DBJ1,NP1883,A+,Sparkles,Less Then 30k,South Zone,5,2025,NOSE PIN,3
DB JEWELLERS,DBJ1,NP1883,A+,Sparkles,Less Then 30k,South Zone,6,2024,NOSE PIN,1
DB JEWELLERS,DBJ1,NP1883,A+,Sparkles,Less Then 30k,South Zone,6,2025,NOSE PIN,2
DB JEWELLERS,DBJ1,NP1883,A+,Sparkles,Less Then 30k,South Zone,8,2025,NOSE PIN,1
DB JEWELLERS,DBJ1,NP1883,A+,Sparkles,Less Then 30k,South Zone,9,2025,NOSE PIN,1
DB JEWELLERS,DBJ1,NP1883,A+,Sparkles,Less Then 30k,South Zone,11,2025,NOSE PIN,1
DB JEWELLERS,DBJ1,NP1884,A+,Sparkles,Less Then 30k,South Zone,1,2025,NOSE PIN,1
DB JEWELLERS,DBJ1,NP1884,A+,Sparkles,Less Then 30k,South Zone,4,2026,NOSE PIN,1
DB JEWELLERS,DBJ1,NP1884,A+,Sparkles,Less Then 30k,South Zone,5,2025,NOSE PIN,1
DB JEWELLERS,DBJ1,NP1884,A+,Sparkles,Less Then 30k,South Zone,5,2026,NOSE PIN,1
DB JEWELLERS,DBJ1,NP1884,A+,Sparkles,Less Then 30k,South Zone,10,2024,NOSE PIN,2
DB JEWELLERS,DBJ1,NP20502,A+,Sparkles,Less Then 30k,South Zone,4,2026,NOSE PIN,1
DB JEWELLERS,DBJ1,NP20504,A+,Sparkles,Less Then 30k,South Zone,4,2026,NOSE PIN,1
DB JEWELLERS,DBJ1,NP20504,A+,Sparkles,Less Then 30k,South Zone,5,2026,NOSE PIN,2
DB JEWELLERS,DBJ1,NP20505,A+,Sparkles,Less Then 30k,South Zone,2,2025,NOSE PIN,2
DB JEWELLERS,DBJ1,NP20505,A+,Sparkles,Less Then 30k,South Zone,3,2025,NOSE PIN,1
DB JEWELLERS,DBJ1,NP20505,A+,Sparkles,Less Then 30k,South Zone,4,2025,NOSE PIN,5
DB JEWELLERS,DBJ1,NP20505,A+,Sparkles,Less Then 30k,South Zone,4,2026,NOSE PIN,1
DB JEWELLERS,DBJ1,NP20505,A+,Sparkles,Less Then 30k,South Zone,5,2025,NOSE PIN,3
DB JEWELLERS,DBJ1,NP20505,A+,Sparkles,Less Then 30k,South Zone,9,2025,NOSE PIN,3
DB JEWELLERS,DBJ1,NP20505,A+,Sparkles,Less Then 30k,South Zone,11,2025,NOSE PIN,2
DB JEWELLERS,DBJ1,NP20505,A+,Sparkles,Less Then 30k,South Zone,12,2025,NOSE PIN,5
DB JEWELLERS,DBJ1,NP20507,A+,Sparkles,Less Then 30k,South Zone,1,2025,NOSE PIN,3
DB JEWELLERS,DBJ1,NP20507,A+,Sparkles,Less Then 30k,South Zone,2,2025,NOSE PIN,1
DB JEWELLERS,DBJ1,NP20507,A+,Sparkles,Less Then 30k,South Zone,2,2026,NOSE PIN,6
DB JEWELLERS,DBJ1,NP20507,A+,Sparkles,Less Then 30k,South Zone,3,2026,NOSE PIN,1
DB JEWELLERS,DBJ1,NP20507,A+,Sparkles,Less Then 30k,South Zone,11,2024,NOSE PIN,1
DB JEWELLERS,DBJ1,NP20507,A+,Sparkles,Less Then 30k,South Zone,12,2024,NOSE PIN,3
DB JEWELLERS,DBJ1,NP20508,A+,Sparkles,Less Then 30k,South Zone,4,2026,NOSE PIN,1
DB JEWELLERS,DBJ1,NP20508,A+,Sparkles,Less Then 30k,South Zone,9,2024,NOSE PIN,2
DB JEWELLERS,DBJ1,NP20509,A+,Sparkles,Less Then 30k,South Zone,5,2026,NOSE PIN,1
DB JEWELLERS,DBJ1,NP20511,A+,Sparkles,Less Then 30k,South Zone,11,2024,NOSE PIN,2
DB JEWELLERS,DBJ1,NP20513,A+,Sparkles,Less Then 30k,South Zone,12,2025,NOSE PIN,1
DB JEWELLERS,DBJ1,NP21754,A+,Sparkles,Less Then 30k,South Zone,1,2026,NOSE PIN,1
DB JEWELLERS,DBJ1,NP21754,A+,Sparkles,Less Then 30k,South Zone,4,2026,NOSE PIN,1
DB JEWELLERS,DBJ1,NP21754,A+,Sparkles,Less Then 30k,South Zone,5,2026,NOSE PIN,2
DB JEWELLERS,DBJ1,NP21754,A+,Sparkles,Less Then 30k,South Zone,7,2025,NOSE PIN,1
DB JEWELLERS,DBJ1,NP2231,A+,Sparkles,Less Then 30k,South Zone,2,2025,NOSE PIN,1
DB JEWELLERS,DBJ1,NP2231,A+,Sparkles,Less Then 30k,South Zone,3,2022,NOSE PIN,1
DB JEWELLERS,DBJ1,NP22432,A+,Sparkles,Less Then 30k,South Zone,3,2026,NOSE PIN,1
DB JEWELLERS,DBJ1,NP2273,A+,Sparkles,Less Then 30k,South Zone,5,2025,NOSE PIN,1
DB JEWELLERS,DBJ1,NP2273,A+,Sparkles,Less Then 30k,South Zone,9,2021,NOSE PIN,1
DB JEWELLERS,DBJ1,NP2432,A+,Sparkles,Less Then 30k,South Zone,5,2026,NOSE PIN,2
DB JEWELLERS,DBJ1,NP2432,A+,Sparkles,Less Then 30k,South Zone,11,2025,NOSE PIN,2
DB JEWELLERS,DBJ1,NP273,A+,Sparkles,Less Then 30k,South Zone,8,2025,NOSE PIN,1
DB JEWELLERS,DBJ1,NP273,A+,Sparkles,Less Then 30k,South Zone,11,2025,NOSE PIN,2
DB JEWELLERS,DBJ1,NP3261,A+,Sparkles,Less Then 30k,South Zone,9,2022,NOSE PIN,1
DB JEWELLERS,DBJ1,NP3290,A+,Sparkles,Less Then 30k,South Zone,1,2024,NOSE PIN,2
DB JEWELLERS,DBJ1,NP3290,A+,Sparkles,Less Then 30k,South Zone,3,2026,NOSE PIN,1
DB JEWELLERS,DBJ1,NP3596,A+,Sparkles,Less Then 30k,South Zone,11,2025,NOSE PIN,1
DB JEWELLERS,DBJ1,NP3596,A+,Sparkles,Less Then 30k,South Zone,12,2021,NOSE PIN,2
DB JEWELLERS,DBJ1,NP4706,A+,Sparkles,Less Then 30k,South Zone,3,2024,NOSE PIN,1
DB JEWELLERS,DBJ1,NP4706,A+,Sparkles,Less Then 30k,South Zone,9,2024,NOSE PIN,1
DB JEWELLERS,DBJ1,NP515,A+,Sparkles,Less Then 30k,South Zone,5,2026,NOSE PIN,1
DB JEWELLERS,DBJ1,NP5231,A+,Sparkles,Less Then 30k,South Zone,1,2026,NOSE PIN,1
DB JEWELLERS,DBJ1,NP5231,A+,Sparkles,Less Then 30k,South Zone,6,2024,NOSE PIN,1
DB JEWELLERS,DBJ1,NP5231,A+,Sparkles,Less Then 30k,South Zone,7,2024,NOSE PIN,1
DB JEWELLERS,DBJ1,NP5231,A+,Sparkles,Less Then 30k,South Zone,11,2025,NOSE PIN,1
DB JEWELLERS,DBJ1,NP52432,A+,Sparkles,Less Then 30k,South Zone,2,2025,NOSE PIN,1
DB JEWELLERS,DBJ1,NP52432,A+,Sparkles,Less Then 30k,South Zone,11,2025,NOSE PIN,1
DB JEWELLERS,DBJ1,NP537,A+,Sparkles,Less Then 30k,South Zone,11,2025,NOSE PIN,1
DB JEWELLERS,DBJ1,NP544,A+,Sparkles,Less Then 30k,South Zone,5,2025,NOSE PIN,1
DB JEWELLERS,DBJ1,NP548,A+,Sparkles,Less Then 30k,South Zone,2,2023,NOSE PIN,1
DB JEWELLERS,DBJ1,NP551,A+,Sparkles,Less Then 30k,South Zone,11,2023,NOSE PIN,1
DB JEWELLERS,DBJ1,NP552,A+,Sparkles,Less Then 30k,South Zone,7,2023,NOSE PIN,1
DB JEWELLERS,DBJ1,NP6378,A+,Sparkles,Less Then 30k,South Zone,10,2024,NOSE PIN,1
DB JEWELLERS,DBJ1,NP7134,A+,Sparkles,Less Then 30k,South Zone,1,2026,NOSE PIN,1
DB JEWELLERS,DBJ1,NP7134,A+,Sparkles,Less Then 30k,South Zone,8,2024,NOSE PIN,1
DB JEWELLERS,DBJ1,NP7231,A+,Sparkles,Less Then 30k,South Zone,3,2026,NOSE PIN,1
DB JEWELLERS,DBJ1,NP7231,A+,Sparkles,Less Then 30k,South Zone,4,2026,NOSE PIN,1
DB JEWELLERS,DBJ1,NP7231,A+,Sparkles,Less Then 30k,South Zone,5,2026,NOSE PIN,1
DB JEWELLERS,DBJ1,NP7231,A+,Sparkles,Less Then 30k,South Zone,11,2025,NOSE PIN,1
DB JEWELLERS,DBJ1,NP7924,A+,Sparkles,Less Then 30k,South Zone,9,2022,NOSE PIN,1
DB JEWELLERS,DBJ1,NP7950,A+,Sparkles,Less Then 30k,South Zone,3,2022,NOSE PIN,1
DB JEWELLERS,DBJ1,NP7950,A+,Sparkles,Less Then 30k,South Zone,4,2025,NOSE PIN,2
DB JEWELLERS,DBJ1,NP7950,A+,Sparkles,Less Then 30k,South Zone,5,2026,NOSE PIN,1
DB JEWELLERS,DBJ1,NP7950,A+,Sparkles,Less Then 30k,South Zone,6,2025,NOSE PIN,2
DB JEWELLERS,DBJ1,NP7950,A+,Sparkles,Less Then 30k,South Zone,7,2025,NOSE PIN,1
DB JEWELLERS,DBJ1,NP7950,A+,Sparkles,Less Then 30k,South Zone,8,2024,NOSE PIN,1
DB JEWELLERS,DBJ1,NP7950,A+,Sparkles,Less Then 30k,South Zone,9,2024,NOSE PIN,3
DB JEWELLERS,DBJ1,NP7950,A+,Sparkles,Less Then 30k,South Zone,10,2024,NOSE PIN,3
DB JEWELLERS,DBJ1,NP7950,A+,Sparkles,Less Then 30k,South Zone,11,2025,NOSE PIN,1
DB JEWELLERS,DBJ1,NP7951,A+,Sparkles,Less Then 30k,South Zone,1,2024,NOSE PIN,1
DB JEWELLERS,DBJ1,NP7951,A+,Sparkles,Less Then 30k,South Zone,2,2026,NOSE PIN,1
DB JEWELLERS,DBJ1,NP7951,A+,Sparkles,Less Then 30k,South Zone,4,2026,NOSE PIN,1
DB JEWELLERS,DBJ1,NP7951,A+,Sparkles,Less Then 30k,South Zone,8,2025,NOSE PIN,1
DB JEWELLERS,DBJ1,NP7951,A+,Sparkles,Less Then 30k,South Zone,9,2021,NOSE PIN,1
DB JEWELLERS,DBJ1,NP7951,A+,Sparkles,Less Then 30k,South Zone,11,2021,NOSE PIN,1
DB JEWELLERS,DBJ1,NP7951,A+,Sparkles,Less Then 30k,South Zone,12,2022,NOSE PIN,1
DB JEWELLERS,DBJ1,NP7952,A+,Sparkles,Less Then 30k,South Zone,3,2022,NOSE PIN,2
DB JEWELLERS,DBJ1,NP8514,A+,Sparkles,Less Then 30k,South Zone,4,2026,NOSE PIN,2
DB JEWELLERS,DBJ1,NP8516,A+,Sparkles,Less Then 30k,South Zone,2,2025,NOSE PIN,4
DB JEWELLERS,DBJ1,NP8516,A+,Sparkles,Less Then 30k,South Zone,3,2025,NOSE PIN,4
DB JEWELLERS,DBJ1,NP8516,A+,Sparkles,Less Then 30k,South Zone,4,2025,NOSE PIN,1
DB JEWELLERS,DBJ1,NP8516,A+,Sparkles,Less Then 30k,South Zone,5,2025,NOSE PIN,2
DB JEWELLERS,DBJ1,NP8516,A+,Sparkles,Less Then 30k,South Zone,8,2025,NOSE PIN,3
DB JEWELLERS,DBJ1,NP8516,A+,Sparkles,Less Then 30k,South Zone,9,2025,NOSE PIN,3
DB JEWELLERS,DBJ1,NP8516,A+,Sparkles,Less Then 30k,South Zone,11,2024,NOSE PIN,1
DB JEWELLERS,DBJ1,NP8516,A+,Sparkles,Less Then 30k,South Zone,11,2025,NOSE PIN,4
DB JEWELLERS,DBJ1,NP8516,A+,Sparkles,Less Then 30k,South Zone,12,2025,NOSE PIN,2
DB JEWELLERS,DBJ1,NPA1754,A+,Sparkles,Less Then 30k,South Zone,5,2025,NOSE PIN,2
DB JEWELLERS,DBJ1,NPA1754,A+,Sparkles,Less Then 30k,South Zone,12,2025,NOSE PIN,1
DB JEWELLERS,DBJ1,NPMU2,A+,Sparkles,Less Then 30k,South Zone,4,2022,NOSE PIN,1
DB JEWELLERS,DBJ1,NPMU2,A+,Sparkles,Less Then 30k,South Zone,4,2023,NOSE PIN,1
DB JEWELLERS,DBJ1,NPMU2,A+,Sparkles,Less Then 30k,South Zone,8,2021,NOSE PIN,1
DB JEWELLERS,DBJ1,NPMU2,A+,Sparkles,Less Then 30k,South Zone,8,2022,NOSE PIN,1
DB JEWELLERS,DBJ1,NPMU2,A+,Sparkles,Less Then 30k,South Zone,9,2021,NOSE PIN,2
DB JEWELLERS,DBJ1,NPMU2,A+,Sparkles,Less Then 30k,South Zone,10,2021,NOSE PIN,1
DB JEWELLERS,DBJ1,NPMU2,A+,Sparkles,Less Then 30k,South Zone,11,2021,NOSE PIN,1
DB JEWELLERS,DBJ1,NPMU2,A+,Sparkles,Less Then 30k,South Zone,12,2021,NOSE PIN,1
DB JEWELLERS,DBJ1,NPMU3,A+,Sparkles,Less Then 30k,South Zone,9,2022,NOSE PIN,1
DB JEWELLERS,DBJ1,NPMU3,A+,Sparkles,Less Then 30k,South Zone,10,2022,NOSE PIN,1
DB JEWELLERS,DBJ1,NPMU4,A+,Sparkles,Less Then 30k,South Zone,5,2024,NOSE PIN,1
DB JEWELLERS,DBJ1,NPMU4,A+,Sparkles,Less Then 30k,South Zone,6,2024,NOSE PIN,2
DB JEWELLERS,DBJ1,NPMU4,A+,Sparkles,Less Then 30k,South Zone,9,2023,NOSE PIN,1
DB JEWELLERS,DBJ1,NPMU4,A+,Sparkles,Less Then 30k,South Zone,10,2022,NOSE PIN,1
DB JEWELLERS,DBJ1,NPMU4,A+,Sparkles,Less Then 30k,South Zone,11,2022,NOSE PIN,1
DB JEWELLERS,DBJ1,NPMU545,A+,Sparkles,Less Then 30k,South Zone,4,2023,NOSE PIN,1
DB JEWELLERS,DBJ1,NPMU545,A+,Sparkles,Less Then 30k,South Zone,6,2023,NOSE PIN,1
DB JEWELLERS,DBJ1,NPMU545,A+,Sparkles,Less Then 30k,South Zone,9,2021,NOSE PIN,1
DB JEWELLERS,DBJ1,NPMU545,A+,Sparkles,Less Then 30k,South Zone,10,2021,NOSE PIN,1
DB JEWELLERS,DBJ1,NPMU545,A+,Sparkles,Less Then 30k,South Zone,12,2023,NOSE PIN,1
DB JEWELLERS,DBJ1,P10273,A+,Sparkles,Less Then 30k,South Zone,4,2026,PENDANT,1
DB JEWELLERS,DBJ1,P14393,A+,Sparkles,Less Then 30k,South Zone,4,2026,PENDANT,1
DB JEWELLERS,DBJ1,P20037,A+,Sparkles,Less Then 30k,South Zone,1,2026,PENDANT,1
DB JEWELLERS,DBJ1,P537,A+,Sparkles,Less Then 30k,South Zone,11,2023,PENDANT,1
DB JEWELLERS,DBJ1,P8585,A+,Sparkles,30k-50k,South Zone,11,2022,PENDANT,1
DB JEWELLERS,DBJ1,PN20407,A+,Sparkles,Less Then 30k,South Zone,5,2026,PENDANT,1
DB JEWELLERS,DBJ1,PXT8841,A+,Sparkles,Less Then 30k,South Zone,1,2025,EARRING,1
DB JEWELLERS,DBJ1,R10141,A+,Sparkles,30k-50k,South Zone,4,2024,RING,1
DB JEWELLERS,DBJ1,R10153,A+,Sparkles,Less Then 30k,South Zone,2,2026,RING,1
DB JEWELLERS,DBJ1,R10243,A+,Sparkles,Less Then 30k,South Zone,2,2026,RING,1
DB JEWELLERS,DBJ1,R10383,A+,Sparkles,Less Then 30k,South Zone,10,2024,RING,1
DB JEWELLERS,DBJ1,R10474,A+,Sparkles,Less Then 30k,South Zone,12,2024,RING,1
DB JEWELLERS,DBJ1,R10486,A+,Sparkles,30k-50k,South Zone,6,2025,RING,1
DB JEWELLERS,DBJ1,R10491,A+,Sparkles,30k-50k,South Zone,4,2025,RING,1
DB JEWELLERS,DBJ1,R10493,A+,Sparkles,50k-75k,South Zone,3,2025,RING,1
DB JEWELLERS,DBJ1,R10666,A+,Sparkles,30k-50k,South Zone,12,2024,RING,1
DB JEWELLERS,DBJ1,R10666,A+,Sparkles,Less Then 30k,South Zone,10,2024,RING,1
DB JEWELLERS,DBJ1,R10666,A+,Sparkles,Less Then 30k,South Zone,12,2024,RING,1
DB JEWELLERS,DBJ1,R10691,A+,Sparkles,Less Then 30k,South Zone,1,2025,RING,1
DB JEWELLERS,DBJ1,R10816,A+,Sparkles,30k-50k,South Zone,2,2026,RING,1
DB JEWELLERS,DBJ1,R10856,A+,Sparkles,Less Then 30k,South Zone,9,2025,RING,1
DB JEWELLERS,DBJ1,R10870,A+,Sparkles,30k-50k,South Zone,9,2025,RING,1
DB JEWELLERS,DBJ1,R10958,A+,Sparkles,Less Then 30k,South Zone,6,2025,RING,1
DB JEWELLERS,DBJ1,R10958,A+,Sparkles,Less Then 30k,South Zone,12,2025,RING,1
DB JEWELLERS,DBJ1,R10984,A+,Sparkles,Less Then 30k,South Zone,1,2025,RING,1
DB JEWELLERS,DBJ1,R10984,A+,Sparkles,Less Then 30k,South Zone,11,2025,RING,1
DB JEWELLERS,DBJ1,R10984,A+,Sparkles,Less Then 30k,South Zone,12,2025,RING,1
DB JEWELLERS,DBJ1,R10998,A+,Sparkles,30k-50k,South Zone,12,2024,RING,1
DB JEWELLERS,DBJ1,R11818,A+,Sparkles,30k-50k,South Zone,9,2025,RING,1
DB JEWELLERS,DBJ1,R11818,A+,Sparkles,50k-75k,South Zone,11,2025,RING,1
DB JEWELLERS,DBJ1,R11930,A+,Sparkles,Less Then 30k,South Zone,3,2025,RING,1
DB JEWELLERS,DBJ1,R12367,A+,Sparkles,30k-50k,South Zone,2,2025,RING,1
DB JEWELLERS,DBJ1,R12375,A+,Sparkles,30k-50k,South Zone,1,2025,RING,1
DB JEWELLERS,DBJ1,R12375,A+,Sparkles,30k-50k,South Zone,6,2025,RING,1
DB JEWELLERS,DBJ1,R12377,A+,Sparkles,30k-50k,South Zone,4,2025,RING,1
DB JEWELLERS,DBJ1,R12515,A+,Sparkles,50k-75k,South Zone,10,2024,RING,1
DB JEWELLERS,DBJ1,R12754,A+,Sparkles,30k-50k,South Zone,11,2024,RING,1
DB JEWELLERS,DBJ1,R13650,A+,Sparkles,30k-50k,South Zone,12,2025,RING,1
DB JEWELLERS,DBJ1,R13939,A+,Sparkles,50k-75k,South Zone,2,2026,RING,1
DB JEWELLERS,DBJ1,R14108,A+,Sparkles,30k-50k,South Zone,6,2024,RING,1
DB JEWELLERS,DBJ1,R14121,A+,Sparkles,50k-75k,South Zone,6,2025,RING,1
DB JEWELLERS,DBJ1,R14129,A+,Sparkles,75k-100k,South Zone,8,2024,RING,1
DB JEWELLERS,DBJ1,R14130,A+,Sparkles,75k-100k,South Zone,4,2025,RING,1
DB JEWELLERS,DBJ1,R14132,A+,Sparkles,30k-50k,South Zone,8,2024,RING,1
DB JEWELLERS,DBJ1,R14178,A+,Sparkles,30k-50k,South Zone,8,2025,RING,1
DB JEWELLERS,DBJ1,R14184,A+,Sparkles,Less Then 30k,South Zone,9,2024,RING,1
DB JEWELLERS,DBJ1,R14185,A+,Sparkles,30k-50k,South Zone,2,2026,RING,1
DB JEWELLERS,DBJ1,R14185,A+,Sparkles,30k-50k,South Zone,4,2025,RING,1
DB JEWELLERS,DBJ1,R14188,A+,Sparkles,30k-50k,South Zone,1,2025,RING,1
DB JEWELLERS,DBJ1,R14297,A+,Sparkles,30k-50k,South Zone,4,2026,RING,1
DB JEWELLERS,DBJ1,R14299,A+,Sparkles,Less Then 30k,South Zone,6,2025,RING,1
DB JEWELLERS,DBJ1,R14307,A+,Sparkles,30k-50k,South Zone,5,2025,RING,1
DB JEWELLERS,DBJ1,R14322,A+,Sparkles,30k-50k,South Zone,4,2026,RING,1
DB JEWELLERS,DBJ1,R14334,A+,Sparkles,30k-50k,South Zone,9,2025,RING,1
DB JEWELLERS,DBJ1,R14335,A+,Sparkles,30k-50k,South Zone,11,2025,RING,1
DB JEWELLERS,DBJ1,R14336,A+,Sparkles,Less Then 30k,South Zone,3,2026,RING,1
DB JEWELLERS,DBJ1,R14336,A+,Sparkles,Less Then 30k,South Zone,6,2025,RING,1
DB JEWELLERS,DBJ1,R1444,A+,Sparkles,30k-50k,South Zone,12,2021,RING,1
DB JEWELLERS,DBJ1,R1444,A+,Sparkles,50k-75k,South Zone,12,2021,RING,1
DB JEWELLERS,DBJ1,R14445,A+,Sparkles,30k-50k,South Zone,5,2026,RING,1
DB JEWELLERS,DBJ1,R14540,A+,Sparq,4k-7k,South Zone,6,2025,RING,1
DB JEWELLERS,DBJ1,R14549,A+,Sparkles,Less Then 30k,South Zone,2,2026,RING,1
DB JEWELLERS,DBJ1,R14550,A+,Sparkles,30k-50k,South Zone,9,2025,RING,1
DB JEWELLERS,DBJ1,R14567,A+,Sparkles,30k-50k,South Zone,3,2026,RING,1
DB JEWELLERS,DBJ1,R14608,A+,Sparkles,30k-50k,South Zone,9,2025,RING,1
DB JEWELLERS,DBJ1,R14612,A+,Sparkles,30k-50k,South Zone,12,2025,RING,1
DB JEWELLERS,DBJ1,R14625,A+,Sparkles,30k-50k,South Zone,11,2025,RING,1
DB JEWELLERS,DBJ1,R14749,A+,Sparkles,Less Then 30k,South Zone,5,2026,RING,1
DB JEWELLERS,DBJ1,R14750,A+,Sparkles,Less Then 30k,South Zone,9,2025,RING,1
DB JEWELLERS,DBJ1,R14753,A+,Sparkles,Less Then 30k,South Zone,9,2025,RING,1
DB JEWELLERS,DBJ1,R19657,A+,Sparkles,30k-50k,South Zone,1,2026,RING,1
DB JEWELLERS,DBJ1,R2693,A+,Sparkles,Less Then 30k,South Zone,8,2023,RING,1
DB JEWELLERS,DBJ1,R395,A+,Sparkles,30k-50k,South Zone,4,2022,RING,1
DB JEWELLERS,DBJ1,R395,A+,Sparkles,30k-50k,South Zone,10,2023,RING,1
DB JEWELLERS,DBJ1,R4394,A+,Sparkles,50k-75k,South Zone,5,2025,RING,1
DB JEWELLERS,DBJ1,R4838,A+,Sparkles,Less Then 30k,South Zone,7,2022,RING,1
DB JEWELLERS,DBJ1,R492,A+,Sparkles,50k-75k,South Zone,7,2024,RING,1
DB JEWELLERS,DBJ1,R50044,A+,Sparkles,Less Then 30k,South Zone,5,2022,RING,1
DB JEWELLERS,DBJ1,R5251,A+,Sparkles,30k-50k,South Zone,3,2022,RING,1
DB JEWELLERS,DBJ1,R5266,A+,Sparkles,50k-75k,South Zone,3,2026,RING,1
DB JEWELLERS,DBJ1,R5366,A+,Sparkles,75k-100k,South Zone,11,2023,RING,1
DB JEWELLERS,DBJ1,R5375,A+,Sparkles,30k-50k,South Zone,9,2021,RING,1
DB JEWELLERS,DBJ1,R5375,A+,Sparkles,Less Then 30k,South Zone,5,2022,RING,1
DB JEWELLERS,DBJ1,R5572,A+,Sparkles,30k-50k,South Zone,5,2022,RING,1
DB JEWELLERS,DBJ1,R5572,A+,Sparkles,50k-75k,South Zone,6,2022,RING,1
DB JEWELLERS,DBJ1,R5597,A+,Sparkles,Less Then 30k,South Zone,4,2024,RING,1
DB JEWELLERS,DBJ1,R5597,A+,Sparkles,Less Then 30k,South Zone,8,2024,RING,1
DB JEWELLERS,DBJ1,R5613,A+,Sparkles,30k-50k,South Zone,11,2023,RING,1
DB JEWELLERS,DBJ1,R5613,A+,Sparq,4k-7k,South Zone,6,2025,RING,1
DB JEWELLERS,DBJ1,R5635,A+,Sparkles,50k-75k,South Zone,1,2023,RING,1
DB JEWELLERS,DBJ1,R6638,A+,Sparkles,Less Then 30k,South Zone,5,2022,RING,1
DB JEWELLERS,DBJ1,R6795,A+,Sparkles,30k-50k,South Zone,7,2022,RING,1
DB JEWELLERS,DBJ1,R7203,A+,Sparkles,50k-75k,South Zone,11,2022,RING,1
DB JEWELLERS,DBJ1,R7289,A+,Sparkles,Less Then 30k,South Zone,9,2024,RING,1
DB JEWELLERS,DBJ1,R7321,A+,Sparkles,Less Then 30k,South Zone,3,2026,RING,1
DB JEWELLERS,DBJ1,R7368,A+,Sparkles,50k-75k,South Zone,6,2022,RING,1
DB JEWELLERS,DBJ1,R7504,A+,Sparkles,Less Then 30k,South Zone,8,2023,RING,1
DB JEWELLERS,DBJ1,R7532,A+,Sparkles,30k-50k,South Zone,12,2021,RING,1
DB JEWELLERS,DBJ1,R7804,A+,Sparkles,Less Then 30k,South Zone,10,2022,RING,1
DB JEWELLERS,DBJ1,R7835,A+,Sparkles,Less Then 30k,South Zone,11,2023,RING,1
DB JEWELLERS,DBJ1,R7889,A+,Sparkles,Less Then 30k,South Zone,3,2022,RING,1
DB JEWELLERS,DBJ1,R7990,A+,Sparkles,50k-75k,South Zone,5,2024,RING,1
DB JEWELLERS,DBJ1,R7990,A+,Sparkles,50k-75k,South Zone,9,2021,RING,1
DB JEWELLERS,DBJ1,R822,A+,Sparkles,Less Then 30k,South Zone,6,2024,RING,1
DB JEWELLERS,DBJ1,R822,A+,Sparkles,Less Then 30k,South Zone,12,2023,RING,1
DB JEWELLERS,DBJ1,R8510,A+,Sparkles,30k-50k,South Zone,1,2025,RING,1
DB JEWELLERS,DBJ1,R8553,A+,Sparkles,50k-75k,South Zone,8,2023,RING,1
DB JEWELLERS,DBJ1,R8555,A+,Sparkles,30k-50k,South Zone,4,2022,RING,1
DB JEWELLERS,DBJ1,R8598,A+,Sparkles,75k-100k,South Zone,1,2022,RING,1
DB JEWELLERS,DBJ1,R8602,A+,Sparkles,Less Then 30k,South Zone,4,2023,RING,1
DB JEWELLERS,DBJ1,R8602,A+,Sparkles,Less Then 30k,South Zone,10,2021,RING,1
DB JEWELLERS,DBJ1,R8607,A+,Sparkles,30k-50k,South Zone,1,2023,RING,1
DB JEWELLERS,DBJ1,R8912,A+,Sparkles,30k-50k,South Zone,1,2025,RING,1
DB JEWELLERS,DBJ1,R8963,A+,Sparkles,30k-50k,South Zone,1,2026,RING,1
DB JEWELLERS,DBJ1,R9019,A+,Sparkles,30k-50k,South Zone,2,2025,RING,1
DB JEWELLERS,DBJ1,R9019,A+,Sparkles,30k-50k,South Zone,9,2024,RING,1
DB JEWELLERS,DBJ1,R9046,A+,Sparkles,30k-50k,South Zone,4,2026,RING,1
DB JEWELLERS,DBJ1,R9063,A+,Sparkles,Less Then 30k,South Zone,1,2025,RING,1
DB JEWELLERS,DBJ1,R9063,A+,Sparkles,Less Then 30k,South Zone,12,2025,RING,1
DB JEWELLERS,DBJ1,R9096,A+,Sparkles,50k-75k,South Zone,4,2025,RING,1
DB JEWELLERS,DBJ1,R9219,A+,Sparkles,30k-50k,South Zone,1,2025,RING,1
DB JEWELLERS,DBJ1,R942,A+,Sparkles,75k-100k,South Zone,10,2021,RING,1
DB JEWELLERS,DBJ1,RB1768,A+,Sparkles,75k-100k,South Zone,12,2022,RING,1
DB JEWELLERS,DBJ1,RN14826,A+,Sparkles,Less Then 30k,South Zone,3,2026,RING,1
DB JEWELLERS,DBJ1,RN14829,A+,Sparkles,Less Then 30k,South Zone,5,2026,RING,1
DB JEWELLERS,DBJ1,RN14830,A+,Sparkles,Less Then 30k,South Zone,3,2026,RING,1
DB JEWELLERS,DBJ1,RN14831,A+,Sparkles,Less Then 30k,South Zone,3,2026,RING,1
DB JEWELLERS,DBJ1,RN14832,A+,Sparkles,Less Then 30k,South Zone,4,2026,RING,1
DB JEWELLERS,DBJ1,RN14834,A+,Sparkles,Less Then 30k,South Zone,4,2026,RING,1
DB JEWELLERS,DBJ1,RN14835,A+,Sparkles,Less Then 30k,South Zone,4,2026,RING,1
DB JEWELLERS,DBJ1,RN20403,A+,Sparkles,Less Then 30k,South Zone,11,2025,RING,1
DB JEWELLERS,DBJ1,RN20404,A+,Sparkles,Less Then 30k,South Zone,11,2025,RING,1
DB JEWELLERS,DBJ1,RN20404,A+,Sparkles,Less Then 30k,South Zone,12,2025,RING,1
DB JEWELLERS,DBJ1,RN20405,A+,Sparkles,Less Then 30k,South Zone,1,2026,RING,1
DB JEWELLERS,DBJ1,RN20407,A+,Sparkles,Less Then 30k,South Zone,1,2026,RING,1
DB JEWELLERS,DBJ1,RN20407,A+,Sparkles,Less Then 30k,South Zone,5,2026,RING,1
DB JEWELLERS,DBJ1,RN20409,A+,Sparkles,Less Then 30k,South Zone,5,2026,RING,1
DB JEWELLERS,DBJ1,RN20410,A+,Sparkles,Less Then 30k,South Zone,4,2026,RING,1
DB JEWELLERS,DBJ1,RN20413,A+,Sparkles,Less Then 30k,South Zone,2,2026,RING,1
DB JEWELLERS,DBJ1,SMNP487,A+,Sparkles,Less Then 30k,South Zone,5,2023,NOSE PIN,1
DB JEWELLERS,DBJ1,SMNP496,A+,Sparkles,Less Then 30k,South Zone,6,2024,NOSE PIN,2
DB JEWELLERS,DBJ1,SMNP515,A+,Sparkles,Less Then 30k,South Zone,12,2025,NOSE PIN,1
DB JEWELLERS,DBJ1,SMNP520,A+,Sparkles,Less Then 30k,South Zone,3,2026,NOSE PIN,1
DB JEWELLERS,DBJ1,SMNP527,A+,Sparkles,Less Then 30k,South Zone,4,2024,NOSE PIN,1
DB JEWELLERS,DBJ1,SMR356,A+,Sparkles,Less Then 30k,South Zone,4,2023,RING,1
DB JEWELLERS,DBJ1,SMR372,A+,Sparkles,30k-50k,South Zone,10,2023,RING,1
DB JEWELLERS,DBJ1,SMT297,A+,Sparkles,Less Then 30k,South Zone,10,2023,EARRING,1
DB JEWELLERS,DBJ1,SMT303,A+,Sparkles,Less Then 30k,South Zone,10,2022,EARRING,1
DB JEWELLERS,DBJ1,SMT354,A+,Sparkles,Less Then 30k,South Zone,11,2022,EARRING,1
DB JEWELLERS,DBJ1,SMT360,A+,Sparkles,Less Then 30k,South Zone,8,2021,EARRING,1
DB JEWELLERS,DBJ1,SMT364,A+,Sparkles,Less Then 30k,South Zone,5,2022,EARRING,1
DB JEWELLERS,DBJ1,SMT370,A+,Sparkles,Less Then 30k,South Zone,5,2024,EARRING,1
DB JEWELLERS,DBJ1,SMT383,A+,Sparkles,Less Then 30k,South Zone,6,2022,EARRING,1
DB JEWELLERS,DBJ1,SMT414,A+,Sparkles,30k-50k,South Zone,11,2021,EARRING,1
DB JEWELLERS,DBJ1,SMT418,A+,Sparkles,Less Then 30k,South Zone,12,2022,EARRING,1
DB JEWELLERS,DBJ1,T10074,A+,Sparkles,30k-50k,South Zone,1,2023,EARRING,1
DB JEWELLERS,DBJ1,T10187,A+,Sparkles,Less Then 30k,South Zone,11,2022,EARRING,1
DB JEWELLERS,DBJ1,T10401,A+,Sparkles,Less Then 30k,South Zone,3,2024,EARRING,1
DB JEWELLERS,DBJ1,T10490,A+,Sparkles,Less Then 30k,South Zone,9,2022,EARRING,1
DB JEWELLERS,DBJ1,T10497,A+,Sparkles,Less Then 30k,South Zone,1,2024,EARRING,1
DB JEWELLERS,DBJ1,T10538,A+,Sparkles,30k-50k,South Zone,12,2025,EARRING,1
DB JEWELLERS,DBJ1,T10538,A+,Sparkles,50k-75k,South Zone,10,2022,EARRING,1
DB JEWELLERS,DBJ1,T10547,A+,Sparkles,Less Then 30k,South Zone,4,2025,EARRING,1
DB JEWELLERS,DBJ1,T11139,A+,Sparkles,75k-100k,South Zone,9,2021,EARRING,1
DB JEWELLERS,DBJ1,T111447,A+,Sparkles,30k-50k,South Zone,10,2022,EARRING,1
DB JEWELLERS,DBJ1,T11516,A+,Sparkles,30k-50k,South Zone,12,2022,EARRING,1
DB JEWELLERS,DBJ1,T12458,A+,Sparkles,30k-50k,South Zone,2,2026,EARRING,1
DB JEWELLERS,DBJ1,T12573,A+,Sparkles,30k-50k,South Zone,12,2024,EARRING,1
DB JEWELLERS,DBJ1,T13685,A+,Sparkles,30k-50k,South Zone,2,2025,EARRING,1
DB JEWELLERS,DBJ1,T13924,A+,Sparkles,Less Then 30k,South Zone,5,2026,EARRING,1
DB JEWELLERS,DBJ1,T14425,A+,Sparkles,50k-75k,South Zone,5,2025,EARRING,1
DB JEWELLERS,DBJ1,T14446,A+,Sparkles,30k-50k,South Zone,4,2026,EARRING,1
DB JEWELLERS,DBJ1,T14446,A+,Sparkles,30k-50k,South Zone,12,2024,EARRING,1
DB JEWELLERS,DBJ1,T14474,A+,Sparkles,30k-50k,South Zone,7,2025,EARRING,1
DB JEWELLERS,DBJ1,T14474,A+,Sparkles,30k-50k,South Zone,10,2024,EARRING,1
DB JEWELLERS,DBJ1,T14477,A+,Sparkles,75k-100k,South Zone,3,2025,EARRING,1
DB JEWELLERS,DBJ1,T14581,A+,Sparkles,50k-75k,South Zone,11,2025,EARRING,1
DB JEWELLERS,DBJ1,T14703,A+,Sparkles,30k-50k,South Zone,2,2026,EARRING,1
DB JEWELLERS,DBJ1,T15029,A+,Sparkles,30k-50k,South Zone,6,2025,EARRING,1
DB JEWELLERS,DBJ1,T15120,A+,Sparkles,30k-50k,South Zone,2,2025,EARRING,1
DB JEWELLERS,DBJ1,T1710,A+,Sparkles,Less Then 30k,South Zone,7,2025,EARRING,1
DB JEWELLERS,DBJ1,T17652,A+,Sparkles,50k-75k,South Zone,5,2025,EARRING,1
DB JEWELLERS,DBJ1,T17872,A+,Sparkles,100k-150k,South Zone,1,2025,EARRING,1
DB JEWELLERS,DBJ1,T17884,A+,Sparkles,30k-50k,South Zone,1,2025,EARRING,1
DB JEWELLERS,DBJ1,T18129,A+,Sparkles,30k-50k,South Zone,6,2025,EARRING,1
DB JEWELLERS,DBJ1,T18541,A+,Sparkles,Less Then 30k,South Zone,2,2025,EARRING,1
DB JEWELLERS,DBJ1,T18555,A+,Sparkles,Less Then 30k,South Zone,1,2025,EARRING,1
DB JEWELLERS,DBJ1,T18555,A+,Sparkles,Less Then 30k,South Zone,1,2026,EARRING,1
DB JEWELLERS,DBJ1,T18555,A+,Sparkles,Less Then 30k,South Zone,5,2025,EARRING,1
DB JEWELLERS,DBJ1,T18555,A+,Sparkles,Less Then 30k,South Zone,5,2026,EARRING,1
DB JEWELLERS,DBJ1,T18658,A+,Sparkles,30k-50k,South Zone,1,2025,EARRING,1
DB JEWELLERS,DBJ1,T18659,A+,Sparkles,Less Then 30k,South Zone,2,2026,EARRING,1
DB JEWELLERS,DBJ1,T18659,A+,Sparkles,Less Then 30k,South Zone,7,2025,EARRING,1
DB JEWELLERS,DBJ1,T18663,A+,Sparkles,50k-75k,South Zone,11,2025,EARRING,1
DB JEWELLERS,DBJ1,T18665,A+,Sparkles,Less Then 30k,South Zone,2,2025,EARRING,1
DB JEWELLERS,DBJ1,T18665,A+,Sparkles,Less Then 30k,South Zone,6,2024,EARRING,1
DB JEWELLERS,DBJ1,T18665,A+,Sparkles,Less Then 30k,South Zone,11,2025,EARRING,1
DB JEWELLERS,DBJ1,T18666,A+,Sparkles,Less Then 30k,South Zone,5,2026,EARRING,1
DB JEWELLERS,DBJ1,T18667,A+,Sparkles,Less Then 30k,South Zone,3,2026,EARRING,1
DB JEWELLERS,DBJ1,T18667,A+,Sparkles,Less Then 30k,South Zone,10,2024,EARRING,1
DB JEWELLERS,DBJ1,T18670,A+,Sparkles,30k-50k,South Zone,7,2025,EARRING,1
DB JEWELLERS,DBJ1,T18671,A+,Sparkles,30k-50k,South Zone,3,2026,EARRING,1
DB JEWELLERS,DBJ1,T18672,A+,Sparkles,Less Then 30k,South Zone,5,2026,EARRING,1
DB JEWELLERS,DBJ1,T18672,A+,Sparkles,Less Then 30k,South Zone,11,2025,EARRING,1
DB JEWELLERS,DBJ1,T18678,A+,Sparkles,30k-50k,South Zone,2,2025,EARRING,1
DB JEWELLERS,DBJ1,T18678,A+,Sparkles,30k-50k,South Zone,3,2026,EARRING,1
DB JEWELLERS,DBJ1,T18678,A+,Sparkles,30k-50k,South Zone,6,2025,EARRING,1
DB JEWELLERS,DBJ1,T18680,A+,Sparkles,Less Then 30k,South Zone,8,2025,EARRING,1
DB JEWELLERS,DBJ1,T19015,A+,Sparkles,50k-75k,South Zone,1,2026,EARRING,1
DB JEWELLERS,DBJ1,T19017,A+,Sparkles,30k-50k,South Zone,2,2025,EARRING,1
DB JEWELLERS,DBJ1,T19024,A+,Sparkles,50k-75k,South Zone,5,2025,EARRING,1
DB JEWELLERS,DBJ1,T19034,A+,Sparkles,30k-50k,South Zone,2,2025,EARRING,1
DB JEWELLERS,DBJ1,T19034,A+,Sparkles,30k-50k,South Zone,11,2024,EARRING,1
DB JEWELLERS,DBJ1,T19041,A+,Sparkles,30k-50k,South Zone,4,2025,EARRING,1
DB JEWELLERS,DBJ1,T19041,A+,Sparkles,30k-50k,South Zone,12,2024,EARRING,1
DB JEWELLERS,DBJ1,T19042,A+,Sparkles,100k-150k,South Zone,8,2025,EARRING,1
DB JEWELLERS,DBJ1,T19047,A+,Sparkles,Less Then 30k,South Zone,2,2026,EARRING,1
DB JEWELLERS,DBJ1,T19050,A+,Sparkles,30k-50k,South Zone,4,2026,EARRING,1
DB JEWELLERS,DBJ1,T19050,A+,Sparkles,30k-50k,South Zone,6,2025,EARRING,1
DB JEWELLERS,DBJ1,T19050,A+,Sparkles,30k-50k,South Zone,11,2025,EARRING,1
DB JEWELLERS,DBJ1,T19057,A+,Sparkles,30k-50k,South Zone,5,2025,EARRING,1
DB JEWELLERS,DBJ1,T19071,A+,Sparkles,30k-50k,South Zone,11,2025,EARRING,1
DB JEWELLERS,DBJ1,T19091,A+,Sparkles,30k-50k,South Zone,11,2025,EARRING,1
DB JEWELLERS,DBJ1,T19093,A+,Sparkles,Less Then 30k,South Zone,5,2026,EARRING,1
DB JEWELLERS,DBJ1,T19094,A+,Sparkles,Less Then 30k,South Zone,5,2026,EARRING,1
DB JEWELLERS,DBJ1,T19115,A+,Sparkles,Less Then 30k,South Zone,1,2026,EARRING,2
DB JEWELLERS,DBJ1,T19115,A+,Sparkles,Less Then 30k,South Zone,2,2026,EARRING,1
DB JEWELLERS,DBJ1,T19117,A+,Sparkles,Less Then 30k,South Zone,11,2025,EARRING,1
DB JEWELLERS,DBJ1,T19121,A+,Sparkles,30k-50k,South Zone,11,2025,EARRING,1
DB JEWELLERS,DBJ1,T19231,A+,Sparkles,Less Then 30k,South Zone,5,2026,EARRING,1
DB JEWELLERS,DBJ1,T19341,A+,Sparkles,Less Then 30k,South Zone,4,2026,EARRING,1
DB JEWELLERS,DBJ1,T19341,A+,Sparkles,Less Then 30k,South Zone,11,2025,EARRING,1
DB JEWELLERS,DBJ1,T19342,A+,Sparkles,Less Then 30k,South Zone,11,2025,EARRING,1
DB JEWELLERS,DBJ1,T20026,A+,Sparkles,30k-50k,South Zone,11,2024,EARRING,1
DB JEWELLERS,DBJ1,T20054,A+,Sparkles,50k-75k,South Zone,5,2026,EARRING,1
DB JEWELLERS,DBJ1,T20335,A+,Sparkles,30k-50k,South Zone,5,2026,EARRING,1
DB JEWELLERS,DBJ1,T2728,A+,Sparkles,50k-75k,South Zone,5,2023,EARRING,1
DB JEWELLERS,DBJ1,T2729,A+,Sparkles,Less Then 30k,South Zone,5,2026,EARRING,1
DB JEWELLERS,DBJ1,T2729,A+,Sparkles,Less Then 30k,South Zone,12,2025,EARRING,1
DB JEWELLERS,DBJ1,T537,A+,Sparkles,30k-50k,South Zone,6,2024,EARRING,1
DB JEWELLERS,DBJ1,T5554,A+,Sparkles,Less Then 30k,South Zone,4,2023,EARRING,1
DB JEWELLERS,DBJ1,T5663,A+,Sparkles,Less Then 30k,South Zone,4,2026,EARRING,1
DB JEWELLERS,DBJ1,T6312,A+,Sparkles,30k-50k,South Zone,5,2022,EARRING,1
DB JEWELLERS,DBJ1,T6312,A+,Sparkles,Less Then 30k,South Zone,1,2023,EARRING,1
DB JEWELLERS,DBJ1,T6478,A+,Sparkles,50k-75k,South Zone,11,2021,EARRING,1
DB JEWELLERS,DBJ1,T6503,A+,Sparkles,30k-50k,South Zone,3,2026,EARRING,1
DB JEWELLERS,DBJ1,T6503,A+,Sparkles,30k-50k,South Zone,9,2025,EARRING,1
DB JEWELLERS,DBJ1,T6549,A+,Sparkles,30k-50k,South Zone,5,2026,EARRING,1
DB JEWELLERS,DBJ1,T6553,A+,Sparkles,30k-50k,South Zone,6,2023,EARRING,1
DB JEWELLERS,DBJ1,T6682,A+,Sparkles,50k-75k,South Zone,11,2021,EARRING,1
DB JEWELLERS,DBJ1,T7137,A+,Sparkles,Less Then 30k,South Zone,11,2025,EARRING,1
DB JEWELLERS,DBJ1,T7653,A+,Sparkles,Less Then 30k,South Zone,11,2021,EARRING,1
DB JEWELLERS,DBJ1,T8150,A+,Sparkles,Less Then 30k,South Zone,5,2022,EARRING,1
DB JEWELLERS,DBJ1,T8316,A+,Sparkles,30k-50k,South Zone,7,2024,EARRING,1
DB JEWELLERS,DBJ1,T8522,A+,Sparkles,75k-100k,South Zone,2,2024,EARRING,1
DB JEWELLERS,DBJ1,T8715,A+,Sparkles,30k-50k,South Zone,1,2026,EARRING,1
DB JEWELLERS,DBJ1,T8715,A+,Sparkles,30k-50k,South Zone,4,2025,EARRING,1
DB JEWELLERS,DBJ1,T9699,A+,Sparkles,30k-50k,South Zone,5,2025,EARRING,1
DB JEWELLERS,DBJ1,T996,A+,Sparkles,30k-50k,South Zone,4,2026,EARRING,1
DB JEWELLERS,DBJ1,T9991,A+,Sparkles,30k-50k,South Zone,5,2022,EARRING,1
DB JEWELLERS,DBJ1,T9991,A+,Sparkles,30k-50k,South Zone,8,2024,EARRING,1
DB JEWELLERS,DBJ1,TM19809,A+,Sparkles,50k-75k,South Zone,5,2026,TANMANIYA,1
DB JEWELLERS,DBJ1,TN10836,A+,Sparkles,50k-75k,South Zone,9,2021,NECKLACE,1
DB JEWELLERS,DBJ1,TN20404,A+,Sparkles,Less Then 30k,South Zone,4,2026,EARRING,1
DB JEWELLERS,DBJ1,TN20405,A+,Sparkles,Less Then 30k,South Zone,4,2026,EARRING,1
DB JEWELLERS,DBJ1,TN20406,A+,Sparkles,Less Then 30k,South Zone,3,2026,EARRING,1
DB JEWELLERS,DBJ1,TN20409,A+,Sparkles,Less Then 30k,South Zone,2,2026,EARRING,1
DB JEWELLERS,DBJ1,TN20410,A+,Sparkles,Less Then 30k,South Zone,1,2026,EARRING,1
DB JEWELLERS,DBJ1,TN20414,A+,Sparkles,Less Then 30k,South Zone,3,2026,EARRING,1
DB JEWELLERS,DBJ1,TN20414,A+,Sparkles,Less Then 30k,South Zone,12,2025,EARRING,1
DB JEWELLERS,DBJ1,TN20416,A+,Sparkles,Less Then 30k,South Zone,3,2026,EARRING,1
DB JEWELLERS,DBJ1,TNP6365,A+,Sparkles,Less Then 30k,South Zone,11,2024,NOSE PIN,1
DEVISHREE JEWELLRS,DVJ01,AFDBR1253,A+,Sparkles,150k-200k,South Zone,12,2025,BRACELET,1
DEVISHREE JEWELLRS,DVJ01,AFDT1401,A+,Sparkles,50k-75k,South Zone,3,2026,EARRING,1
DEVISHREE JEWELLRS,DVJ01,AFDT1403,A+,Sparkles,100k-150k,South Zone,3,2026,EARRING,1
DEVISHREE JEWELLRS,DVJ01,AFDT1410,A+,Sparkles,Less Then 30k,South Zone,4,2026,EARRING,1
DEVISHREE JEWELLRS,DVJ01,BR16467,A+,Sparkles,150k-200k,South Zone,3,2026,BRACELET,1
DEVISHREE JEWELLRS,DVJ01,N19560,A+,Sparkles,50k-75k,South Zone,12,2025,NECKLACE,1
DEVISHREE JEWELLRS,DVJ01,NP11010,A+,Sparkles,Less Then 30k,South Zone,2,2026,NOSE PIN,1
DEVISHREE JEWELLRS,DVJ01,NP11015,A+,Sparkles,Less Then 30k,South Zone,2,2026,NOSE PIN,1
DEVISHREE JEWELLRS,DVJ01,NP11754,A+,Sparkles,Less Then 30k,South Zone,3,2026,NOSE PIN,1
DEVISHREE JEWELLRS,DVJ01,NP11754,A+,Sparkles,Less Then 30k,South Zone,11,2025,NOSE PIN,1
DEVISHREE JEWELLRS,DVJ01,NP1231,A+,Sparkles,Less Then 30k,South Zone,12,2025,NOSE PIN,1
DEVISHREE JEWELLRS,DVJ01,NP1876,A+,Sparkles,Less Then 30k,South Zone,3,2026,NOSE PIN,1
DEVISHREE JEWELLRS,DVJ01,NP1879,A+,Sparkles,Less Then 30k,South Zone,11,2025,NOSE PIN,1
DEVISHREE JEWELLRS,DVJ01,NP1881,A+,Sparkles,Less Then 30k,South Zone,2,2026,NOSE PIN,1
DEVISHREE JEWELLRS,DVJ01,NP1881,A+,Sparkles,Less Then 30k,South Zone,5,2026,NOSE PIN,1
DEVISHREE JEWELLRS,DVJ01,NP1882,A+,Sparkles,Less Then 30k,South Zone,11,2025,NOSE PIN,2
DEVISHREE JEWELLRS,DVJ01,NP1884,A+,Sparkles,Less Then 30k,South Zone,11,2025,NOSE PIN,1
DEVISHREE JEWELLRS,DVJ01,NP20505,A+,Sparkles,Less Then 30k,South Zone,12,2025,NOSE PIN,2
DEVISHREE JEWELLRS,DVJ01,NP20507,A+,Sparkles,Less Then 30k,South Zone,12,2025,NOSE PIN,1
DEVISHREE JEWELLRS,DVJ01,NP20509,A+,Sparkles,Less Then 30k,South Zone,5,2026,NOSE PIN,1
DEVISHREE JEWELLRS,DVJ01,NP21754,A+,Sparkles,Less Then 30k,South Zone,2,2026,NOSE PIN,1
DEVISHREE JEWELLRS,DVJ01,NP2231,A+,Sparkles,Less Then 30k,South Zone,1,2026,NOSE PIN,1
DEVISHREE JEWELLRS,DVJ01,NP273,A+,Sparkles,Less Then 30k,South Zone,2,2026,NOSE PIN,1
DEVISHREE JEWELLRS,DVJ01,NP273,A+,Sparkles,Less Then 30k,South Zone,11,2025,NOSE PIN,1
DEVISHREE JEWELLRS,DVJ01,NP3261,A+,Sparkles,Less Then 30k,South Zone,11,2025,NOSE PIN,1
DEVISHREE JEWELLRS,DVJ01,NP5231,A+,Sparkles,Less Then 30k,South Zone,5,2026,NOSE PIN,1
DEVISHREE JEWELLRS,DVJ01,NP7950,A+,Sparkles,Less Then 30k,South Zone,1,2026,NOSE PIN,1
DEVISHREE JEWELLRS,DVJ01,NP7950,A+,Sparkles,Less Then 30k,South Zone,12,2025,NOSE PIN,1
DEVISHREE JEWELLRS,DVJ01,NP7951,A+,Sparkles,Less Then 30k,South Zone,12,2025,NOSE PIN,1
DEVISHREE JEWELLRS,DVJ01,NP7951,A+,Sparq,Less Then 2k,South Zone,3,2026,NOSE PIN,1
DEVISHREE JEWELLRS,DVJ01,NP8514,A+,Sparkles,Less Then 30k,South Zone,12,2025,NOSE PIN,1
DEVISHREE JEWELLRS,DVJ01,NP8516,A+,Sparkles,Less Then 30k,South Zone,1,2026,NOSE PIN,2
DEVISHREE JEWELLRS,DVJ01,NP8516,A+,Sparkles,Less Then 30k,South Zone,2,2026,NOSE PIN,1
DEVISHREE JEWELLRS,DVJ01,NP8516,A+,Sparkles,Less Then 30k,South Zone,4,2026,NOSE PIN,1
DEVISHREE JEWELLRS,DVJ01,NP8516,A+,Sparkles,Less Then 30k,South Zone,11,2025,NOSE PIN,2
DEVISHREE JEWELLRS,DVJ01,P20007,A+,Sparkles,75k-100k,South Zone,12,2025,PENDANT,1
DEVISHREE JEWELLRS,DVJ01,P20101,A+,Sparq,Above 25k,South Zone,11,2025,PENDANT,1
DEVISHREE JEWELLRS,DVJ01,P20281,A+,Sparkles,Less Then 30k,South Zone,11,2025,PENDANT,1
DEVISHREE JEWELLRS,DVJ01,P2438,A+,Sparkles,Less Then 30k,South Zone,1,2026,PENDANT,1
DEVISHREE JEWELLRS,DVJ01,R10153,A+,Sparkles,Less Then 30k,South Zone,2,2026,RING,1
DEVISHREE JEWELLRS,DVJ01,R10153,A+,Sparkles,Less Then 30k,South Zone,3,2026,RING,1
DEVISHREE JEWELLRS,DVJ01,R10991,A+,Sparkles,Less Then 30k,South Zone,1,2026,RING,1
DEVISHREE JEWELLRS,DVJ01,R11930,A+,Sparkles,Less Then 30k,South Zone,3,2026,RING,1
DEVISHREE JEWELLRS,DVJ01,R12375,A+,Sparkles,30k-50k,South Zone,1,2026,RING,1
DEVISHREE JEWELLRS,DVJ01,R14106,A+,Sparkles,30k-50k,South Zone,3,2026,RING,1
DEVISHREE JEWELLRS,DVJ01,R14184,A+,Sparkles,Less Then 30k,South Zone,5,2026,RING,1
DEVISHREE JEWELLRS,DVJ01,R14186,A+,Sparkles,Less Then 30k,South Zone,3,2026,RING,1
DEVISHREE JEWELLRS,DVJ01,R14522,A+,Sparq,4k-7k,South Zone,3,2026,RING,1
DEVISHREE JEWELLRS,DVJ01,R14543,A+,Sparq,15k-25k,South Zone,5,2026,RING,1
DEVISHREE JEWELLRS,DVJ01,R14611,A+,Sparkles,30k-50k,South Zone,2,2026,RING,1
DEVISHREE JEWELLRS,DVJ01,R14676,A+,Sparq,4k-7k,South Zone,11,2025,RING,1
DEVISHREE JEWELLRS,DVJ01,R14699,A+,Sparq,10k-15k,South Zone,5,2026,RING,1
DEVISHREE JEWELLRS,DVJ01,R14767,A+,Sparq,2k-4k,South Zone,1,2026,RING,1
DEVISHREE JEWELLRS,DVJ01,R14773,A+,Sparq,4k-7k,South Zone,1,2026,RING,1
DEVISHREE JEWELLRS,DVJ01,R14773,A+,Sparq,4k-7k,South Zone,3,2026,RING,1
DEVISHREE JEWELLRS,DVJ01,R19690,A+,Sparq,7k-10k,South Zone,4,2026,RING,1
DEVISHREE JEWELLRS,DVJ01,R7368,A+,Sparq,10k-15k,South Zone,5,2026,RING,1
DEVISHREE JEWELLRS,DVJ01,RN14827,A+,Sparkles,Less Then 30k,South Zone,3,2026,RING,1
DEVISHREE JEWELLRS,DVJ01,RN20403,A+,Sparkles,Less Then 30k,South Zone,2,2026,RING,1
DEVISHREE JEWELLRS,DVJ01,RN20403,A+,Sparkles,Less Then 30k,South Zone,4,2026,RING,1
DEVISHREE JEWELLRS,DVJ01,RN20407,A+,Sparkles,Less Then 30k,South Zone,3,2026,RING,1
DEVISHREE JEWELLRS,DVJ01,SMNP522,A+,Sparkles,Less Then 30k,South Zone,3,2026,NOSE PIN,1
DEVISHREE JEWELLRS,DVJ01,SMNP526,A+,Sparkles,Less Then 30k,South Zone,11,2025,NOSE PIN,1
DEVISHREE JEWELLRS,DVJ01,T12503,A+,Sparkles,30k-50k,South Zone,4,2026,EARRING,1
DEVISHREE JEWELLRS,DVJ01,T18555,A+,Sparkles,Less Then 30k,South Zone,2,2026,EARRING,1
DEVISHREE JEWELLRS,DVJ01,T18555,A+,Sparkles,Less Then 30k,South Zone,4,2026,EARRING,1
DEVISHREE JEWELLRS,DVJ01,T18661,A+,Sparkles,50k-75k,South Zone,4,2026,EARRING,1
DEVISHREE JEWELLRS,DVJ01,T18664,A+,Sparkles,30k-50k,South Zone,1,2026,EARRING,1
DEVISHREE JEWELLRS,DVJ01,T18666,A+,Sparkles,Less Then 30k,South Zone,2,2026,EARRING,1
DEVISHREE JEWELLRS,DVJ01,T18680,A+,Sparkles,Less Then 30k,South Zone,4,2026,EARRING,1
DEVISHREE JEWELLRS,DVJ01,T19017,A+,Sparkles,30k-50k,South Zone,12,2025,EARRING,1
DEVISHREE JEWELLRS,DVJ01,T19084,A+,Sparkles,Less Then 30k,South Zone,12,2025,EARRING,1
DEVISHREE JEWELLRS,DVJ01,T19115,A+,Sparkles,Less Then 30k,South Zone,5,2026,EARRING,1
DEVISHREE JEWELLRS,DVJ01,T19120,A+,Sparkles,Less Then 30k,South Zone,1,2026,EARRING,1
DEVISHREE JEWELLRS,DVJ01,T19120,A+,Sparkles,Less Then 30k,South Zone,2,2026,EARRING,1
DEVISHREE JEWELLRS,DVJ01,T19341,A+,Sparkles,Less Then 30k,South Zone,11,2025,EARRING,1
DEVISHREE JEWELLRS,DVJ01,T19342,A+,Sparkles,Less Then 30k,South Zone,5,2026,EARRING,1
DEVISHREE JEWELLRS,DVJ01,T19666,A+,Sparkles,50k-75k,South Zone,1,2026,EARRING,1
DEVISHREE JEWELLRS,DVJ01,T19728,A+,Sparq,2k-4k,South Zone,3,2026,EARRING,1
DEVISHREE JEWELLRS,DVJ01,T19743,A+,Sparkles,Less Then 30k,South Zone,2,2026,EARRING,1
DEVISHREE JEWELLRS,DVJ01,T2729,A+,Sparkles,Less Then 30k,South Zone,5,2026,EARRING,1
DEVISHREE JEWELLRS,DVJ01,T8715,A+,Sparkles,Less Then 30k,South Zone,3,2026,EARRING,1
DEVISHREE JEWELLRS,DVJ01,TM19816,A+,Sparkles,30k-50k,South Zone,4,2026,TANMANIYA,1
DEVISHREE JEWELLRS,DVJ01,TN20403,A+,Sparkles,Less Then 30k,South Zone,3,2026,EARRING,1
DEVISHREE JEWELLRS,DVJ01,TN20405,A+,Sparkles,Less Then 30k,South Zone,2,2026,EARRING,1
DEVISHREE JEWELLRS,DVJ01,TN20409,A+,Sparkles,Less Then 30k,South Zone,11,2025,EARRING,1
DEVISHREE JEWELLRS,DVJ01,TN20412,A+,Sparkles,Less Then 30k,South Zone,11,2025,EARRING,1
DEVISHREE JEWELLRS,DVJ01,TN20414,A+,Sparkles,Less Then 30k,South Zone,11,2025,EARRING,1
DEVISHREE JEWELLRS,DVJ01,TN20416,A+,Sparkles,Less Then 30k,South Zone,2,2026,EARRING,1
DEVISHREE JEWELLRS,DVJ01,TN20416,A+,Sparkles,Less Then 30k,South Zone,12,2025,EARRING,1
FANCY JEWELLERYS - KOLKATAA 2,FJ02,NP1882,A+,Sparkles,Less Then 30k,East Zone,4,2026,NOSE PIN,1
FANCY JEWELLERYS - KOLKATAA 2,FJ02,NP1882,A+,Sparq,2k-4k,East Zone,4,2026,NOSE PIN,1
FANCY JEWELLERYS - KOLKATAA 2,FJ02,NP1883,A+,Sparkles,Less Then 30k,East Zone,4,2026,NOSE PIN,1
FANCY JEWELLERYS - KOLKATAA 2,FJ02,NP7950,A+,Sparkles,Less Then 30k,East Zone,4,2026,NOSE PIN,1
FANCY JEWELLERYS - KOLKATAA 2,FJ02,NP7950,A+,Sparkles,Less Then 30k,East Zone,5,2026,NOSE PIN,1
FANCY JEWELLERYS - KOLKATAA 2,FJ02,NP7950,A+,Sparq,Less Then 2k,East Zone,5,2026,NOSE PIN,1
FANCY JEWELLERYS - KOLKATAA 2,FJ02,R14692,A+,Sparq,10k-15k,East Zone,4,2026,RING,1
FANCY JEWELLERYS - Kolkataa,FJ01,AFDT1401,A+,Sparkles,50k-75k,East Zone,4,2026,EARRING,1
FANCY JEWELLERYS - Kolkataa,FJ01,AFDT1411,A+,Sparkles,Less Then 30k,East Zone,10,2025,EARRING,1
FANCY JEWELLERYS - Kolkataa,FJ01,NP11014,A+,Sparkles,Less Then 30k,East Zone,11,2025,NOSE PIN,1
FANCY JEWELLERYS - Kolkataa,FJ01,NP11020,A+,Sparkles,Less Then 30k,East Zone,2,2026,NOSE PIN,1
FANCY JEWELLERYS - Kolkataa,FJ01,NP11754,A+,Sparkles,Less Then 30k,East Zone,10,2025,NOSE PIN,1
FANCY JEWELLERYS - Kolkataa,FJ01,NP1231,A+,Sparkles,Less Then 30k,East Zone,12,2025,NOSE PIN,1
FANCY JEWELLERYS - Kolkataa,FJ01,NP12432,A+,Sparkles,Less Then 30k,East Zone,10,2025,NOSE PIN,1
FANCY JEWELLERYS - Kolkataa,FJ01,NP13651,A+,Sparkles,Less Then 30k,East Zone,2,2026,NOSE PIN,1
FANCY JEWELLERYS - Kolkataa,FJ01,NP1488,A+,Sparkles,Less Then 30k,East Zone,4,2026,NOSE PIN,1
FANCY JEWELLERYS - Kolkataa,FJ01,NP1754,A+,Sparkles,Less Then 30k,East Zone,1,2026,NOSE PIN,1
FANCY JEWELLERYS - Kolkataa,FJ01,NP1877,A+,Sparkles,Less Then 30k,East Zone,2,2026,NOSE PIN,1
FANCY JEWELLERYS - Kolkataa,FJ01,NP1882,A+,Sparkles,Less Then 30k,East Zone,5,2026,NOSE PIN,1
FANCY JEWELLERYS - Kolkataa,FJ01,NP20505,A+,Sparkles,Less Then 30k,East Zone,3,2026,NOSE PIN,2
FANCY JEWELLERYS - Kolkataa,FJ01,NP20505,A+,Sparkles,Less Then 30k,East Zone,10,2025,NOSE PIN,1
FANCY JEWELLERYS - Kolkataa,FJ01,NP20505,A+,Sparkles,Less Then 30k,East Zone,11,2025,NOSE PIN,1
FANCY JEWELLERYS - Kolkataa,FJ01,NP20518,A+,Sparkles,Less Then 30k,East Zone,1,2026,NOSE PIN,1
FANCY JEWELLERYS - Kolkataa,FJ01,NP20524,A+,Sparkles,Less Then 30k,East Zone,4,2026,NOSE PIN,1
FANCY JEWELLERYS - Kolkataa,FJ01,NP20529,A+,Sparkles,Less Then 30k,East Zone,4,2026,NOSE PIN,1
FANCY JEWELLERYS - Kolkataa,FJ01,NP2231,A+,Sparkles,Less Then 30k,East Zone,1,2026,NOSE PIN,2
FANCY JEWELLERYS - Kolkataa,FJ01,NP22432,A+,Sparkles,Less Then 30k,East Zone,5,2026,NOSE PIN,1
FANCY JEWELLERYS - Kolkataa,FJ01,NP2273,A+,Sparkles,Less Then 30k,East Zone,1,2026,NOSE PIN,1
FANCY JEWELLERYS - Kolkataa,FJ01,NP2432,A+,Sparkles,Less Then 30k,East Zone,1,2026,NOSE PIN,1
FANCY JEWELLERYS - Kolkataa,FJ01,NP2432,A+,Sparkles,Less Then 30k,East Zone,2,2026,NOSE PIN,1
FANCY JEWELLERYS - Kolkataa,FJ01,NP273,A+,Sparkles,Less Then 30k,East Zone,2,2026,NOSE PIN,1
FANCY JEWELLERYS - Kolkataa,FJ01,NP3283,A+,Sparkles,Less Then 30k,East Zone,2,2026,NOSE PIN,1
FANCY JEWELLERYS - Kolkataa,FJ01,NP5231,A+,Sparkles,Less Then 30k,East Zone,1,2026,NOSE PIN,1
FANCY JEWELLERYS - Kolkataa,FJ01,NP551,A+,Sparkles,Less Then 30k,East Zone,5,2026,NOSE PIN,1
FANCY JEWELLERYS - Kolkataa,FJ01,NP7231,A+,Sparkles,Less Then 30k,East Zone,1,2026,NOSE PIN,1
FANCY JEWELLERYS - Kolkataa,FJ01,NP7231,A+,Sparkles,Less Then 30k,East Zone,4,2026,NOSE PIN,1
FANCY JEWELLERYS - Kolkataa,FJ01,NP7231,A+,Sparkles,Less Then 30k,East Zone,5,2026,NOSE PIN,1
FANCY JEWELLERYS - Kolkataa,FJ01,NP7950,A+,Sparkles,Less Then 30k,East Zone,3,2026,NOSE PIN,1
FANCY JEWELLERYS - Kolkataa,FJ01,NP7950,A+,Sparkles,Less Then 30k,East Zone,5,2026,NOSE PIN,1
FANCY JEWELLERYS - Kolkataa,FJ01,NP8514,A+,Sparkles,Less Then 30k,East Zone,10,2025,NOSE PIN,1
FANCY JEWELLERYS - Kolkataa,FJ01,NP8516,A+,Sparkles,Less Then 30k,East Zone,1,2026,NOSE PIN,1
FANCY JEWELLERYS - Kolkataa,FJ01,NP8516,A+,Sparkles,Less Then 30k,East Zone,3,2026,NOSE PIN,1
FANCY JEWELLERYS - Kolkataa,FJ01,NP8516,A+,Sparkles,Less Then 30k,East Zone,8,2025,NOSE PIN,1
FANCY JEWELLERYS - Kolkataa,FJ01,P13433,A+,Sparkles,30k-50k,East Zone,12,2025,PENDANT,1
FANCY JEWELLERYS - Kolkataa,FJ01,P20041,A+,Sparkles,Less Then 30k,East Zone,2,2026,PENDANT,1
FANCY JEWELLERYS - Kolkataa,FJ01,P20107,A+,Sparkles,Less Then 30k,East Zone,10,2025,PENDANT,1
FANCY JEWELLERYS - Kolkataa,FJ01,R10491,A+,Sparkles,30k-50k,East Zone,11,2025,RING,1
FANCY JEWELLERYS - Kolkataa,FJ01,R10513,A+,Sparkles,Less Then 30k,East Zone,1,2026,RING,1
FANCY JEWELLERYS - Kolkataa,FJ01,R14608,A+,Sparkles,30k-50k,East Zone,6,2025,RING,1
FANCY JEWELLERYS - Kolkataa,FJ01,R14612,A+,Sparkles,30k-50k,East Zone,10,2025,RING,1
FANCY JEWELLERYS - Kolkataa,FJ01,R15164,A+,Sparkles,50k-75k,East Zone,3,2026,RING,1
FANCY JEWELLERYS - Kolkataa,FJ01,R5382,A+,Sparkles,30k-50k,East Zone,3,2026,RING,1
FANCY JEWELLERYS - Kolkataa,FJ01,R5845,A+,Sparkles,30k-50k,East Zone,12,2025,RING,1
FANCY JEWELLERYS - Kolkataa,FJ01,R6095,A+,Sparkles,30k-50k,East Zone,2,2026,RING,1
FANCY JEWELLERYS - Kolkataa,FJ01,RN20416,A+,Sparkles,Less Then 30k,East Zone,5,2026,RING,1
FANCY JEWELLERYS - Kolkataa,FJ01,SMNP528,A+,Sparkles,Less Then 30k,East Zone,4,2026,NOSE PIN,1
FANCY JEWELLERYS - Kolkataa,FJ01,SMNP537,A+,Sparkles,Less Then 30k,East Zone,2,2026,NOSE PIN,1
FANCY JEWELLERYS - Kolkataa,FJ01,T13590,A+,Sparkles,30k-50k,East Zone,5,2026,EARRING,1
FANCY JEWELLERYS - Kolkataa,FJ01,T13683,A+,Sparkles,30k-50k,East Zone,4,2026,EARRING,1
FANCY JEWELLERYS - Kolkataa,FJ01,T14338,A+,Sparkles,30k-50k,East Zone,3,2026,EARRING,1
FANCY JEWELLERYS - Kolkataa,FJ01,T18251,A+,Sparkles,50k-75k,East Zone,10,2025,EARRING,1
FANCY JEWELLERYS - Kolkataa,FJ01,T18665,A+,Sparkles,Less Then 30k,East Zone,1,2026,EARRING,1
FANCY JEWELLERYS - Kolkataa,FJ01,T2729,A+,Sparkles,Less Then 30k,East Zone,4,2026,EARRING,1
FANCY JEWELLERYS - Kolkataa,FJ01,TN20414,A+,Sparkles,Less Then 30k,East Zone,4,2026,EARRING,1
FANCY JEWELLERYS - Kolkataa,FJ01,TNP7231,A+,Sparkles,Less Then 30k,East Zone,4,2026,EARRING,1
GK 2 SPARKLES -Delhi,GKS02,AFDT1411,A+,Sparkles,Less Then 30k,North Zone,3,2026,EARRING,1
GK 2 SPARKLES -Delhi,GKS02,NP11010,A+,Sparq,2k-4k,North Zone,3,2026,NOSE PIN,2
GK 2 SPARKLES -Delhi,GKS02,NP1487,A+,Sparq,Less Then 2k,North Zone,3,2026,NOSE PIN,1
GK 2 SPARKLES -Delhi,GKS02,NP1488,A+,Sparq,Less Then 2k,North Zone,3,2026,NOSE PIN,1
GK 2 SPARKLES -Delhi,GKS02,NP1495,A+,Sparq,Less Then 2k,North Zone,5,2026,NOSE PIN,1
GK 2 SPARKLES -Delhi,GKS02,NP1882,A+,Sparq,4k-7k,North Zone,3,2026,NOSE PIN,1
GK 2 SPARKLES -Delhi,GKS02,NP20523,A+,Sparq,2k-4k,North Zone,3,2026,NOSE PIN,1
GK 2 SPARKLES -Delhi,GKS02,NP20529,A+,Sparq,Less Then 2k,North Zone,3,2026,NOSE PIN,7
GK 2 SPARKLES -Delhi,GKS02,NP3261,A+,Sparq,2k-4k,North Zone,3,2026,NOSE PIN,2
GK 2 SPARKLES -Delhi,GKS02,NP3290,A+,Sparq,Less Then 2k,North Zone,3,2026,NOSE PIN,1
GK 2 SPARKLES -Delhi,GKS02,NP7952,A+,Sparq,2k-4k,North Zone,3,2026,NOSE PIN,1
GK 2 SPARKLES -Delhi,GKS02,NP8518,A+,Sparq,2k-4k,North Zone,3,2026,NOSE PIN,1
GK 2 SPARKLES -Delhi,GKS02,R14699,A+,Sparq,15k-25k,North Zone,5,2026,RING,1
GK 2 SPARKLES -Delhi,GKS02,R15094,A+,Sparq,10k-15k,North Zone,3,2026,RING,1
GMR HYDERABAD INTERNATIONAL AIRPORT LIMITED,AIR10,AFDT1410,A+,Sparkles,30k-50k,South Zone,2,2026,EARRING,1
GMR HYDERABAD INTERNATIONAL AIRPORT LIMITED,AIR10,AFDT1455,A+,Sparkles,75k-100k,South Zone,5,2026,EARRING,1
GMR HYDERABAD INTERNATIONAL AIRPORT LIMITED,AIR10,CHAIN1,A+,Sparq,2k-4k,South Zone,2,2026,CHAIN,2
GMR HYDERABAD INTERNATIONAL AIRPORT LIMITED,AIR10,N19504,A+,Sparkles,50k-75k,South Zone,1,2026,NECKLACE,1
GMR HYDERABAD INTERNATIONAL AIRPORT LIMITED,AIR10,N19729,A+,Sparq,7k-10k,South Zone,1,2026,NECKLACE,1
GMR HYDERABAD INTERNATIONAL AIRPORT LIMITED,AIR10,N19732,A+,Sparq,4k-7k,South Zone,1,2026,NECKLACE,1
GMR HYDERABAD INTERNATIONAL AIRPORT LIMITED,AIR10,N19737,A+,Sparq,7k-10k,South Zone,5,2026,NECKLACE,1
GMR HYDERABAD INTERNATIONAL AIRPORT LIMITED,AIR10,N19738,A+,Sparq,4k-7k,South Zone,2,2026,NECKLACE,1
GMR HYDERABAD INTERNATIONAL AIRPORT LIMITED,AIR10,N19743,A+,Sparkles,30k-50k,South Zone,4,2026,NECKLACE,1
GMR HYDERABAD INTERNATIONAL AIRPORT LIMITED,AIR10,NP20524,A+,Sparq,2k-4k,South Zone,5,2026,NOSE PIN,1
GMR HYDERABAD INTERNATIONAL AIRPORT LIMITED,AIR10,NP20525,A+,Sparq,2k-4k,South Zone,4,2026,NOSE PIN,1
GMR HYDERABAD INTERNATIONAL AIRPORT LIMITED,AIR10,NP20525,A+,Sparq,2k-4k,South Zone,5,2026,NOSE PIN,1
GMR HYDERABAD INTERNATIONAL AIRPORT LIMITED,AIR10,NP21754,A+,Sparq,Less Then 2k,South Zone,5,2026,NOSE PIN,2
GMR HYDERABAD INTERNATIONAL AIRPORT LIMITED,AIR10,NP7134,A+,Sparkles,Less Then 30k,South Zone,4,2026,NOSE PIN,1
GMR HYDERABAD INTERNATIONAL AIRPORT LIMITED,AIR10,NP7231,A+,Sparq,2k-4k,South Zone,5,2026,NOSE PIN,1
GMR HYDERABAD INTERNATIONAL AIRPORT LIMITED,AIR10,NP8516,A+,Sparq,4k-7k,South Zone,2,2026,NOSE PIN,1
GMR HYDERABAD INTERNATIONAL AIRPORT LIMITED,AIR10,P20109,A+,Sparq,4k-7k,South Zone,2,2026,PENDANT,1
GMR HYDERABAD INTERNATIONAL AIRPORT LIMITED,AIR10,P20110,A+,Sparq,7k-10k,South Zone,3,2026,PENDANT,1
GMR HYDERABAD INTERNATIONAL AIRPORT LIMITED,AIR10,P20117,A+,Sparq,15k-25k,South Zone,5,2026,PENDANT,1
GMR HYDERABAD INTERNATIONAL AIRPORT LIMITED,AIR10,P20494,A+,Sparq,Less Then 2k,South Zone,2,2026,PENDANT,1
GMR HYDERABAD INTERNATIONAL AIRPORT LIMITED,AIR10,P6255,A+,Sparkles,Less Then 30k,South Zone,2,2026,PENDANT,1
GMR HYDERABAD INTERNATIONAL AIRPORT LIMITED,AIR10,R10153,A+,Sparkles,Less Then 30k,South Zone,1,2026,RING,1
GMR HYDERABAD INTERNATIONAL AIRPORT LIMITED,AIR10,R12514,A+,Sparkles,50k-75k,South Zone,3,2026,RING,1
GMR HYDERABAD INTERNATIONAL AIRPORT LIMITED,AIR10,R14181,A+,Sparkles,30k-50k,South Zone,5,2026,RING,1
GMR HYDERABAD INTERNATIONAL AIRPORT LIMITED,AIR10,R14296,A+,Sparkles,Less Then 30k,South Zone,1,2026,RING,1
GMR HYDERABAD INTERNATIONAL AIRPORT LIMITED,AIR10,R14532,A+,Sparq,15k-25k,South Zone,1,2026,RING,1
GMR HYDERABAD INTERNATIONAL AIRPORT LIMITED,AIR10,R14625,A+,Sparkles,30k-50k,South Zone,4,2026,RING,1
GMR HYDERABAD INTERNATIONAL AIRPORT LIMITED,AIR10,R14715,A+,Sparkles,50k-75k,South Zone,1,2026,RING,1
GMR HYDERABAD INTERNATIONAL AIRPORT LIMITED,AIR10,R5375,A+,Sparq,7k-10k,South Zone,2,2026,RING,1
GMR HYDERABAD INTERNATIONAL AIRPORT LIMITED,AIR10,RN20459,A+,Sparq,Less Then 2k,South Zone,5,2026,RING,1
GMR HYDERABAD INTERNATIONAL AIRPORT LIMITED,AIR10,RN20466,A+,Sparq,2k-4k,South Zone,1,2026,RING,1
GMR HYDERABAD INTERNATIONAL AIRPORT LIMITED,AIR10,T18659,A+,Sparkles,30k-50k,South Zone,3,2026,EARRING,1
GMR HYDERABAD INTERNATIONAL AIRPORT LIMITED,AIR10,T18665,A+,Sparkles,30k-50k,South Zone,1,2026,EARRING,1
GMR HYDERABAD INTERNATIONAL AIRPORT LIMITED,AIR10,T19272,A+,Sparq,7k-10k,South Zone,5,2026,EARRING,1
GMR HYDERABAD INTERNATIONAL AIRPORT LIMITED,AIR10,T19325,A+,Sparq,10k-15k,South Zone,3,2026,EARRING,1
GMR HYDERABAD INTERNATIONAL AIRPORT LIMITED,AIR10,T19340,A+,Sparq,7k-10k,South Zone,2,2026,EARRING,1
GMR HYDERABAD INTERNATIONAL AIRPORT LIMITED,AIR10,T19673,A+,Sparkles,30k-50k,South Zone,5,2026,EARRING,1
GMR HYDERABAD INTERNATIONAL AIRPORT LIMITED,AIR10,T19728,A+,Sparq,2k-4k,South Zone,5,2026,EARRING,1
GMR HYDERABAD INTERNATIONAL AIRPORT LIMITED,AIR10,T19743,A+,Sparkles,Less Then 30k,South Zone,1,2026,EARRING,1
GMR HYDERABAD INTERNATIONAL AIRPORT LIMITED,AIR10,T20248,A+,Sparq,15k-25k,South Zone,3,2026,EARRING,1
GMR HYDERABAD INTERNATIONAL AIRPORT LIMITED,AIR10,T20264,A+,Sparq,Above 25k,South Zone,5,2026,EARRING,1
GMR HYDERABAD INTERNATIONAL AIRPORT LIMITED,AIR10,T20304,A+,Sparq,4k-7k,South Zone,3,2026,EARRING,1
GMR HYDERABAD INTERNATIONAL AIRPORT LIMITED,AIR10,T21971,A+,Sparkles,75k-100k,South Zone,4,2026,EARRING,1
GMR HYDERABAD INTERNATIONAL AIRPORT LIMITED,AIR10,T6503,A+,Sparkles,30k-50k,South Zone,3,2026,EARRING,1
Ghosh Jewellers-HatiBagan - Kolkata,GHJ01,NP1231,A+,Sparkles,Less Then 30k,East Zone,4,2026,NOSE PIN,1
Ghosh Jewellers-HatiBagan - Kolkata,GHJ01,NP1754,A+,Sparkles,Less Then 30k,East Zone,4,2026,NOSE PIN,1
Ghosh Jewellers-HatiBagan - Kolkata,GHJ01,NP1882,A+,Sparkles,Less Then 30k,East Zone,3,2026,NOSE PIN,1
Ghosh Jewellers-HatiBagan - Kolkata,GHJ01,NP1884,A+,Sparkles,Less Then 30k,East Zone,1,2026,NOSE PIN,1
Ghosh Jewellers-HatiBagan - Kolkata,GHJ01,NP1884,A+,Sparkles,Less Then 30k,East Zone,12,2025,NOSE PIN,1
Ghosh Jewellers-HatiBagan - Kolkata,GHJ01,NP21754,A+,Sparkles,Less Then 30k,East Zone,1,2026,NOSE PIN,2
Ghosh Jewellers-HatiBagan - Kolkata,GHJ01,NP2231,A+,Sparkles,Less Then 30k,East Zone,4,2026,NOSE PIN,1
Ghosh Jewellers-HatiBagan - Kolkata,GHJ01,NP22432,A+,Sparkles,Less Then 30k,East Zone,3,2026,NOSE PIN,1
Ghosh Jewellers-HatiBagan - Kolkata,GHJ01,NP3261,A+,Sparkles,Less Then 30k,East Zone,4,2026,NOSE PIN,1
Ghosh Jewellers-HatiBagan - Kolkata,GHJ01,NP551,A+,Sparkles,Less Then 30k,East Zone,1,2026,NOSE PIN,1
Ghosh Jewellers-HatiBagan - Kolkata,GHJ01,NP551,A+,Sparkles,Less Then 30k,East Zone,3,2026,NOSE PIN,1
Ghosh Jewellers-HatiBagan - Kolkata,GHJ01,R10931,A+,Sparkles,30k-50k,East Zone,1,2026,RING,1
Ghosh Jewellers-HatiBagan - Kolkata,GHJ01,R14122,A+,Sparkles,30k-50k,East Zone,3,2026,RING,1
Ghosh Jewellers-HatiBagan - Kolkata,GHJ01,R14498,A+,Sparkles,30k-50k,East Zone,4,2026,RING,1
Ghosh Jewellers-HatiBagan - Kolkata,GHJ01,R19657,A+,Sparkles,30k-50k,East Zone,4,2026,RING,1
Ghosh Jewellers-HatiBagan - Kolkata,GHJ01,R5266,A+,Sparkles,30k-50k,East Zone,12,2025,RING,1
Ghosh Jewellers-HatiBagan - Kolkata,GHJ01,R787,A+,Sparkles,30k-50k,East Zone,1,2026,RING,1
Ghosh Jewellers-HatiBagan - Kolkata,GHJ01,RN20406,A+,Sparkles,Less Then 30k,East Zone,2,2026,RING,1
Ghosh Jewellers-HatiBagan - Kolkata,GHJ01,SMNP537,A+,Sparkles,Less Then 30k,East Zone,4,2026,NOSE PIN,1
Ghosh Jewellers-HatiBagan - Kolkata,GHJ01,SMNP537,A+,Sparkles,Less Then 30k,East Zone,5,2026,NOSE PIN,1
Ghosh Jewellers-HatiBagan - Kolkata,GHJ01,SMNP537,A+,Sparq,2k-4k,East Zone,3,2026,NOSE PIN,1
Ghosh Jewellers-HatiBagan - Kolkata,GHJ01,T1710,A+,Sparkles,Less Then 30k,East Zone,1,2026,EARRING,1
Ghosh Jewellers-HatiBagan - Kolkata,GHJ01,T18665,A+,Sparkles,Less Then 30k,East Zone,2,2026,EARRING,1
Ghosh Jewellers-HatiBagan - Kolkata,GHJ01,T18679,A+,Sparkles,30k-50k,East Zone,3,2026,EARRING,1
Ghosh Jewellers-HatiBagan - Kolkata,GHJ01,T19115,A+,Sparkles,Less Then 30k,East Zone,1,2026,EARRING,1
Ghosh Jewellers-HatiBagan - Kolkata,GHJ01,T19237,A+,Sparkles,30k-50k,East Zone,5,2026,EARRING,1
Ghosh Jewellers-HatiBagan - Kolkata,GHJ01,T20256,A+,Sparkles,30k-50k,East Zone,3,2026,EARRING,1
Ghosh Jewellers-HatiBagan - Kolkata,GHJ01,T21609,A+,Sparq,10k-15k,East Zone,1,2026,EARRING,1
Harmony Silver,SNGJ01,NP7951,B,Sparq,Less Then 2k,West Zone,4,2026,NOSE PIN,1
Harmony Silver,SNGJ01,R14514,B,Sparq,4k-7k,West Zone,5,2026,RING,1
Harmony Silver,SNGJ01,R14525,B,Sparq,4k-7k,West Zone,5,2026,RING,1
Harmony Silver,SNGJ01,R14534,B,Sparq,Above 25k,West Zone,4,2026,RING,1
Harmony Silver,SNGJ01,R14692,B,Sparq,7k-10k,West Zone,5,2026,RING,1
Harmony Silver,SNGJ01,R19656,B,Sparq,7k-10k,West Zone,5,2026,RING,1
Harmony Silver,SNGJ01,RN20469,B,Sparq,2k-4k,West Zone,5,2026,RING,1
Harmony Silver,SNGJ01,T5948,B,Sparq,7k-10k,West Zone,4,2026,EARRING,4
INCS - Kanjur Marg,INC3,AFDT1400,B,Sparkles,30k-50k,West Zone,5,2025,EARRING,1
INCS - Kanjur Marg,INC3,AFDT1409,B,Sparkles,30k-50k,West Zone,5,2025,EARRING,1
INCS - Kanjur Marg,INC3,AFDT1411,B,Sparkles,Less Then 30k,West Zone,8,2025,EARRING,1
INCS - Kanjur Marg,INC3,NP20502,B,Sparkles,Less Then 30k,West Zone,10,2025,NOSE PIN,1
INCS - Kanjur Marg,INC3,NP20509,B,Sparkles,Less Then 30k,West Zone,5,2026,NOSE PIN,1
INCS - Kanjur Marg,INC3,NP8514,B,Sparkles,Less Then 30k,West Zone,1,2026,NOSE PIN,1
INCS - Kanjur Marg,INC3,NP8516,B,Sparkles,Less Then 30k,West Zone,4,2026,NOSE PIN,1
INCS - Kanjur Marg,INC3,NPA1754,B,Sparkles,Less Then 30k,West Zone,5,2026,NOSE PIN,1
INCS - Kanjur Marg,INC3,P13636,B,Sparkles,30k-50k,West Zone,5,2025,PENDANT,1
INCS - Kanjur Marg,INC3,P14393,B,Sparkles,Less Then 30k,West Zone,9,2025,PENDANT,1
INCS - Kanjur Marg,INC3,P20022,B,Sparkles,30k-50k,West Zone,10,2025,PENDANT,1
INCS - Kanjur Marg,INC3,P20039,B,Sparkles,Less Then 30k,West Zone,10,2025,PENDANT,1
INCS - Kanjur Marg,INC3,P6255,B,Sparkles,Less Then 30k,West Zone,5,2026,PENDANT,1
INCS - Kanjur Marg,INC3,P8491,B,Sparkles,Less Then 30k,West Zone,7,2025,PENDANT,1
INCS - Kanjur Marg,INC3,PC5662,B,Sparkles,Less Then 30k,West Zone,2,2026,PENDANT,1
INCS - Kanjur Marg,INC3,PC5662,B,Sparkles,Less Then 30k,West Zone,3,2026,PENDANT,1
INCS - Kanjur Marg,INC3,PN20407,B,Sparkles,Less Then 30k,West Zone,5,2026,PENDANT,1
INCS - Kanjur Marg,INC3,PXR7610,B,Sparkles,Less Then 30k,West Zone,1,2026,RING,1
INCS - Kanjur Marg,INC3,R10153,B,Sparkles,Less Then 30k,West Zone,4,2026,RING,1
INCS - Kanjur Marg,INC3,R10219,B,Sparkles,30k-50k,West Zone,7,2025,RING,1
INCS - Kanjur Marg,INC3,R10698,B,Sparkles,30k-50k,West Zone,7,2025,RING,1
INCS - Kanjur Marg,INC3,R10830,B,Sparkles,30k-50k,West Zone,5,2026,RING,1
INCS - Kanjur Marg,INC3,R2805,B,Sparkles,30k-50k,West Zone,5,2025,RING,1
INCS - Kanjur Marg,INC3,R8612,B,Sparkles,Less Then 30k,West Zone,12,2025,RING,1
INCS - Kanjur Marg,INC3,R8858,B,Sparkles,Less Then 30k,West Zone,12,2025,RING,1
INCS - Kanjur Marg,INC3,T12804,B,Sparkles,50k-75k,West Zone,10,2025,EARRING,1
INCS - Kanjur Marg,INC3,T13680,B,Sparkles,50k-75k,West Zone,5,2025,EARRING,1
INCS - Kanjur Marg,INC3,T19120,B,Sparkles,Less Then 30k,West Zone,7,2025,EARRING,1
INCS - Kanjur Marg,INC3,T6485,B,Sparkles,Less Then 30k,West Zone,1,2026,EARRING,1
INCS - Kanjur Marg,INC3,T6503,B,Sparkles,30k-50k,West Zone,7,2025,EARRING,1
INCS - Kanjur Marg,INC3,T6553,B,Sparkles,30k-50k,West Zone,5,2026,EARRING,1
INCS Colaba - 1,AN03,AFDT1401,B,Sparkles,75k-100k,West Zone,1,2026,EARRING,1
INCS Colaba - 1,AN03,AFDT1409,B,Sparkles,50k-75k,West Zone,11,2025,EARRING,1
INCS Colaba - 1,AN03,IDR141,B,Sparkles,30k-50k,West Zone,10,2024,RING,1
INCS Colaba - 1,AN03,N10157,B,Sparkles,30k-50k,West Zone,10,2021,NECKLACE,1
INCS Colaba - 1,AN03,N10164,B,Sparkles,Less Then 30k,West Zone,9,2019,NECKLACE,1
INCS Colaba - 1,AN03,N10476,B,Sparkles,30k-50k,West Zone,3,2020,NECKLACE,1
INCS Colaba - 1,AN03,N19505,B,Sparkles,Less Then 30k,West Zone,4,2026,NECKLACE,1
INCS Colaba - 1,AN03,N19543,B,Sparkles,50k-75k,West Zone,8,2025,NECKLACE,1
INCS Colaba - 1,AN03,N19574,B,Sparkles,75k-100k,West Zone,1,2026,NECKLACE,1
INCS Colaba - 1,AN03,N5797,B,Sparkles,50k-75k,West Zone,3,2020,NECKLACE,1
INCS Colaba - 1,AN03,N5797,B,Sparkles,50k-75k,West Zone,12,2022,NECKLACE,1
INCS Colaba - 1,AN03,N6433,B,Sparkles,75k-100k,West Zone,2,2020,NECKLACE,1
INCS Colaba - 1,AN03,N8113,B,Sparkles,30k-50k,West Zone,8,2022,NECKLACE,1
INCS Colaba - 1,AN03,N8114,B,Sparkles,30k-50k,West Zone,1,2025,NECKLACE,1
INCS Colaba - 1,AN03,N9401,B,Sparkles,Less Then 30k,West Zone,3,2020,NECKLACE,1
INCS Colaba - 1,AN03,NP10910,B,Sparkles,Less Then 30k,West Zone,7,2021,NOSE PIN,1
INCS Colaba - 1,AN03,NP10912,B,Sparkles,Less Then 30k,West Zone,2,2021,NOSE PIN,2
INCS Colaba - 1,AN03,NP11014,B,Sparkles,Less Then 30k,West Zone,3,2022,NOSE PIN,1
INCS Colaba - 1,AN03,NP11014,B,Sparkles,Less Then 30k,West Zone,11,2019,NOSE PIN,1
INCS Colaba - 1,AN03,NP11015,B,Sparkles,Less Then 30k,West Zone,7,2025,NOSE PIN,1
INCS Colaba - 1,AN03,NP11015,B,Sparkles,Less Then 30k,West Zone,9,2019,NOSE PIN,1
INCS Colaba - 1,AN03,NP11017,B,Sparkles,Less Then 30k,West Zone,1,2022,NOSE PIN,1
INCS Colaba - 1,AN03,NP11019,B,Sparkles,Less Then 30k,West Zone,8,2022,NOSE PIN,1
INCS Colaba - 1,AN03,NP11019,B,Sparkles,Less Then 30k,West Zone,10,2021,NOSE PIN,1
INCS Colaba - 1,AN03,NP1102,B,Sparkles,Less Then 30k,West Zone,3,2021,NOSE PIN,1
INCS Colaba - 1,AN03,NP1102,B,Sparkles,Less Then 30k,West Zone,6,2021,NOSE PIN,1
INCS Colaba - 1,AN03,NP1102,B,Sparkles,Less Then 30k,West Zone,11,2021,NOSE PIN,1
INCS Colaba - 1,AN03,NP1102,B,Sparkles,Less Then 30k,West Zone,11,2025,NOSE PIN,1
INCS Colaba - 1,AN03,NP11020,B,Sparkles,Less Then 30k,West Zone,10,2022,NOSE PIN,1
INCS Colaba - 1,AN03,NP11020,B,Sparkles,Less Then 30k,West Zone,10,2023,NOSE PIN,1
INCS Colaba - 1,AN03,NP11020,B,Sparkles,Less Then 30k,West Zone,10,2025,NOSE PIN,1
INCS Colaba - 1,AN03,NP11020,B,Sparkles,Less Then 30k,West Zone,12,2019,NOSE PIN,1
INCS Colaba - 1,AN03,NP11022,B,Sparkles,Less Then 30k,West Zone,1,2023,NOSE PIN,1
INCS Colaba - 1,AN03,NP11022,B,Sparkles,Less Then 30k,West Zone,2,2021,NOSE PIN,1
INCS Colaba - 1,AN03,NP11484,B,Sparkles,Less Then 30k,West Zone,2,2026,NOSE PIN,1
INCS Colaba - 1,AN03,NP11484,B,Sparkles,Less Then 30k,West Zone,3,2026,NOSE PIN,1
INCS Colaba - 1,AN03,NP11754,B,Sparkles,Less Then 30k,West Zone,10,2019,NOSE PIN,1
INCS Colaba - 1,AN03,NP1231,B,Sparkles,Less Then 30k,West Zone,11,2019,NOSE PIN,1
INCS Colaba - 1,AN03,NP1483,B,Sparkles,Less Then 30k,West Zone,5,2023,NOSE PIN,1
INCS Colaba - 1,AN03,NP1483,B,Sparkles,Less Then 30k,West Zone,7,2021,NOSE PIN,1
INCS Colaba - 1,AN03,NP1484,B,Sparkles,Less Then 30k,West Zone,7,2019,NOSE PIN,1
INCS Colaba - 1,AN03,NP1488,B,Sparkles,Less Then 30k,West Zone,1,2026,NOSE PIN,1
INCS Colaba - 1,AN03,NP1488,B,Sparkles,Less Then 30k,West Zone,3,2020,NOSE PIN,1
INCS Colaba - 1,AN03,NP1537,B,Sparkles,Less Then 30k,West Zone,3,2023,NOSE PIN,1
INCS Colaba - 1,AN03,NP1545,B,Sparkles,Less Then 30k,West Zone,6,2021,NOSE PIN,1
INCS Colaba - 1,AN03,NP1754,B,Sparkles,Less Then 30k,West Zone,9,2019,NOSE PIN,1
INCS Colaba - 1,AN03,NP1876,B,Sparkles,Less Then 30k,West Zone,6,2025,NOSE PIN,1
INCS Colaba - 1,AN03,NP1878,B,Sparkles,Less Then 30k,West Zone,4,2026,NOSE PIN,1
INCS Colaba - 1,AN03,NP1879,B,Sparkles,Less Then 30k,West Zone,4,2026,NOSE PIN,1
INCS Colaba - 1,AN03,NP1881,B,Sparkles,Less Then 30k,West Zone,4,2026,NOSE PIN,1
INCS Colaba - 1,AN03,NP1882,B,Sparkles,Less Then 30k,West Zone,2,2026,NOSE PIN,1
INCS Colaba - 1,AN03,NP1882,B,Sparkles,Less Then 30k,West Zone,3,2026,NOSE PIN,2
INCS Colaba - 1,AN03,NP1882,B,Sparkles,Less Then 30k,West Zone,4,2026,NOSE PIN,2
INCS Colaba - 1,AN03,NP1882,B,Sparkles,Less Then 30k,West Zone,12,2025,NOSE PIN,1
INCS Colaba - 1,AN03,NP1883,B,Sparkles,Less Then 30k,West Zone,1,2026,NOSE PIN,1
INCS Colaba - 1,AN03,NP20507,B,Sparkles,Less Then 30k,West Zone,1,2026,NOSE PIN,1
INCS Colaba - 1,AN03,NP20507,B,Sparkles,Less Then 30k,West Zone,11,2025,NOSE PIN,1
INCS Colaba - 1,AN03,NP20529,B,Sparq,Less Then 2k,West Zone,5,2026,NOSE PIN,2
INCS Colaba - 1,AN03,NP21754,B,Sparkles,Less Then 30k,West Zone,1,2026,NOSE PIN,1
INCS Colaba - 1,AN03,NP21754,B,Sparkles,Less Then 30k,West Zone,3,2021,NOSE PIN,1
INCS Colaba - 1,AN03,NP21754,B,Sparkles,Less Then 30k,West Zone,4,2026,NOSE PIN,1
INCS Colaba - 1,AN03,NP2231,B,Sparkles,Less Then 30k,West Zone,2,2020,NOSE PIN,1
INCS Colaba - 1,AN03,NP2231,B,Sparkles,Less Then 30k,West Zone,3,2026,NOSE PIN,1
INCS Colaba - 1,AN03,NP2231,B,Sparkles,Less Then 30k,West Zone,12,2021,NOSE PIN,1
INCS Colaba - 1,AN03,NP231,B,Sparkles,Less Then 30k,West Zone,2,2020,NOSE PIN,1
INCS Colaba - 1,AN03,NP231,B,Sparkles,Less Then 30k,West Zone,3,2020,NOSE PIN,1
INCS Colaba - 1,AN03,NP231,B,Sparkles,Less Then 30k,West Zone,9,2019,NOSE PIN,1
INCS Colaba - 1,AN03,NP231,B,Sparkles,Less Then 30k,West Zone,10,2019,NOSE PIN,1
INCS Colaba - 1,AN03,NP231,B,Sparkles,Less Then 30k,West Zone,11,2025,NOSE PIN,1
INCS Colaba - 1,AN03,NP2432,B,Sparkles,Less Then 30k,West Zone,7,2022,NOSE PIN,1
INCS Colaba - 1,AN03,NP273,B,Sparkles,Less Then 30k,West Zone,3,2020,NOSE PIN,1
INCS Colaba - 1,AN03,NP3261,B,Sparkles,Less Then 30k,West Zone,7,2021,NOSE PIN,1
INCS Colaba - 1,AN03,NP3261,B,Sparkles,Less Then 30k,West Zone,9,2021,NOSE PIN,1
INCS Colaba - 1,AN03,NP3281,B,Sparkles,Less Then 30k,West Zone,3,2021,NOSE PIN,1
INCS Colaba - 1,AN03,NP3290,B,Sparkles,Less Then 30k,West Zone,7,2019,NOSE PIN,1
INCS Colaba - 1,AN03,NP3596,B,Sparkles,Less Then 30k,West Zone,3,2026,NOSE PIN,1
INCS Colaba - 1,AN03,NP3596,B,Sparkles,Less Then 30k,West Zone,12,2019,NOSE PIN,1
INCS Colaba - 1,AN03,NP4706,B,Sparkles,Less Then 30k,West Zone,2,2026,NOSE PIN,1
INCS Colaba - 1,AN03,NP4706,B,Sparkles,Less Then 30k,West Zone,3,2024,NOSE PIN,1
INCS Colaba - 1,AN03,NP4706,B,Sparkles,Less Then 30k,West Zone,3,2026,NOSE PIN,1
INCS Colaba - 1,AN03,NP4706,B,Sparkles,Less Then 30k,West Zone,11,2019,NOSE PIN,1
INCS Colaba - 1,AN03,NP4706,B,Sparkles,Less Then 30k,West Zone,11,2025,NOSE PIN,1
INCS Colaba - 1,AN03,NP514,B,Sparkles,Less Then 30k,West Zone,7,2024,NOSE PIN,1
INCS Colaba - 1,AN03,NP5231,B,Sparkles,Less Then 30k,West Zone,11,2019,NOSE PIN,1
INCS Colaba - 1,AN03,NP7231,B,Sparkles,Less Then 30k,West Zone,4,2026,NOSE PIN,1
INCS Colaba - 1,AN03,NP7924,B,Sparkles,Less Then 30k,West Zone,6,2022,NOSE PIN,1
INCS Colaba - 1,AN03,NP7950,B,Sparkles,Less Then 30k,West Zone,2,2026,NOSE PIN,1
INCS Colaba - 1,AN03,NP7950,B,Sparkles,Less Then 30k,West Zone,3,2022,NOSE PIN,1
INCS Colaba - 1,AN03,NP7950,B,Sparkles,Less Then 30k,West Zone,3,2026,NOSE PIN,1
INCS Colaba - 1,AN03,NP7950,B,Sparkles,Less Then 30k,West Zone,4,2025,NOSE PIN,1
INCS Colaba - 1,AN03,NP7951,B,Sparkles,Less Then 30k,West Zone,2,2020,NOSE PIN,1
INCS Colaba - 1,AN03,NP7951,B,Sparkles,Less Then 30k,West Zone,7,2019,NOSE PIN,1
INCS Colaba - 1,AN03,NP7951,B,Sparkles,Less Then 30k,West Zone,10,2025,NOSE PIN,1
INCS Colaba - 1,AN03,NP7951,B,Sparkles,Less Then 30k,West Zone,11,2022,NOSE PIN,1
INCS Colaba - 1,AN03,NP7952,B,Sparkles,Less Then 30k,West Zone,9,2019,NOSE PIN,1
INCS Colaba - 1,AN03,NP7953,B,Sparkles,Less Then 30k,West Zone,1,2026,NOSE PIN,1
INCS Colaba - 1,AN03,NP850,B,Sparkles,Less Then 30k,West Zone,3,2026,NOSE PIN,1
INCS Colaba - 1,AN03,NP8514,B,Sparkles,Less Then 30k,West Zone,3,2021,NOSE PIN,1
INCS Colaba - 1,AN03,NP8514,B,Sparkles,Less Then 30k,West Zone,12,2025,NOSE PIN,1
INCS Colaba - 1,AN03,NP8516,B,Sparkles,Less Then 30k,West Zone,3,2026,NOSE PIN,1
INCS Colaba - 1,AN03,NP8518,B,Sparkles,Less Then 30k,West Zone,10,2019,NOSE PIN,1
INCS Colaba - 1,AN03,NPA1754,B,Sparkles,Less Then 30k,West Zone,1,2026,NOSE PIN,1
INCS Colaba - 1,AN03,NPA1754,B,Sparkles,Less Then 30k,West Zone,11,2025,NOSE PIN,1
INCS Colaba - 1,AN03,NPB273,B,Sparkles,Less Then 30k,West Zone,11,2021,NOSE PIN,1
INCS Colaba - 1,AN03,NPMU2,B,Sparkles,Less Then 30k,West Zone,5,2021,NOSE PIN,1
INCS Colaba - 1,AN03,NPMU2,B,Sparkles,Less Then 30k,West Zone,6,2021,NOSE PIN,1
INCS Colaba - 1,AN03,NPMU2,B,Sparkles,Less Then 30k,West Zone,8,2021,NOSE PIN,1
INCS Colaba - 1,AN03,NPMU2,B,Sparkles,Less Then 30k,West Zone,8,2023,NOSE PIN,1
INCS Colaba - 1,AN03,NPMU2,B,Sparkles,Less Then 30k,West Zone,10,2022,NOSE PIN,1
INCS Colaba - 1,AN03,NPMU2,B,Sparkles,Less Then 30k,West Zone,10,2024,NOSE PIN,1
INCS Colaba - 1,AN03,NPMU2,B,Sparkles,Less Then 30k,West Zone,11,2019,NOSE PIN,1
INCS Colaba - 1,AN03,NPMU2,B,Sparkles,Less Then 30k,West Zone,12,2022,NOSE PIN,1
INCS Colaba - 1,AN03,NPMU3,B,Sparkles,Less Then 30k,West Zone,8,2023,NOSE PIN,1
INCS Colaba - 1,AN03,NPMU4,B,Sparkles,Less Then 30k,West Zone,5,2023,NOSE PIN,1
INCS Colaba - 1,AN03,NPMU545,B,Sparkles,Less Then 30k,West Zone,4,2025,NOSE PIN,1
INCS Colaba - 1,AN03,NPMU545,B,Sparkles,Less Then 30k,West Zone,8,2024,NOSE PIN,1
INCS Colaba - 1,AN03,NPMU545,B,Sparkles,Less Then 30k,West Zone,10,2024,NOSE PIN,1
INCS Colaba - 1,AN03,NPMU545,B,Sparkles,Less Then 30k,West Zone,11,2023,NOSE PIN,1
INCS Colaba - 1,AN03,P10176,B,Sparkles,Less Then 30k,West Zone,2,2021,PENDANT,1
INCS Colaba - 1,AN03,P10176,B,Sparkles,Less Then 30k,West Zone,3,2023,PENDANT,1
INCS Colaba - 1,AN03,P14393,B,Sparkles,Less Then 30k,West Zone,2,2026,PENDANT,1
INCS Colaba - 1,AN03,P14393,B,Sparkles,Less Then 30k,West Zone,3,2026,PENDANT,1
INCS Colaba - 1,AN03,P20023,B,Sparkles,30k-50k,West Zone,11,2025,PENDANT,1
INCS Colaba - 1,AN03,P20039,B,Sparkles,30k-50k,West Zone,3,2026,PENDANT,1
INCS Colaba - 1,AN03,P20039,B,Sparkles,Less Then 30k,West Zone,2,2026,PENDANT,1
INCS Colaba - 1,AN03,P20062,B,Sparkles,Less Then 30k,West Zone,2,2026,PENDANT,1
INCS Colaba - 1,AN03,P20062,B,Sparkles,Less Then 30k,West Zone,3,2026,PENDANT,1
INCS Colaba - 1,AN03,P2321,B,Sparkles,30k-50k,West Zone,12,2021,PENDANT,1
INCS Colaba - 1,AN03,P2728,B,Sparkles,Less Then 30k,West Zone,6,2021,PENDANT,1
INCS Colaba - 1,AN03,P8585,B,Sparkles,50k-75k,West Zone,3,2026,PENDANT,1
INCS Colaba - 1,AN03,P8716,B,Sparkles,Less Then 30k,West Zone,5,2026,PENDANT,1
INCS Colaba - 1,AN03,PR395,B,Sparkles,30k-50k,West Zone,5,2022,PENDANT,1
INCS Colaba - 1,AN03,PXT8902,B,Sparkles,Less Then 30k,West Zone,1,2025,EARRING,1
INCS Colaba - 1,AN03,R10110,B,Sparkles,100k-150k,West Zone,11,2022,RING,1
INCS Colaba - 1,AN03,R1090,B,Sparkles,30k-50k,West Zone,8,2021,RING,1
INCS Colaba - 1,AN03,R1090,B,Sparkles,Less Then 30k,West Zone,3,2025,RING,1
INCS Colaba - 1,AN03,R1090,B,Sparkles,Less Then 30k,West Zone,11,2019,RING,1
INCS Colaba - 1,AN03,R10927,B,Sparkles,30k-50k,West Zone,12,2025,RING,1
INCS Colaba - 1,AN03,R10964,B,Sparkles,30k-50k,West Zone,5,2026,RING,1
INCS Colaba - 1,AN03,R12300,B,Sparkles,30k-50k,West Zone,2,2026,RING,1
INCS Colaba - 1,AN03,R12300,B,Sparkles,50k-75k,West Zone,3,2026,RING,1
INCS Colaba - 1,AN03,R12775,B,Sparkles,50k-75k,West Zone,2,2026,RING,1
INCS Colaba - 1,AN03,R12775,B,Sparkles,75k-100k,West Zone,3,2026,RING,1
INCS Colaba - 1,AN03,R14135,B,Sparkles,50k-75k,West Zone,4,2026,RING,1
INCS Colaba - 1,AN03,R14193,B,Sparkles,50k-75k,West Zone,1,2026,RING,1
INCS Colaba - 1,AN03,R14294,B,Sparkles,30k-50k,West Zone,12,2025,RING,1
INCS Colaba - 1,AN03,R14354,B,Sparkles,30k-50k,West Zone,5,2026,RING,1
INCS Colaba - 1,AN03,R14366,B,Sparkles,30k-50k,West Zone,1,2026,RING,1
INCS Colaba - 1,AN03,R1444,B,Sparkles,30k-50k,West Zone,3,2021,RING,1
INCS Colaba - 1,AN03,R1444,B,Sparkles,30k-50k,West Zone,7,2021,RING,1
INCS Colaba - 1,AN03,R14442,B,Sparkles,30k-50k,West Zone,7,2025,RING,1
INCS Colaba - 1,AN03,R14445,B,Sparkles,30k-50k,West Zone,12,2025,RING,1
INCS Colaba - 1,AN03,R14450,B,Sparkles,30k-50k,West Zone,11,2025,RING,1
INCS Colaba - 1,AN03,R15056,B,Sparq,Less Then 2k,West Zone,4,2026,RING,1
INCS Colaba - 1,AN03,R15057,B,Sparq,Less Then 2k,West Zone,4,2026,RING,1
INCS Colaba - 1,AN03,R1547,B,Sparkles,Less Then 30k,West Zone,2,2021,RING,1
INCS Colaba - 1,AN03,R2136,B,Sparkles,75k-100k,West Zone,7,2019,RING,1
INCS Colaba - 1,AN03,R22069,B,Sparkles,30k-50k,West Zone,5,2026,RING,1
INCS Colaba - 1,AN03,R2281,B,Sparkles,30k-50k,West Zone,12,2019,RING,1
INCS Colaba - 1,AN03,R2281,B,Sparkles,Less Then 30k,West Zone,10,2024,RING,1
INCS Colaba - 1,AN03,R2482,B,Sparkles,30k-50k,West Zone,2,2022,RING,1
INCS Colaba - 1,AN03,R3435,B,Sparkles,50k-75k,West Zone,2,2020,RING,1
INCS Colaba - 1,AN03,R3932,B,Sparkles,30k-50k,West Zone,3,2022,RING,1
INCS Colaba - 1,AN03,R3932,B,Sparkles,50k-75k,West Zone,4,2026,RING,1
INCS Colaba - 1,AN03,R4232,B,Sparkles,50k-75k,West Zone,11,2019,RING,1
INCS Colaba - 1,AN03,R4475,B,Sparkles,50k-75k,West Zone,5,2024,RING,1
INCS Colaba - 1,AN03,R4678,B,Sparkles,50k-75k,West Zone,2,2022,RING,1
INCS Colaba - 1,AN03,R472,B,Sparkles,30k-50k,West Zone,2,2020,RING,1
INCS Colaba - 1,AN03,R472,B,Sparkles,30k-50k,West Zone,11,2019,RING,1
INCS Colaba - 1,AN03,R472,B,Sparkles,30k-50k,West Zone,12,2019,RING,1
INCS Colaba - 1,AN03,R4830,B,Sparkles,30k-50k,West Zone,10,2022,RING,1
INCS Colaba - 1,AN03,R5251,B,Sparkles,30k-50k,West Zone,5,2021,RING,1
INCS Colaba - 1,AN03,R5251,B,Sparkles,30k-50k,West Zone,6,2022,RING,1
INCS Colaba - 1,AN03,R5251,B,Sparkles,30k-50k,West Zone,11,2019,RING,1
INCS Colaba - 1,AN03,R5375,B,Sparkles,30k-50k,West Zone,2,2022,RING,1
INCS Colaba - 1,AN03,R5398,B,Sparkles,30k-50k,West Zone,1,2022,RING,1
INCS Colaba - 1,AN03,R5398,B,Sparkles,Less Then 30k,West Zone,2,2020,RING,1
INCS Colaba - 1,AN03,R5581,B,Sparkles,75k-100k,West Zone,11,2024,RING,1
INCS Colaba - 1,AN03,R5597,B,Sparkles,50k-75k,West Zone,3,2020,RING,1
INCS Colaba - 1,AN03,R5599,B,Sparkles,30k-50k,West Zone,12,2022,RING,1
INCS Colaba - 1,AN03,R5635,B,Sparkles,50k-75k,West Zone,4,2023,RING,1
INCS Colaba - 1,AN03,R6600,B,Sparkles,50k-75k,West Zone,4,2025,RING,1
INCS Colaba - 1,AN03,R6637,B,Sparkles,30k-50k,West Zone,11,2024,RING,1
INCS Colaba - 1,AN03,R6745,B,Sparkles,Less Then 30k,West Zone,11,2019,RING,1
INCS Colaba - 1,AN03,R6795,B,Sparkles,30k-50k,West Zone,7,2019,RING,1
INCS Colaba - 1,AN03,R6915,B,Sparkles,50k-75k,West Zone,11,2024,RING,1
INCS Colaba - 1,AN03,R722,B,Sparkles,30k-50k,West Zone,11,2019,RING,1
INCS Colaba - 1,AN03,R722,B,Sparkles,Less Then 30k,West Zone,7,2019,RING,1
INCS Colaba - 1,AN03,R722,B,Sparkles,Less Then 30k,West Zone,12,2019,RING,1
INCS Colaba - 1,AN03,R7231,B,Sparkles,30k-50k,West Zone,3,2021,RING,1
INCS Colaba - 1,AN03,R7264,B,Sparkles,75k-100k,West Zone,12,2019,RING,1
INCS Colaba - 1,AN03,R7532,B,Sparkles,30k-50k,West Zone,11,2019,RING,1
INCS Colaba - 1,AN03,R7810,B,Sparkles,Less Then 30k,West Zone,9,2024,RING,1
INCS Colaba - 1,AN03,R8602,B,Sparkles,Less Then 30k,West Zone,11,2022,RING,1
INCS Colaba - 1,AN03,R9021,B,Sparkles,30k-50k,West Zone,2,2026,RING,1
INCS Colaba - 1,AN03,R9021,B,Sparkles,30k-50k,West Zone,3,2026,RING,1
INCS Colaba - 1,AN03,R9023,B,Sparkles,Less Then 30k,West Zone,2,2026,RING,1
INCS Colaba - 1,AN03,R9023,B,Sparkles,Less Then 30k,West Zone,3,2026,RING,1
INCS Colaba - 1,AN03,R9631,B,Sparkles,50k-75k,West Zone,1,2026,RING,1
INCS Colaba - 1,AN03,RB1768,B,Sparkles,50k-75k,West Zone,6,2021,RING,1
INCS Colaba - 1,AN03,RN20412,B,Sparkles,Less Then 30k,West Zone,5,2026,RING,1
INCS Colaba - 1,AN03,SMNP491,B,Sparkles,Less Then 30k,West Zone,11,2024,NOSE PIN,1
INCS Colaba - 1,AN03,SMNP496,B,Sparkles,Less Then 30k,West Zone,1,2023,NOSE PIN,1
INCS Colaba - 1,AN03,SMNP496,B,Sparkles,Less Then 30k,West Zone,12,2022,NOSE PIN,1
INCS Colaba - 1,AN03,SMNP497,B,Sparkles,Less Then 30k,West Zone,12,2022,NOSE PIN,1
INCS Colaba - 1,AN03,SMNP506,B,Sparkles,Less Then 30k,West Zone,2,2024,NOSE PIN,1
INCS Colaba - 1,AN03,SMNP520,B,Sparkles,Less Then 30k,West Zone,11,2025,NOSE PIN,1
INCS Colaba - 1,AN03,SMNP522,B,Sparkles,Less Then 30k,West Zone,1,2024,NOSE PIN,1
INCS Colaba - 1,AN03,SMNP526,B,Sparkles,Less Then 30k,West Zone,5,2026,NOSE PIN,1
INCS Colaba - 1,AN03,SMNP528,B,Sparkles,Less Then 30k,West Zone,6,2025,NOSE PIN,1
INCS Colaba - 1,AN03,SMNP537,B,Sparkles,Less Then 30k,West Zone,4,2026,NOSE PIN,1
INCS Colaba - 1,AN03,SMNP541,B,Sparkles,Less Then 30k,West Zone,3,2024,NOSE PIN,1
INCS Colaba - 1,AN03,SMR277,B,Sparkles,30k-50k,West Zone,2,2025,RING,1
INCS Colaba - 1,AN03,SMR317,B,Sparkles,30k-50k,West Zone,5,2023,RING,1
INCS Colaba - 1,AN03,SMR332,B,Sparkles,30k-50k,West Zone,5,2022,RING,1
INCS Colaba - 1,AN03,SMR358,B,Sparkles,30k-50k,West Zone,9,2023,RING,1
INCS Colaba - 1,AN03,SMR359,B,Sparkles,Less Then 30k,West Zone,1,2023,RING,1
INCS Colaba - 1,AN03,SMR393,B,Sparkles,30k-50k,West Zone,8,2024,RING,1
INCS Colaba - 1,AN03,SMT298,B,Sparkles,Less Then 30k,West Zone,6,2022,EARRING,1
INCS Colaba - 1,AN03,SMT301,B,Sparkles,Less Then 30k,West Zone,2,2021,EARRING,1
INCS Colaba - 1,AN03,SMT311,B,Sparkles,Less Then 30k,West Zone,10,2019,EARRING,1
INCS Colaba - 1,AN03,SMT354,B,Sparkles,Less Then 30k,West Zone,6,2021,EARRING,1
INCS Colaba - 1,AN03,SMT354,B,Sparkles,Less Then 30k,West Zone,11,2019,EARRING,1
INCS Colaba - 1,AN03,SMT370,B,Sparkles,Less Then 30k,West Zone,1,2022,EARRING,1
INCS Colaba - 1,AN03,SMT370,B,Sparkles,Less Then 30k,West Zone,6,2025,EARRING,1
INCS Colaba - 1,AN03,SMT414,B,Sparkles,Less Then 30k,West Zone,9,2019,EARRING,1
INCS Colaba - 1,AN03,SMT443,B,Sparkles,30k-50k,West Zone,8,2019,EARRING,1
INCS Colaba - 1,AN03,SMT450,B,Sparkles,30k-50k,West Zone,11,2019,EARRING,1
INCS Colaba - 1,AN03,SWR7094,B,Sparkles,30k-50k,West Zone,7,2019,RING,1
INCS Colaba - 1,AN03,T10042,B,Sparkles,30k-50k,West Zone,1,2022,EARRING,1
INCS Colaba - 1,AN03,T10134,B,Sparkles,30k-50k,West Zone,4,2025,EARRING,1
INCS Colaba - 1,AN03,T1118,B,Sparkles,30k-50k,West Zone,1,2026,EARRING,1
INCS Colaba - 1,AN03,T12126,B,Sparkles,Less Then 30k,West Zone,3,2021,EARRING,1
INCS Colaba - 1,AN03,T12163,B,Sparkles,50k-75k,West Zone,1,2022,EARRING,1
INCS Colaba - 1,AN03,T12163,B,Sparkles,50k-75k,West Zone,8,2019,EARRING,1
INCS Colaba - 1,AN03,T12331,B,Sparkles,Less Then 30k,West Zone,8,2019,EARRING,1
INCS Colaba - 1,AN03,T12423,B,Sparkles,75k-100k,West Zone,12,2025,EARRING,1
INCS Colaba - 1,AN03,T14897,B,Sparkles,50k-75k,West Zone,11,2019,EARRING,1
INCS Colaba - 1,AN03,T1710,B,Sparkles,Less Then 30k,West Zone,3,2026,EARRING,1
INCS Colaba - 1,AN03,T18658,B,Sparkles,30k-50k,West Zone,12,2025,EARRING,1
INCS Colaba - 1,AN03,T18660,B,Sparkles,50k-75k,West Zone,2,2026,EARRING,1
INCS Colaba - 1,AN03,T18660,B,Sparkles,50k-75k,West Zone,3,2026,EARRING,1
INCS Colaba - 1,AN03,T18665,B,Sparkles,Less Then 30k,West Zone,4,2026,EARRING,1
INCS Colaba - 1,AN03,T18667,B,Sparkles,Less Then 30k,West Zone,1,2026,EARRING,1
INCS Colaba - 1,AN03,T18670,B,Sparkles,30k-50k,West Zone,7,2025,EARRING,1
INCS Colaba - 1,AN03,T19043,B,Sparkles,30k-50k,West Zone,4,2026,EARRING,1
INCS Colaba - 1,AN03,T19097,B,Sparkles,30k-50k,West Zone,5,2026,EARRING,1
INCS Colaba - 1,AN03,T19176,B,Sparkles,50k-75k,West Zone,11,2025,EARRING,1
INCS Colaba - 1,AN03,T19183,B,Sparkles,Less Then 30k,West Zone,4,2026,EARRING,1
INCS Colaba - 1,AN03,T221,B,Sparkles,Less Then 30k,West Zone,12,2025,EARRING,1
INCS Colaba - 1,AN03,T23113,B,Sparkles,30k-50k,West Zone,4,2026,EARRING,1
INCS Colaba - 1,AN03,T2328,B,Sparkles,Less Then 30k,West Zone,10,2019,EARRING,1
INCS Colaba - 1,AN03,T395,B,Sparkles,30k-50k,West Zone,2,2026,EARRING,1
INCS Colaba - 1,AN03,T395,B,Sparkles,50k-75k,West Zone,3,2026,EARRING,1
INCS Colaba - 1,AN03,T537,B,Sparkles,Less Then 30k,West Zone,11,2025,EARRING,1
INCS Colaba - 1,AN03,T5948,B,Sparkles,30k-50k,West Zone,9,2019,EARRING,1
INCS Colaba - 1,AN03,T6314,B,Sparkles,50k-75k,West Zone,8,2024,EARRING,1
INCS Colaba - 1,AN03,T6353,B,Sparkles,75k-100k,West Zone,2,2021,EARRING,1
INCS Colaba - 1,AN03,T6353,B,Sparkles,75k-100k,West Zone,3,2022,EARRING,1
INCS Colaba - 1,AN03,T6353,B,Sparkles,75k-100k,West Zone,11,2019,EARRING,1
INCS Colaba - 1,AN03,T6478,B,Sparkles,50k-75k,West Zone,2,2021,EARRING,1
INCS Colaba - 1,AN03,T6482,B,Sparkles,Less Then 30k,West Zone,6,2021,EARRING,1
INCS Colaba - 1,AN03,T6553,B,Sparkles,Less Then 30k,West Zone,4,2026,EARRING,1
INCS Colaba - 1,AN03,T748,B,Sparkles,50k-75k,West Zone,10,2019,EARRING,1
INCS Colaba - 1,AN03,T7791,B,Sparkles,30k-50k,West Zone,3,2020,EARRING,1
INCS Colaba - 1,AN03,T8043,B,Sparkles,30k-50k,West Zone,12,2019,EARRING,1
INCS Colaba - 1,AN03,T9717,B,Sparkles,Less Then 30k,West Zone,8,2022,EARRING,1
INCS Colaba - 1,AN03,T9844,B,Sparkles,30k-50k,West Zone,1,2025,EARRING,1
INCS Colaba - 1,AN03,T9844,B,Sparkles,50k-75k,West Zone,9,2021,EARRING,1
INCS Colaba - 1,AN03,T996,B,Sparkles,30k-50k,West Zone,4,2026,EARRING,1
INCS Colaba - 1,AN03,T996,B,Sparkles,75k-100k,West Zone,3,2021,EARRING,1
INCS Colaba - 1,AN03,TM19822,B,Sparkles,30k-50k,West Zone,5,2026,TANMANIYA,1
INCS Colaba - 1,AN03,TR476,B,Sparkles,30k-50k,West Zone,3,2026,EARRING,1
INCS Colaba - 1,AN03,TR476,B,Sparkles,Less Then 30k,West Zone,2,2026,EARRING,1
JEWELVEDHA LABGROWN DIAMONDS PRIVATE LIMITED,JEW01,N8744,B,Sparq,7k-10k,South Zone,4,2026,TANMANIYA,1
JEWELVEDHA LABGROWN DIAMONDS PRIVATE LIMITED,JEW01,NP20529,B,Sparq,Less Then 2k,South Zone,3,2026,NOSE PIN,1
JEWELVEDHA LABGROWN DIAMONDS PRIVATE LIMITED,JEW01,NP20532,B,Sparq,2k-4k,South Zone,4,2026,NOSE PIN,1
JEWELVEDHA LABGROWN DIAMONDS PRIVATE LIMITED,JEW01,NP21754,B,Sparq,Less Then 2k,South Zone,4,2026,NOSE PIN,1
JEWELVEDHA LABGROWN DIAMONDS PRIVATE LIMITED,JEW01,NP7231,B,Sparq,Less Then 2k,South Zone,3,2026,NOSE PIN,1
JEWELVEDHA LABGROWN DIAMONDS PRIVATE LIMITED,JEW01,NP7231,B,Sparq,Less Then 2k,South Zone,4,2026,NOSE PIN,1
JEWELVEDHA LABGROWN DIAMONDS PRIVATE LIMITED,JEW01,R1422,B,Sparq,4k-7k,South Zone,3,2026,RING,1
JEWELVEDHA LABGROWN DIAMONDS PRIVATE LIMITED,JEW01,T10022,B,Sparq,4k-7k,South Zone,3,2026,EARRING,1
JEWELVEDHA LABGROWN DIAMONDS PRIVATE LIMITED,JEW01,T23067,B,Sparq,4k-7k,South Zone,3,2026,EARRING,1
JEWELVEDHA LABGROWN DIAMONDS PRIVATE LIMITED,JEW01,T6478,B,Sparq,10k-15k,South Zone,4,2026,EARRING,1
K.D Jewellers,KD01,AFDRE9402,B,Sparkles,50k-75k,East Zone,4,2026,RING,1
K.D Jewellers,KD01,N19734,B,Sparq,4k-7k,East Zone,2,2026,NECKLACE,1
K.D Jewellers,KD01,N9910,B,Sparq,10k-15k,East Zone,4,2026,TANMANIYA,1
K.D Jewellers,KD01,N9910,B,Sparq,7k-10k,East Zone,4,2026,TANMANIYA,1
K.D Jewellers,KD01,NP1879,B,Sparkles,Less Then 30k,East Zone,3,2026,NOSE PIN,1
K.D Jewellers,KD01,NP1881,B,Sparkles,Less Then 30k,East Zone,5,2026,NOSE PIN,1
K.D Jewellers,KD01,NP1882,B,Sparkles,Less Then 30k,East Zone,2,2026,NOSE PIN,1
K.D Jewellers,KD01,NP1883,B,Sparkles,Less Then 30k,East Zone,4,2026,NOSE PIN,1
K.D Jewellers,KD01,NP20528,B,Sparq,Less Then 2k,East Zone,4,2026,NOSE PIN,1
K.D Jewellers,KD01,NP2231,B,Sparkles,Less Then 30k,East Zone,3,2026,NOSE PIN,1
K.D Jewellers,KD01,NP5231,B,Sparkles,Less Then 30k,East Zone,3,2026,NOSE PIN,1
K.D Jewellers,KD01,R15042,B,Sparq,4k-7k,East Zone,2,2026,RING,1
K.D Jewellers,KD01,RN20464,B,Sparq,2k-4k,East Zone,3,2026,RING,1
K.D Jewellers,KD01,SMNP526,B,Sparkles,Less Then 30k,East Zone,4,2026,NOSE PIN,1
K.D Jewellers,KD01,T21602,B,Sparq,10k-15k,East Zone,3,2026,EARRING,1
KARTHIKEYA JEWELLERS,KAR01,AFDRE16203,A,Sparkles,50k-75k,South Zone,4,2026,RING,1
KARTHIKEYA JEWELLERS,KAR01,AFDT1409,A,Sparkles,30k-50k,South Zone,4,2026,EARRING,1
KARTHIKEYA JEWELLERS,KAR01,N19662,A,Sparkles,50k-75k,South Zone,4,2026,TANMANIYA,1
KARTHIKEYA JEWELLERS,KAR01,NP11014,A,Sparkles,Less Then 30k,South Zone,4,2026,NOSE PIN,1
KARTHIKEYA JEWELLERS,KAR01,NP2231,A,Sparq,2k-4k,South Zone,5,2026,NOSE PIN,2
KARTHIKEYA JEWELLERS,KAR01,NP8519,A,Sparkles,Less Then 30k,South Zone,4,2026,NOSE PIN,1
KARTHIKEYA JEWELLERS,KAR01,R14507,A,Sparq,10k-15k,South Zone,5,2026,RING,1
KARTHIKEYA JEWELLERS,KAR01,R14995,A,Sparq,15k-25k,South Zone,4,2026,RING,1
KARTHIKEYA JEWELLERS,KAR01,R15011,A,Sparq,7k-10k,South Zone,4,2026,RING,1
KARTHIKEYA JEWELLERS,KAR01,R15020,A,Sparq,4k-7k,South Zone,4,2026,RING,1
KARTHIKEYA JEWELLERS,KAR01,R15043,A,Sparq,2k-4k,South Zone,4,2026,RING,1
KARTHIKEYA JEWELLERS,KAR01,R15075,A,Sparq,2k-4k,South Zone,4,2026,RING,1
KARTHIKEYA JEWELLERS,KAR01,R15105,A,Sparq,2k-4k,South Zone,4,2026,RING,1
KARTHIKEYA JEWELLERS,KAR01,R15110,A,Sparq,2k-4k,South Zone,4,2026,RING,1
KARTHIKEYA JEWELLERS,KAR01,R15112,A,Sparq,2k-4k,South Zone,4,2026,RING,1
KARTHIKEYA JEWELLERS,KAR01,R15164,A,Sparq,7k-10k,South Zone,4,2026,RING,1
KARTHIKEYA JEWELLERS,KAR01,RF15116,A,Sparq,7k-10k,South Zone,4,2026,RING,1
KARTHIKEYA JEWELLERS,KAR01,T14151,A,Sparkles,Less Then 30k,South Zone,4,2026,EARRING,1
KARTHIKEYA JEWELLERS,KAR01,T19422,A,Sparq,15k-25k,South Zone,5,2026,EARRING,1
KARTHIKEYA JEWELLERS,KAR01,T23054,A,Sparq,7k-10k,South Zone,5,2026,EARRING,1
KARTHIKEYA JEWELLERS,KAR01,T23060,A,Sparq,4k-7k,South Zone,5,2026,EARRING,1
KARTHIKEYA JEWELLERS,KAR01,T23093,A,Sparq,2k-4k,South Zone,5,2026,EARRING,1
KARTHIKEYA JEWELLERS,KAR01,TM19843,A,Sparq,15k-25k,South Zone,4,2026,TANMANIYA,1
KOHINOOR JEWELLERS- KANDIVALI,KOJ02,NP21754,A,Sparq,2k-4k,West Zone,3,2026,NOSE PIN,1
KOHINOOR JEWELLERS- KANDIVALI,KOJ02,NP22432,A,Sparq,4k-7k,West Zone,3,2026,NOSE PIN,1
KOHINOOR JEWELLERS- KANDIVALI,KOJ02,NP7952,A,Sparq,2k-4k,West Zone,4,2026,NOSE PIN,1
KOHINOOR JEWELLERS- KANDIVALI,KOJ02,P20192,A,Sparq,4k-7k,West Zone,4,2026,PENDANT,1
KOHINOOR JEWELLERS- KANDIVALI,KOJ02,R15164,A,Sparq,15k-25k,West Zone,3,2026,RING,1
KOHINOOR JEWELLERS- KANDIVALI,KOJ02,RF15172,A,Sparq,7k-10k,West Zone,3,2026,RING,1
KOHINOOR JEWELLERS- KANDIVALI,KOJ02,RN20467,A,Sparq,2k-4k,West Zone,3,2026,RING,1
KOHINOOR JEWELLERS- KANDIVALI,KOJ02,RN20468,A,Sparq,2k-4k,West Zone,3,2026,RING,1
KOHINOOR JEWELLERS- KANDIVALI,KOJ02,T19330,A,Sparq,7k-10k,West Zone,3,2026,EARRING,1
KOHINOOR JEWELLERS- KANDIVALI,KOJ02,T23091,A,Sparq,7k-10k,West Zone,4,2026,EARRING,1
KOHINOOR JEWELLERS- KANDIVALI,KOJ02,T5625,A,Sparq,2k-4k,West Zone,4,2026,EARRING,1
Kanchan Jewellers,KANJ01,R15102,B,Sparq,7k-10k,West Zone,5,2026,RING,1
LILAVATI JEWELLERS,LIL01,AFDT1400,A+,Sparkles,30k-50k,West Zone,1,2026,EARRING,1
LILAVATI JEWELLERS,LIL01,AFDT1409,A+,Sparkles,50k-75k,West Zone,1,2026,EARRING,1
LILAVATI JEWELLERS,LIL01,BG21127,A+,Sparkles,75k-100k,West Zone,2,2026,BANGLE,1
LILAVATI JEWELLERS,LIL01,N19506,A+,Sparkles,50k-75k,West Zone,1,2026,NECKLACE,1
LILAVATI JEWELLERS,LIL01,N19543,A+,Sparkles,50k-75k,West Zone,4,2026,NECKLACE,1
LILAVATI JEWELLERS,LIL01,N19560,A+,Sparkles,75k-100k,West Zone,3,2026,NECKLACE,1
LILAVATI JEWELLERS,LIL01,N19569,A+,Sparkles,75k-100k,West Zone,3,2026,TANMANIYA,1
LILAVATI JEWELLERS,LIL01,NP1231,A+,Sparkles,Less Then 30k,West Zone,2,2026,NOSE PIN,1
LILAVATI JEWELLERS,LIL01,NP20507,A+,Sparkles,Less Then 30k,West Zone,1,2026,NOSE PIN,1
LILAVATI JEWELLERS,LIL01,NP20507,A+,Sparkles,Less Then 30k,West Zone,4,2026,NOSE PIN,2
LILAVATI JEWELLERS,LIL01,NP21754,A+,Sparkles,Less Then 30k,West Zone,4,2026,NOSE PIN,2
LILAVATI JEWELLERS,LIL01,NP537,A+,Sparkles,Less Then 30k,West Zone,5,2026,NOSE PIN,1
LILAVATI JEWELLERS,LIL01,NP551,A+,Sparkles,Less Then 30k,West Zone,1,2026,NOSE PIN,1
LILAVATI JEWELLERS,LIL01,NP551,A+,Sparkles,Less Then 30k,West Zone,5,2026,NOSE PIN,1
LILAVATI JEWELLERS,LIL01,NP7951,A+,Sparkles,Less Then 30k,West Zone,2,2026,NOSE PIN,1
LILAVATI JEWELLERS,LIL01,NP8514,A+,Sparkles,Less Then 30k,West Zone,5,2026,NOSE PIN,1
LILAVATI JEWELLERS,LIL01,NP8516,A+,Sparkles,Less Then 30k,West Zone,1,2026,NOSE PIN,1
LILAVATI JEWELLERS,LIL01,NP8516,A+,Sparkles,Less Then 30k,West Zone,5,2026,NOSE PIN,1
LILAVATI JEWELLERS,LIL01,NP8519,A+,Sparkles,Less Then 30k,West Zone,3,2026,NOSE PIN,1
LILAVATI JEWELLERS,LIL01,R10870,A+,Sparkles,50k-75k,West Zone,1,2026,RING,1
LILAVATI JEWELLERS,LIL01,R10991,A+,Sparkles,30k-50k,West Zone,1,2026,RING,1
LILAVATI JEWELLERS,LIL01,R11702,A+,Sparkles,75k-100k,West Zone,1,2026,RING,1
LILAVATI JEWELLERS,LIL01,R12515,A+,Sparkles,50k-75k,West Zone,4,2026,RING,1
LILAVATI JEWELLERS,LIL01,R14107,A+,Sparkles,30k-50k,West Zone,4,2026,RING,1
LILAVATI JEWELLERS,LIL01,R14336,A+,Sparkles,30k-50k,West Zone,1,2026,RING,1
LILAVATI JEWELLERS,LIL01,R14753,A+,Sparkles,Less Then 30k,West Zone,4,2026,RING,1
LILAVATI JEWELLERS,LIL01,RN14835,A+,Sparkles,Less Then 30k,West Zone,3,2026,RING,1
LILAVATI JEWELLERS,LIL01,RN20406,A+,Sparkles,Less Then 30k,West Zone,4,2026,RING,1
LILAVATI JEWELLERS,LIL01,SMNP537,A+,Sparkles,Less Then 30k,West Zone,1,2026,NOSE PIN,2
LILAVATI JEWELLERS,LIL01,T14151,A+,Sparkles,Less Then 30k,West Zone,1,2026,EARRING,1
LILAVATI JEWELLERS,LIL01,T1710,A+,Sparkles,Less Then 30k,West Zone,2,2026,EARRING,1
LILAVATI JEWELLERS,LIL01,T18663,A+,Sparkles,50k-75k,West Zone,1,2026,EARRING,1
LILAVATI JEWELLERS,LIL01,T19006,A+,Sparkles,50k-75k,West Zone,1,2026,EARRING,1
LILAVATI JEWELLERS,LIL01,T19133,A+,Sparkles,100k-150k,West Zone,5,2026,EARRING,1
LILAVATI JEWELLERS,LIL01,T19418,A+,Sparkles,30k-50k,West Zone,4,2026,EARRING,1
LILAVATI JEWELLERS,LIL01,T6485,A+,Sparkles,Less Then 30k,West Zone,2,2026,EARRING,1
LNS JEWELLERS,LNS1,AFDRE14202,A+,Sparkles,50k-75k,South Zone,3,2026,RING,1
LNS JEWELLERS,LNS1,AFDT1400,A+,Sparkles,Less Then 30k,South Zone,11,2024,EARRING,1
LNS JEWELLERS,LNS1,AFDT1401,A+,Sparkles,50k-75k,South Zone,9,2025,EARRING,1
LNS JEWELLERS,LNS1,AFDT1401,A+,Sparkles,75k-100k,South Zone,12,2024,EARRING,1
LNS JEWELLERS,LNS1,AFDT1403,A+,Sparkles,100k-150k,South Zone,4,2026,EARRING,1
LNS JEWELLERS,LNS1,AFDT1409,A+,Sparkles,30k-50k,South Zone,6,2025,EARRING,1
LNS JEWELLERS,LNS1,AFDT1410,A+,Sparkles,Less Then 30k,South Zone,3,2026,EARRING,1
LNS JEWELLERS,LNS1,AFDT1410,A+,Sparkles,Less Then 30k,South Zone,10,2024,EARRING,1
LNS JEWELLERS,LNS1,AFDT1410,A+,Sparkles,Less Then 30k,South Zone,11,2025,EARRING,1
LNS JEWELLERS,LNS1,AFDT1411,A+,Sparkles,30k-50k,South Zone,4,2026,EARRING,1
LNS JEWELLERS,LNS1,AFDT1411,A+,Sparkles,Less Then 30k,South Zone,3,2025,EARRING,1
LNS JEWELLERS,LNS1,AFDT1411,A+,Sparkles,Less Then 30k,South Zone,4,2025,EARRING,1
LNS JEWELLERS,LNS1,AFDT5200,A+,Sparkles,30k-50k,South Zone,10,2024,EARRING,1
LNS JEWELLERS,LNS1,CHAIN1,A+,Sparq,Less Then 2k,South Zone,1,2026,CHAIN,1
LNS JEWELLERS,LNS1,N19501,A+,Sparkles,30k-50k,South Zone,10,2024,NECKLACE,1
LNS JEWELLERS,LNS1,N19505,A+,Sparkles,Less Then 30k,South Zone,7,2025,NECKLACE,1
LNS JEWELLERS,LNS1,N19532,A+,Sparq,Above 25k,South Zone,2,2026,TANMANIYA,1
LNS JEWELLERS,LNS1,N19536,A+,Sparkles,50k-75k,South Zone,11,2024,NECKLACE,1
LNS JEWELLERS,LNS1,N19541,A+,Sparkles,30k-50k,South Zone,7,2025,NECKLACE,1
LNS JEWELLERS,LNS1,N19546,A+,Sparkles,30k-50k,South Zone,11,2024,NECKLACE,1
LNS JEWELLERS,LNS1,N19548,A+,Sparkles,50k-75k,South Zone,2,2026,NECKLACE,1
LNS JEWELLERS,LNS1,N19548,A+,Sparkles,50k-75k,South Zone,12,2025,NECKLACE,1
LNS JEWELLERS,LNS1,N19550,A+,Sparkles,50k-75k,South Zone,12,2025,NECKLACE,1
LNS JEWELLERS,LNS1,N19552,A+,Sparkles,50k-75k,South Zone,4,2026,NECKLACE,1
LNS JEWELLERS,LNS1,N19557,A+,Sparkles,30k-50k,South Zone,5,2025,NECKLACE,1
LNS JEWELLERS,LNS1,N19558,A+,Sparkles,75k-100k,South Zone,6,2025,NECKLACE,1
LNS JEWELLERS,LNS1,N19559,A+,Sparkles,50k-75k,South Zone,3,2025,NECKLACE,1
LNS JEWELLERS,LNS1,N19564,A+,Sparkles,50k-75k,South Zone,8,2025,NECKLACE,1
LNS JEWELLERS,LNS1,N19579,A+,Sparkles,30k-50k,South Zone,1,2026,NECKLACE,1
LNS JEWELLERS,LNS1,N19581,A+,Sparkles,75k-100k,South Zone,9,2025,NECKLACE,1
LNS JEWELLERS,LNS1,N19617,A+,Sparkles,50k-75k,South Zone,12,2025,NECKLACE,1
LNS JEWELLERS,LNS1,N19719,A+,Sparq,4k-7k,South Zone,2,2026,NECKLACE,2
LNS JEWELLERS,LNS1,N19719,A+,Sparq,7k-10k,South Zone,1,2026,NECKLACE,1
LNS JEWELLERS,LNS1,N19721,A+,Sparq,4k-7k,South Zone,1,2026,NECKLACE,1
LNS JEWELLERS,LNS1,N19725,A+,Sparq,7k-10k,South Zone,1,2026,TANMANIYA,1
LNS JEWELLERS,LNS1,N19734,A+,Sparq,4k-7k,South Zone,1,2026,NECKLACE,1
LNS JEWELLERS,LNS1,N50133,A+,Sparq,7k-10k,South Zone,2,2026,TANMANIYA,1
LNS JEWELLERS,LNS1,N5829,A+,Sparq,10k-15k,South Zone,2,2026,TANMANIYA,1
LNS JEWELLERS,LNS1,N8145,A+,Sparq,7k-10k,South Zone,3,2026,TANMANIYA,1
LNS JEWELLERS,LNS1,N8744,A+,Sparq,7k-10k,South Zone,4,2026,TANMANIYA,1
LNS JEWELLERS,LNS1,N9401,A+,Sparq,4k-7k,South Zone,2,2026,TANMANIYA,1
LNS JEWELLERS,LNS1,NP10273,A+,Sparkles,Less Then 30k,South Zone,3,2025,NOSE PIN,2
LNS JEWELLERS,LNS1,NP11010,A+,Sparkles,Less Then 30k,South Zone,2,2026,NOSE PIN,1
LNS JEWELLERS,LNS1,NP11014,A+,Sparkles,Less Then 30k,South Zone,6,2025,NOSE PIN,2
LNS JEWELLERS,LNS1,NP11015,A+,Sparkles,Less Then 30k,South Zone,3,2026,NOSE PIN,1
LNS JEWELLERS,LNS1,NP11015,A+,Sparkles,Less Then 30k,South Zone,11,2025,NOSE PIN,1
LNS JEWELLERS,LNS1,NP11018,A+,Sparkles,Less Then 30k,South Zone,2,2026,NOSE PIN,1
LNS JEWELLERS,LNS1,NP11018,A+,Sparkles,Less Then 30k,South Zone,12,2025,NOSE PIN,1
LNS JEWELLERS,LNS1,NP1102,A+,Sparkles,Less Then 30k,South Zone,9,2025,NOSE PIN,1
LNS JEWELLERS,LNS1,NP1102,A+,Sparkles,Less Then 30k,South Zone,11,2025,NOSE PIN,1
LNS JEWELLERS,LNS1,NP11484,A+,Sparkles,Less Then 30k,South Zone,2,2026,NOSE PIN,1
LNS JEWELLERS,LNS1,NP11754,A+,Sparkles,Less Then 30k,South Zone,5,2026,NOSE PIN,1
LNS JEWELLERS,LNS1,NP1231,A+,Sparkles,Less Then 30k,South Zone,3,2025,NOSE PIN,1
LNS JEWELLERS,LNS1,NP1231,A+,Sparkles,Less Then 30k,South Zone,6,2025,NOSE PIN,2
LNS JEWELLERS,LNS1,NP1231,A+,Sparkles,Less Then 30k,South Zone,7,2025,NOSE PIN,1
LNS JEWELLERS,LNS1,NP12432,A+,Sparkles,Less Then 30k,South Zone,11,2025,NOSE PIN,1
LNS JEWELLERS,LNS1,NP1259,A+,Sparkles,Less Then 30k,South Zone,7,2025,NOSE PIN,1
LNS JEWELLERS,LNS1,NP1484,A+,Sparkles,Less Then 30k,South Zone,4,2026,NOSE PIN,2
LNS JEWELLERS,LNS1,NP1754,A+,Sparkles,Less Then 30k,South Zone,4,2026,NOSE PIN,1
LNS JEWELLERS,LNS1,NP1868,A+,Sparkles,Less Then 30k,South Zone,11,2024,NOSE PIN,1
LNS JEWELLERS,LNS1,NP1876,A+,Sparkles,Less Then 30k,South Zone,1,2026,NOSE PIN,2
LNS JEWELLERS,LNS1,NP1876,A+,Sparkles,Less Then 30k,South Zone,3,2025,NOSE PIN,1
LNS JEWELLERS,LNS1,NP1876,A+,Sparkles,Less Then 30k,South Zone,5,2026,NOSE PIN,1
LNS JEWELLERS,LNS1,NP1876,A+,Sparkles,Less Then 30k,South Zone,7,2025,NOSE PIN,2
LNS JEWELLERS,LNS1,NP1876,A+,Sparkles,Less Then 30k,South Zone,8,2025,NOSE PIN,1
LNS JEWELLERS,LNS1,NP1876,A+,Sparkles,Less Then 30k,South Zone,9,2024,NOSE PIN,2
LNS JEWELLERS,LNS1,NP1876,A+,Sparkles,Less Then 30k,South Zone,11,2024,NOSE PIN,1
LNS JEWELLERS,LNS1,NP1876,A+,Sparkles,Less Then 30k,South Zone,11,2025,NOSE PIN,2
LNS JEWELLERS,LNS1,NP1876,A+,Sparkles,Less Then 30k,South Zone,12,2024,NOSE PIN,1
LNS JEWELLERS,LNS1,NP1876,A+,Sparq,2k-4k,South Zone,5,2026,NOSE PIN,1
LNS JEWELLERS,LNS1,NP1877,A+,Sparkles,Less Then 30k,South Zone,1,2025,NOSE PIN,1
LNS JEWELLERS,LNS1,NP1878,A+,Sparkles,Less Then 30k,South Zone,5,2025,NOSE PIN,2
LNS JEWELLERS,LNS1,NP1878,A+,Sparkles,Less Then 30k,South Zone,6,2025,NOSE PIN,1
LNS JEWELLERS,LNS1,NP1878,A+,Sparkles,Less Then 30k,South Zone,8,2025,NOSE PIN,2
LNS JEWELLERS,LNS1,NP1879,A+,Sparkles,Less Then 30k,South Zone,1,2026,NOSE PIN,1
LNS JEWELLERS,LNS1,NP1879,A+,Sparkles,Less Then 30k,South Zone,4,2025,NOSE PIN,1
LNS JEWELLERS,LNS1,NP1879,A+,Sparkles,Less Then 30k,South Zone,5,2026,NOSE PIN,1
LNS JEWELLERS,LNS1,NP1879,A+,Sparkles,Less Then 30k,South Zone,10,2024,NOSE PIN,1
LNS JEWELLERS,LNS1,NP1879,A+,Sparkles,Less Then 30k,South Zone,12,2024,NOSE PIN,1
LNS JEWELLERS,LNS1,NP1881,A+,Sparkles,Less Then 30k,South Zone,4,2025,NOSE PIN,2
LNS JEWELLERS,LNS1,NP1881,A+,Sparkles,Less Then 30k,South Zone,5,2025,NOSE PIN,1
LNS JEWELLERS,LNS1,NP1881,A+,Sparkles,Less Then 30k,South Zone,8,2025,NOSE PIN,1
LNS JEWELLERS,LNS1,NP1882,A+,Sparkles,Less Then 30k,South Zone,4,2026,NOSE PIN,1
LNS JEWELLERS,LNS1,NP1882,A+,Sparkles,Less Then 30k,South Zone,8,2025,NOSE PIN,2
LNS JEWELLERS,LNS1,NP1882,A+,Sparkles,Less Then 30k,South Zone,10,2024,NOSE PIN,1
LNS JEWELLERS,LNS1,NP1883,A+,Sparkles,Less Then 30k,South Zone,2,2025,NOSE PIN,3
LNS JEWELLERS,LNS1,NP1883,A+,Sparkles,Less Then 30k,South Zone,4,2025,NOSE PIN,2
LNS JEWELLERS,LNS1,NP1883,A+,Sparkles,Less Then 30k,South Zone,5,2025,NOSE PIN,1
LNS JEWELLERS,LNS1,NP1883,A+,Sparkles,Less Then 30k,South Zone,7,2025,NOSE PIN,1
LNS JEWELLERS,LNS1,NP1883,A+,Sparkles,Less Then 30k,South Zone,8,2025,NOSE PIN,3
LNS JEWELLERS,LNS1,NP1883,A+,Sparkles,Less Then 30k,South Zone,11,2025,NOSE PIN,2
LNS JEWELLERS,LNS1,NP20502,A+,Sparkles,Less Then 30k,South Zone,2,2025,NOSE PIN,2
LNS JEWELLERS,LNS1,NP20502,A+,Sparkles,Less Then 30k,South Zone,9,2025,NOSE PIN,1
LNS JEWELLERS,LNS1,NP20504,A+,Sparkles,Less Then 30k,South Zone,10,2024,NOSE PIN,1
LNS JEWELLERS,LNS1,NP20505,A+,Sparkles,Less Then 30k,South Zone,3,2025,NOSE PIN,2
LNS JEWELLERS,LNS1,NP20505,A+,Sparkles,Less Then 30k,South Zone,4,2025,NOSE PIN,1
LNS JEWELLERS,LNS1,NP20505,A+,Sparkles,Less Then 30k,South Zone,6,2025,NOSE PIN,2
LNS JEWELLERS,LNS1,NP20505,A+,Sparkles,Less Then 30k,South Zone,9,2024,NOSE PIN,1
LNS JEWELLERS,LNS1,NP20506,A+,Sparkles,Less Then 30k,South Zone,9,2024,NOSE PIN,4
LNS JEWELLERS,LNS1,NP20507,A+,Sparkles,Less Then 30k,South Zone,2,2025,NOSE PIN,2
LNS JEWELLERS,LNS1,NP20507,A+,Sparkles,Less Then 30k,South Zone,3,2025,NOSE PIN,2
LNS JEWELLERS,LNS1,NP20507,A+,Sparkles,Less Then 30k,South Zone,6,2025,NOSE PIN,2
LNS JEWELLERS,LNS1,NP20507,A+,Sparkles,Less Then 30k,South Zone,9,2024,NOSE PIN,2
LNS JEWELLERS,LNS1,NP20507,A+,Sparkles,Less Then 30k,South Zone,11,2024,NOSE PIN,2
LNS JEWELLERS,LNS1,NP20509,A+,Sparq,2k-4k,South Zone,1,2026,NOSE PIN,1
LNS JEWELLERS,LNS1,NP20511,A+,Sparkles,Less Then 30k,South Zone,12,2024,NOSE PIN,1
LNS JEWELLERS,LNS1,NP20524,A+,Sparkles,Less Then 30k,South Zone,4,2026,NOSE PIN,2
LNS JEWELLERS,LNS1,NP20524,A+,Sparq,Less Then 2k,South Zone,12,2025,NOSE PIN,1
LNS JEWELLERS,LNS1,NP20525,A+,Sparq,2k-4k,South Zone,12,2025,NOSE PIN,2
LNS JEWELLERS,LNS1,NP20528,A+,Sparq,Less Then 2k,South Zone,1,2026,NOSE PIN,1
LNS JEWELLERS,LNS1,NP20528,A+,Sparq,Less Then 2k,South Zone,12,2025,NOSE PIN,1
LNS JEWELLERS,LNS1,NP20529,A+,Sparq,Less Then 2k,South Zone,1,2026,NOSE PIN,3
LNS JEWELLERS,LNS1,NP20529,A+,Sparq,Less Then 2k,South Zone,2,2026,NOSE PIN,2
LNS JEWELLERS,LNS1,NP20529,A+,Sparq,Less Then 2k,South Zone,3,2026,NOSE PIN,383
LNS JEWELLERS,LNS1,NP20529,A+,Sparq,Less Then 2k,South Zone,4,2026,NOSE PIN,2
LNS JEWELLERS,LNS1,NP20532,A+,Sparq,2k-4k,South Zone,4,2026,NOSE PIN,2
LNS JEWELLERS,LNS1,NP21754,A+,Sparkles,Less Then 30k,South Zone,2,2026,NOSE PIN,1
LNS JEWELLERS,LNS1,NP21754,A+,Sparkles,Less Then 30k,South Zone,3,2026,NOSE PIN,1
LNS JEWELLERS,LNS1,NP21754,A+,Sparkles,Less Then 30k,South Zone,8,2025,NOSE PIN,1
LNS JEWELLERS,LNS1,NP21754,A+,Sparkles,Less Then 30k,South Zone,9,2024,NOSE PIN,2
LNS JEWELLERS,LNS1,NP21754,A+,Sparkles,Less Then 30k,South Zone,10,2024,NOSE PIN,3
LNS JEWELLERS,LNS1,NP21754,A+,Sparkles,Less Then 30k,South Zone,12,2024,NOSE PIN,1
LNS JEWELLERS,LNS1,NP2231,A+,Sparkles,Less Then 30k,South Zone,1,2025,NOSE PIN,1
LNS JEWELLERS,LNS1,NP2231,A+,Sparkles,Less Then 30k,South Zone,5,2026,NOSE PIN,1
LNS JEWELLERS,LNS1,NP2231,A+,Sparkles,Less Then 30k,South Zone,10,2024,NOSE PIN,2
LNS JEWELLERS,LNS1,NP2231,A+,Sparkles,Less Then 30k,South Zone,12,2024,NOSE PIN,1
LNS JEWELLERS,LNS1,NP22432,A+,Sparkles,Less Then 30k,South Zone,4,2026,NOSE PIN,1
LNS JEWELLERS,LNS1,NP22432,A+,Sparkles,Less Then 30k,South Zone,5,2025,NOSE PIN,2
LNS JEWELLERS,LNS1,NP22432,A+,Sparkles,Less Then 30k,South Zone,11,2025,NOSE PIN,1
LNS JEWELLERS,LNS1,NP2273,A+,Sparkles,Less Then 30k,South Zone,11,2025,NOSE PIN,1
LNS JEWELLERS,LNS1,NP2432,A+,Sparkles,Less Then 30k,South Zone,7,2025,NOSE PIN,1
LNS JEWELLERS,LNS1,NP2432,A+,Sparq,2k-4k,South Zone,5,2026,NOSE PIN,1
LNS JEWELLERS,LNS1,NP273,A+,Sparkles,Less Then 30k,South Zone,2,2026,NOSE PIN,1
LNS JEWELLERS,LNS1,NP273,A+,Sparkles,Less Then 30k,South Zone,7,2025,NOSE PIN,2
LNS JEWELLERS,LNS1,NP3290,A+,Sparkles,Less Then 30k,South Zone,6,2025,NOSE PIN,2
LNS JEWELLERS,LNS1,NP3290,A+,Sparq,Less Then 2k,South Zone,4,2026,NOSE PIN,1
LNS JEWELLERS,LNS1,NP5231,A+,Sparkles,Less Then 30k,South Zone,8,2025,NOSE PIN,2
LNS JEWELLERS,LNS1,NP544,A+,Sparkles,Less Then 30k,South Zone,4,2026,NOSE PIN,1
LNS JEWELLERS,LNS1,NP544,A+,Sparkles,Less Then 30k,South Zone,11,2025,NOSE PIN,2
LNS JEWELLERS,LNS1,NP551,A+,Sparkles,Less Then 30k,South Zone,12,2024,NOSE PIN,1
LNS JEWELLERS,LNS1,NP7134,A+,Sparkles,Less Then 30k,South Zone,2,2026,NOSE PIN,1
LNS JEWELLERS,LNS1,NP7134,A+,Sparkles,Less Then 30k,South Zone,9,2025,NOSE PIN,1
LNS JEWELLERS,LNS1,NP7231,A+,Sparkles,Less Then 30k,South Zone,5,2026,NOSE PIN,1
LNS JEWELLERS,LNS1,NP7231,A+,Sparkles,Less Then 30k,South Zone,11,2025,NOSE PIN,1
LNS JEWELLERS,LNS1,NP7231,A+,Sparq,Less Then 2k,South Zone,2,2026,NOSE PIN,1
LNS JEWELLERS,LNS1,NP7231,A+,Sparq,Less Then 2k,South Zone,4,2026,NOSE PIN,1
LNS JEWELLERS,LNS1,NP7950,A+,Sparkles,Less Then 30k,South Zone,2,2025,NOSE PIN,2
LNS JEWELLERS,LNS1,NP7950,A+,Sparkles,Less Then 30k,South Zone,4,2025,NOSE PIN,1
LNS JEWELLERS,LNS1,NP7950,A+,Sparkles,Less Then 30k,South Zone,8,2025,NOSE PIN,1
LNS JEWELLERS,LNS1,NP7950,A+,Sparkles,Less Then 30k,South Zone,9,2024,NOSE PIN,1
LNS JEWELLERS,LNS1,NP7950,A+,Sparkles,Less Then 30k,South Zone,9,2025,NOSE PIN,1
LNS JEWELLERS,LNS1,NP7950,A+,Sparkles,Less Then 30k,South Zone,10,2024,NOSE PIN,2
LNS JEWELLERS,LNS1,NP7950,A+,Sparkles,Less Then 30k,South Zone,12,2025,NOSE PIN,1
LNS JEWELLERS,LNS1,NP7950,A+,Sparq,Less Then 2k,South Zone,1,2026,NOSE PIN,1
LNS JEWELLERS,LNS1,NP7951,A+,Sparkles,Less Then 30k,South Zone,4,2026,NOSE PIN,1
LNS JEWELLERS,LNS1,NP7951,A+,Sparkles,Less Then 30k,South Zone,5,2025,NOSE PIN,2
LNS JEWELLERS,LNS1,NP7953,A+,Sparkles,Less Then 30k,South Zone,2,2026,NOSE PIN,2
LNS JEWELLERS,LNS1,NP7953,A+,Sparkles,Less Then 30k,South Zone,5,2025,NOSE PIN,1
LNS JEWELLERS,LNS1,NP8514,A+,Sparkles,Less Then 30k,South Zone,4,2026,NOSE PIN,1
LNS JEWELLERS,LNS1,NP8514,A+,Sparkles,Less Then 30k,South Zone,5,2026,NOSE PIN,4
LNS JEWELLERS,LNS1,NP8514,A+,Sparkles,Less Then 30k,South Zone,12,2025,NOSE PIN,2
LNS JEWELLERS,LNS1,NP8516,A+,Sparkles,Less Then 30k,South Zone,1,2026,NOSE PIN,2
LNS JEWELLERS,LNS1,NP8516,A+,Sparkles,Less Then 30k,South Zone,3,2026,NOSE PIN,2
LNS JEWELLERS,LNS1,NP8516,A+,Sparkles,Less Then 30k,South Zone,5,2025,NOSE PIN,1
LNS JEWELLERS,LNS1,NP8516,A+,Sparkles,Less Then 30k,South Zone,5,2026,NOSE PIN,2
LNS JEWELLERS,LNS1,NP8516,A+,Sparkles,Less Then 30k,South Zone,7,2025,NOSE PIN,2
LNS JEWELLERS,LNS1,NP8516,A+,Sparkles,Less Then 30k,South Zone,8,2025,NOSE PIN,2
LNS JEWELLERS,LNS1,NP8516,A+,Sparkles,Less Then 30k,South Zone,9,2025,NOSE PIN,3
LNS JEWELLERS,LNS1,NP8516,A+,Sparkles,Less Then 30k,South Zone,11,2024,NOSE PIN,5
LNS JEWELLERS,LNS1,NP8516,A+,Sparkles,Less Then 30k,South Zone,11,2025,NOSE PIN,1
LNS JEWELLERS,LNS1,NP8516,A+,Sparkles,Less Then 30k,South Zone,12,2025,NOSE PIN,4
LNS JEWELLERS,LNS1,NP8517,A+,Sparkles,Less Then 30k,South Zone,4,2026,NOSE PIN,3
LNS JEWELLERS,LNS1,NP8519,A+,Sparq,2k-4k,South Zone,4,2026,NOSE PIN,2
LNS JEWELLERS,LNS1,NPA1754,A+,Sparkles,Less Then 30k,South Zone,2,2026,NOSE PIN,1
LNS JEWELLERS,LNS1,P12476,A+,Sparkles,Less Then 30k,South Zone,10,2024,PENDANT,1
LNS JEWELLERS,LNS1,P12476,A+,Sparkles,Less Then 30k,South Zone,11,2025,PENDANT,1
LNS JEWELLERS,LNS1,P14393,A+,Sparkles,Less Then 30k,South Zone,2,2025,PENDANT,1
LNS JEWELLERS,LNS1,P14393,A+,Sparkles,Less Then 30k,South Zone,12,2025,PENDANT,1
LNS JEWELLERS,LNS1,P15525,A+,Sparkles,Less Then 30k,South Zone,11,2024,PENDANT,1
LNS JEWELLERS,LNS1,P15704,A+,Sparkles,50k-75k,South Zone,1,2025,PENDANT,1
LNS JEWELLERS,LNS1,P20009,A+,Sparkles,75k-100k,South Zone,12,2024,PENDANT,1
LNS JEWELLERS,LNS1,P20036,A+,Sparkles,30k-50k,South Zone,11,2025,PENDANT,1
LNS JEWELLERS,LNS1,P20070,A+,Sparkles,Less Then 30k,South Zone,5,2026,PENDANT,1
LNS JEWELLERS,LNS1,P20084,A+,Sparq,4k-7k,South Zone,2,2026,PENDANT,1
LNS JEWELLERS,LNS1,P20094,A+,Sparq,4k-7k,South Zone,2,2026,PENDANT,1
LNS JEWELLERS,LNS1,P20094,A+,Sparq,Less Then 2k,South Zone,7,2025,PENDANT,1
LNS JEWELLERS,LNS1,P20099,A+,Sparq,15k-25k,South Zone,2,2026,PENDANT,1
LNS JEWELLERS,LNS1,P20103,A+,Sparq,4k-7k,South Zone,1,2026,PENDANT,1
LNS JEWELLERS,LNS1,P20103,A+,Sparq,Less Then 2k,South Zone,7,2025,PENDANT,1
LNS JEWELLERS,LNS1,P20104,A+,Sparq,4k-7k,South Zone,2,2026,PENDANT,1
LNS JEWELLERS,LNS1,P20110,A+,Sparq,4k-7k,South Zone,2,2026,PENDANT,1
LNS JEWELLERS,LNS1,P20130,A+,Sparkles,Less Then 30k,South Zone,7,2025,PENDANT,1
LNS JEWELLERS,LNS1,P20155,A+,Sparkles,Less Then 30k,South Zone,11,2025,PENDANT,1
LNS JEWELLERS,LNS1,P20321,A+,Sparq,15k-25k,South Zone,1,2026,PENDANT,1
LNS JEWELLERS,LNS1,P8716,A+,Sparkles,Less Then 30k,South Zone,7,2025,PENDANT,1
LNS JEWELLERS,LNS1,PC5662,A+,Sparkles,Less Then 30k,South Zone,3,2025,PENDANT,1
LNS JEWELLERS,LNS1,PXT8841,A+,Sparkles,Less Then 30k,South Zone,4,2025,EARRING,1
LNS JEWELLERS,LNS1,R10243,A+,Sparkles,Less Then 30k,South Zone,11,2025,RING,1
LNS JEWELLERS,LNS1,R10383,A+,Sparkles,Less Then 30k,South Zone,7,2025,RING,1
LNS JEWELLERS,LNS1,R10474,A+,Sparkles,Less Then 30k,South Zone,1,2025,RING,1
LNS JEWELLERS,LNS1,R10705,A+,Sparkles,30k-50k,South Zone,7,2025,RING,1
LNS JEWELLERS,LNS1,R10705,A+,Sparkles,30k-50k,South Zone,11,2024,RING,1
LNS JEWELLERS,LNS1,R10931,A+,Sparkles,30k-50k,South Zone,4,2026,RING,1
LNS JEWELLERS,LNS1,R10984,A+,Sparkles,Less Then 30k,South Zone,1,2025,RING,1
LNS JEWELLERS,LNS1,R10984,A+,Sparkles,Less Then 30k,South Zone,2,2025,RING,1
LNS JEWELLERS,LNS1,R10991,A+,Sparkles,Less Then 30k,South Zone,4,2026,RING,1
LNS JEWELLERS,LNS1,R10991,A+,Sparkles,Less Then 30k,South Zone,12,2025,RING,1
LNS JEWELLERS,LNS1,R11930,A+,Sparkles,Less Then 30k,South Zone,2,2025,RING,1
LNS JEWELLERS,LNS1,R11993,A+,Sparkles,50k-75k,South Zone,4,2025,RING,1
LNS JEWELLERS,LNS1,R12186,A+,Sparkles,Less Then 30k,South Zone,11,2024,RING,1
LNS JEWELLERS,LNS1,R12375,A+,Sparkles,30k-50k,South Zone,2,2025,RING,3
LNS JEWELLERS,LNS1,R12375,A+,Sparkles,30k-50k,South Zone,5,2026,RING,1
LNS JEWELLERS,LNS1,R12375,A+,Sparkles,Less Then 30k,South Zone,2,2025,RING,1
LNS JEWELLERS,LNS1,R12377,A+,Sparkles,30k-50k,South Zone,2,2025,RING,1
LNS JEWELLERS,LNS1,R12377,A+,Sparkles,30k-50k,South Zone,5,2025,RING,1
LNS JEWELLERS,LNS1,R12377,A+,Sparkles,30k-50k,South Zone,9,2024,RING,1
LNS JEWELLERS,LNS1,R12420,A+,Sparkles,30k-50k,South Zone,4,2025,RING,1
LNS JEWELLERS,LNS1,R12837,A+,Sparkles,50k-75k,South Zone,3,2025,RING,1
LNS JEWELLERS,LNS1,R14106,A+,Sparkles,30k-50k,South Zone,1,2025,RING,1
LNS JEWELLERS,LNS1,R14120,A+,Sparkles,30k-50k,South Zone,1,2026,RING,1
LNS JEWELLERS,LNS1,R14124,A+,Sparkles,30k-50k,South Zone,4,2026,RING,1
LNS JEWELLERS,LNS1,R14177,A+,Sparkles,30k-50k,South Zone,10,2024,RING,1
LNS JEWELLERS,LNS1,R14183,A+,Sparkles,30k-50k,South Zone,12,2025,RING,1
LNS JEWELLERS,LNS1,R14194,A+,Sparkles,30k-50k,South Zone,5,2026,RING,1
LNS JEWELLERS,LNS1,R14296,A+,Sparkles,Less Then 30k,South Zone,2,2026,RING,1
LNS JEWELLERS,LNS1,R14297,A+,Sparkles,Less Then 30k,South Zone,11,2025,RING,1
LNS JEWELLERS,LNS1,R14317,A+,Sparkles,50k-75k,South Zone,12,2025,RING,1
LNS JEWELLERS,LNS1,R14319,A+,Sparkles,50k-75k,South Zone,1,2026,RING,1
LNS JEWELLERS,LNS1,R14324,A+,Sparkles,30k-50k,South Zone,12,2025,RING,1
LNS JEWELLERS,LNS1,R14334,A+,Sparkles,30k-50k,South Zone,4,2026,RING,1
LNS JEWELLERS,LNS1,R14503,A+,Sparq,15k-25k,South Zone,2,2026,RING,1
LNS JEWELLERS,LNS1,R14510,A+,Sparq,7k-10k,South Zone,2,2026,RING,1
LNS JEWELLERS,LNS1,R14511,A+,Sparq,4k-7k,South Zone,2,2026,RING,1
LNS JEWELLERS,LNS1,R14522,A+,Sparq,4k-7k,South Zone,1,2026,RING,1
LNS JEWELLERS,LNS1,R14522,A+,Sparq,4k-7k,South Zone,2,2026,RING,2
LNS JEWELLERS,LNS1,R14523,A+,Sparq,15k-25k,South Zone,2,2026,RING,1
LNS JEWELLERS,LNS1,R14531,A+,Sparq,10k-15k,South Zone,1,2026,RING,1
LNS JEWELLERS,LNS1,R14553,A+,Sparq,Above 25k,South Zone,4,2026,RING,1
LNS JEWELLERS,LNS1,R14554,A+,Sparq,10k-15k,South Zone,2,2026,RING,1
LNS JEWELLERS,LNS1,R14575,A+,Sparkles,30k-50k,South Zone,1,2026,RING,1
LNS JEWELLERS,LNS1,R14609,A+,Sparkles,30k-50k,South Zone,9,2025,RING,1
LNS JEWELLERS,LNS1,R14622,A+,Sparkles,50k-75k,South Zone,11,2025,RING,1
LNS JEWELLERS,LNS1,R14659,A+,Sparq,10k-15k,South Zone,2,2026,RING,1
LNS JEWELLERS,LNS1,R14663,A+,Sparq,2k-4k,South Zone,1,2026,RING,3
LNS JEWELLERS,LNS1,R14669,A+,Sparq,2k-4k,South Zone,1,2026,RING,3
LNS JEWELLERS,LNS1,R14669,A+,Sparq,2k-4k,South Zone,2,2026,RING,2
LNS JEWELLERS,LNS1,R14673,A+,Sparq,4k-7k,South Zone,1,2026,RING,2
LNS JEWELLERS,LNS1,R14673,A+,Sparq,4k-7k,South Zone,2,2026,RING,1
LNS JEWELLERS,LNS1,R14673,A+,Sparq,4k-7k,South Zone,4,2026,RING,1
LNS JEWELLERS,LNS1,R14676,A+,Sparq,4k-7k,South Zone,1,2026,RING,1
LNS JEWELLERS,LNS1,R14688,A+,Sparq,10k-15k,South Zone,2,2026,RING,1
LNS JEWELLERS,LNS1,R14688,A+,Sparq,7k-10k,South Zone,2,2026,RING,1
LNS JEWELLERS,LNS1,R14750,A+,Sparkles,Less Then 30k,South Zone,3,2026,RING,1
LNS JEWELLERS,LNS1,R14753,A+,Sparkles,Less Then 30k,South Zone,11,2025,RING,1
LNS JEWELLERS,LNS1,R14773,A+,Sparq,4k-7k,South Zone,1,2026,RING,2
LNS JEWELLERS,LNS1,R14776,A+,Sparq,7k-10k,South Zone,1,2026,RING,1
LNS JEWELLERS,LNS1,R14915,A+,Sparkles,Less Then 30k,South Zone,4,2026,RING,1
LNS JEWELLERS,LNS1,R14918,A+,Sparkles,Less Then 30k,South Zone,5,2026,RING,1
LNS JEWELLERS,LNS1,R15017,A+,Sparq,10k-15k,South Zone,2,2026,RING,1
LNS JEWELLERS,LNS1,R15095,A+,Sparq,4k-7k,South Zone,5,2026,RING,1
LNS JEWELLERS,LNS1,R15108,A+,Sparq,7k-10k,South Zone,4,2026,RING,1
LNS JEWELLERS,LNS1,R15175,A+,Sparq,7k-10k,South Zone,4,2026,RING,1
LNS JEWELLERS,LNS1,R19644,A+,Sparq,4k-7k,South Zone,1,2026,RING,1
LNS JEWELLERS,LNS1,R19651,A+,Sparq,4k-7k,South Zone,1,2026,RING,1
LNS JEWELLERS,LNS1,R19656,A+,Sparq,7k-10k,South Zone,1,2026,RING,2
LNS JEWELLERS,LNS1,R19685,A+,Sparq,7k-10k,South Zone,1,2026,RING,1
LNS JEWELLERS,LNS1,R19695,A+,Sparq,7k-10k,South Zone,1,2026,RING,1
LNS JEWELLERS,LNS1,R20247,A+,Sparq,4k-7k,South Zone,2,2026,RING,1
LNS JEWELLERS,LNS1,R20247,A+,Sparq,7k-10k,South Zone,1,2026,RING,1
LNS JEWELLERS,LNS1,R20249,A+,Sparq,4k-7k,South Zone,1,2026,RING,1
LNS JEWELLERS,LNS1,R20249,A+,Sparq,4k-7k,South Zone,2,2026,RING,2
LNS JEWELLERS,LNS1,R20263,A+,Sparq,7k-10k,South Zone,1,2026,RING,1
LNS JEWELLERS,LNS1,R20275,A+,Sparq,7k-10k,South Zone,1,2026,RING,1
LNS JEWELLERS,LNS1,R4039,A+,Sparq,10k-15k,South Zone,2,2026,RING,1
LNS JEWELLERS,LNS1,R4231,A+,Sparq,7k-10k,South Zone,2,2026,RING,1
LNS JEWELLERS,LNS1,R4232,A+,Sparq,4k-7k,South Zone,1,2026,RING,1
LNS JEWELLERS,LNS1,R4232,A+,Sparq,4k-7k,South Zone,11,2025,RING,1
LNS JEWELLERS,LNS1,R4232,A+,Sparq,7k-10k,South Zone,1,2026,RING,1
LNS JEWELLERS,LNS1,R4232,A+,Sparq,7k-10k,South Zone,2,2026,RING,1
LNS JEWELLERS,LNS1,R425,A+,Sparq,4k-7k,South Zone,5,2026,RING,1
LNS JEWELLERS,LNS1,R4394,A+,Sparkles,30k-50k,South Zone,1,2026,RING,1
LNS JEWELLERS,LNS1,R4678,A+,Sparq,4k-7k,South Zone,1,2026,RING,1
LNS JEWELLERS,LNS1,R492,A+,Sparkles,30k-50k,South Zone,4,2025,RING,1
LNS JEWELLERS,LNS1,R5266,A+,Sparkles,30k-50k,South Zone,2,2025,RING,1
LNS JEWELLERS,LNS1,R5299,A+,Sparkles,30k-50k,South Zone,10,2024,RING,1
LNS JEWELLERS,LNS1,R5375,A+,Sparq,4k-7k,South Zone,2,2026,RING,1
LNS JEWELLERS,LNS1,R5572,A+,Sparq,10k-15k,South Zone,4,2026,RING,1
LNS JEWELLERS,LNS1,R5636,A+,Sparq,10k-15k,South Zone,3,2026,RING,1
LNS JEWELLERS,LNS1,R6033,A+,Sparkles,30k-50k,South Zone,12,2025,RING,1
LNS JEWELLERS,LNS1,R6629,A+,Sparkles,30k-50k,South Zone,4,2026,RING,1
LNS JEWELLERS,LNS1,R7368,A+,Sparq,10k-15k,South Zone,1,2026,RING,1
LNS JEWELLERS,LNS1,R8915,A+,Sparkles,50k-75k,South Zone,1,2026,RING,1
LNS JEWELLERS,LNS1,R8963,A+,Sparkles,30k-50k,South Zone,3,2025,RING,1
LNS JEWELLERS,LNS1,R9063,A+,Sparkles,Less Then 30k,South Zone,9,2025,RING,1
LNS JEWELLERS,LNS1,R9063,A+,Sparkles,Less Then 30k,South Zone,10,2024,RING,1
LNS JEWELLERS,LNS1,R9441,A+,Sparkles,30k-50k,South Zone,1,2025,RING,1
LNS JEWELLERS,LNS1,RF15159,A+,Sparq,10k-15k,South Zone,4,2026,RING,1
LNS JEWELLERS,LNS1,RF15172,A+,Sparq,2k-4k,South Zone,3,2026,RING,1
LNS JEWELLERS,LNS1,RF15184,A+,Sparq,7k-10k,South Zone,3,2026,RING,1
LNS JEWELLERS,LNS1,RM15171,A+,Sparq,7k-10k,South Zone,4,2026,RING,1
LNS JEWELLERS,LNS1,RM15172,A+,Sparq,10k-15k,South Zone,4,2026,RING,1
LNS JEWELLERS,LNS1,RN14827,A+,Sparkles,Less Then 30k,South Zone,2,2026,RING,1
LNS JEWELLERS,LNS1,RN14828,A+,Sparkles,Less Then 30k,South Zone,9,2025,RING,1
LNS JEWELLERS,LNS1,RN14829,A+,Sparkles,Less Then 30k,South Zone,5,2026,RING,1
LNS JEWELLERS,LNS1,RN14832,A+,Sparkles,Less Then 30k,South Zone,1,2026,RING,1
LNS JEWELLERS,LNS1,RN14834,A+,Sparkles,Less Then 30k,South Zone,2,2026,RING,1
LNS JEWELLERS,LNS1,RN14834,A+,Sparkles,Less Then 30k,South Zone,3,2026,RING,1
LNS JEWELLERS,LNS1,RN20407,A+,Sparkles,Less Then 30k,South Zone,1,2026,RING,1
LNS JEWELLERS,LNS1,RN20407,A+,Sparkles,Less Then 30k,South Zone,3,2026,RING,1
LNS JEWELLERS,LNS1,RN20407,A+,Sparkles,Less Then 30k,South Zone,12,2025,RING,1
LNS JEWELLERS,LNS1,RN20447,A+,Sparq,10k-15k,South Zone,2,2026,RING,1
LNS JEWELLERS,LNS1,RN20452,A+,Sparq,2k-4k,South Zone,1,2026,RING,1
LNS JEWELLERS,LNS1,RN20452,A+,Sparq,2k-4k,South Zone,2,2026,RING,1
LNS JEWELLERS,LNS1,RN20452,A+,Sparq,Less Then 2k,South Zone,1,2026,RING,2
LNS JEWELLERS,LNS1,RN20452,A+,Sparq,Less Then 2k,South Zone,2,2026,RING,2
LNS JEWELLERS,LNS1,RN20459,A+,Sparq,Less Then 2k,South Zone,1,2026,RING,1
LNS JEWELLERS,LNS1,RN20460,A+,Sparq,2k-4k,South Zone,4,2026,RING,1
LNS JEWELLERS,LNS1,RN20461,A+,Sparq,2k-4k,South Zone,1,2026,RING,1
LNS JEWELLERS,LNS1,RN20462,A+,Sparq,2k-4k,South Zone,1,2026,RING,1
LNS JEWELLERS,LNS1,RN20462,A+,Sparq,Less Then 2k,South Zone,1,2026,RING,1
LNS JEWELLERS,LNS1,RN20462,A+,Sparq,Less Then 2k,South Zone,2,2026,RING,2
LNS JEWELLERS,LNS1,RN20463,A+,Sparq,2k-4k,South Zone,1,2026,RING,3
LNS JEWELLERS,LNS1,RN20463,A+,Sparq,2k-4k,South Zone,2,2026,RING,1
LNS JEWELLERS,LNS1,RN20463,A+,Sparq,2k-4k,South Zone,4,2026,RING,2
LNS JEWELLERS,LNS1,RN20463,A+,Sparq,Less Then 2k,South Zone,1,2026,RING,1
LNS JEWELLERS,LNS1,RN20464,A+,Sparq,2k-4k,South Zone,1,2026,RING,3
LNS JEWELLERS,LNS1,RN20464,A+,Sparq,2k-4k,South Zone,2,2026,RING,2
LNS JEWELLERS,LNS1,RN20465,A+,Sparq,2k-4k,South Zone,1,2026,RING,2
LNS JEWELLERS,LNS1,RN20465,A+,Sparq,Less Then 2k,South Zone,2,2026,RING,1
LNS JEWELLERS,LNS1,RN20466,A+,Sparq,2k-4k,South Zone,2,2026,RING,1
LNS JEWELLERS,LNS1,RN20466,A+,Sparq,2k-4k,South Zone,4,2026,RING,1
LNS JEWELLERS,LNS1,RN20467,A+,Sparq,2k-4k,South Zone,1,2026,RING,2
LNS JEWELLERS,LNS1,RN20467,A+,Sparq,2k-4k,South Zone,2,2026,RING,1
LNS JEWELLERS,LNS1,RN20467,A+,Sparq,2k-4k,South Zone,4,2026,RING,3
LNS JEWELLERS,LNS1,RN20467,A+,Sparq,Less Then 2k,South Zone,2,2026,RING,1
LNS JEWELLERS,LNS1,RN20468,A+,Sparq,2k-4k,South Zone,2,2026,RING,1
LNS JEWELLERS,LNS1,RN20468,A+,Sparq,Less Then 2k,South Zone,1,2026,RING,2
LNS JEWELLERS,LNS1,RN20468,A+,Sparq,Less Then 2k,South Zone,2,2026,RING,1
LNS JEWELLERS,LNS1,RN20469,A+,Sparq,2k-4k,South Zone,1,2026,RING,1
LNS JEWELLERS,LNS1,RN20470,A+,Sparq,2k-4k,South Zone,1,2026,RING,2
LNS JEWELLERS,LNS1,RN20470,A+,Sparq,Less Then 2k,South Zone,1,2026,RING,1
LNS JEWELLERS,LNS1,RN20471,A+,Sparq,2k-4k,South Zone,1,2026,RING,3
LNS JEWELLERS,LNS1,RN20471,A+,Sparq,2k-4k,South Zone,4,2026,RING,1
LNS JEWELLERS,LNS1,SMNP504,A+,Sparkles,Less Then 30k,South Zone,2,2026,NOSE PIN,2
LNS JEWELLERS,LNS1,SMNP515,A+,Sparkles,Less Then 30k,South Zone,9,2025,NOSE PIN,2
LNS JEWELLERS,LNS1,SMNP520,A+,Sparkles,Less Then 30k,South Zone,5,2025,NOSE PIN,2
LNS JEWELLERS,LNS1,SMNP537,A+,Sparkles,Less Then 30k,South Zone,4,2026,NOSE PIN,1
LNS JEWELLERS,LNS1,T10547,A+,Sparkles,Less Then 30k,South Zone,6,2025,EARRING,1
LNS JEWELLERS,LNS1,T11273,A+,Sparkles,30k-50k,South Zone,6,2025,EARRING,1
LNS JEWELLERS,LNS1,T11273,A+,Sparkles,30k-50k,South Zone,12,2025,EARRING,1
LNS JEWELLERS,LNS1,T11275,A+,Sparkles,Less Then 30k,South Zone,12,2024,EARRING,1
LNS JEWELLERS,LNS1,T11279,A+,Sparkles,30k-50k,South Zone,4,2025,EARRING,1
LNS JEWELLERS,LNS1,T11607,A+,Sparkles,50k-75k,South Zone,2,2026,EARRING,1
LNS JEWELLERS,LNS1,T11746,A+,Sparkles,50k-75k,South Zone,4,2025,EARRING,1
LNS JEWELLERS,LNS1,T12503,A+,Sparkles,30k-50k,South Zone,11,2024,EARRING,1
LNS JEWELLERS,LNS1,T12511,A+,Sparkles,30k-50k,South Zone,11,2024,EARRING,1
LNS JEWELLERS,LNS1,T12573,A+,Sparkles,Less Then 30k,South Zone,7,2025,EARRING,1
LNS JEWELLERS,LNS1,T12624,A+,Sparkles,50k-75k,South Zone,12,2025,EARRING,1
LNS JEWELLERS,LNS1,T12977,A+,Sparkles,30k-50k,South Zone,12,2024,EARRING,1
LNS JEWELLERS,LNS1,T13123,A+,Sparkles,30k-50k,South Zone,2,2025,EARRING,1
LNS JEWELLERS,LNS1,T13451,A+,Sparkles,50k-75k,South Zone,9,2024,EARRING,1
LNS JEWELLERS,LNS1,T13507,A+,Sparkles,30k-50k,South Zone,3,2026,EARRING,1
LNS JEWELLERS,LNS1,T13568,A+,Sparkles,30k-50k,South Zone,11,2024,EARRING,1
LNS JEWELLERS,LNS1,T13683,A+,Sparkles,30k-50k,South Zone,1,2025,EARRING,1
LNS JEWELLERS,LNS1,T13683,A+,Sparkles,30k-50k,South Zone,2,2025,EARRING,1
LNS JEWELLERS,LNS1,T13683,A+,Sparkles,30k-50k,South Zone,9,2024,EARRING,1
LNS JEWELLERS,LNS1,T13930,A+,Sparkles,30k-50k,South Zone,3,2025,EARRING,1
LNS JEWELLERS,LNS1,T13930,A+,Sparkles,Less Then 30k,South Zone,2,2025,EARRING,1
LNS JEWELLERS,LNS1,T14151,A+,Sparkles,Less Then 30k,South Zone,3,2026,EARRING,1
LNS JEWELLERS,LNS1,T14151,A+,Sparkles,Less Then 30k,South Zone,12,2024,EARRING,1
LNS JEWELLERS,LNS1,T14306,A+,Sparkles,30k-50k,South Zone,1,2026,EARRING,1
LNS JEWELLERS,LNS1,T14380,A+,Sparkles,Less Then 30k,South Zone,12,2024,EARRING,1
LNS JEWELLERS,LNS1,T14386,A+,Sparkles,Less Then 30k,South Zone,11,2024,EARRING,1
LNS JEWELLERS,LNS1,T14446,A+,Sparkles,30k-50k,South Zone,11,2024,EARRING,1
LNS JEWELLERS,LNS1,T14446,A+,Sparkles,50k-75k,South Zone,1,2026,EARRING,1
LNS JEWELLERS,LNS1,T14477,A+,Sparkles,75k-100k,South Zone,1,2026,EARRING,1
LNS JEWELLERS,LNS1,T14477,A+,Sparkles,75k-100k,South Zone,3,2025,EARRING,1
LNS JEWELLERS,LNS1,T14568,A+,Sparkles,Less Then 30k,South Zone,2,2025,EARRING,1
LNS JEWELLERS,LNS1,T14703,A+,Sparkles,Less Then 30k,South Zone,10,2024,EARRING,1
LNS JEWELLERS,LNS1,T15120,A+,Sparkles,30k-50k,South Zone,12,2024,EARRING,1
LNS JEWELLERS,LNS1,T17663,A+,Sparkles,30k-50k,South Zone,4,2025,EARRING,1
LNS JEWELLERS,LNS1,T17884,A+,Sparkles,30k-50k,South Zone,8,2025,EARRING,1
LNS JEWELLERS,LNS1,T18197,A+,Sparkles,50k-75k,South Zone,6,2025,EARRING,1
LNS JEWELLERS,LNS1,T18555,A+,Sparkles,Less Then 30k,South Zone,1,2026,EARRING,1
LNS JEWELLERS,LNS1,T18555,A+,Sparkles,Less Then 30k,South Zone,2,2025,EARRING,1
LNS JEWELLERS,LNS1,T18555,A+,Sparkles,Less Then 30k,South Zone,11,2024,EARRING,2
LNS JEWELLERS,LNS1,T18659,A+,Sparkles,30k-50k,South Zone,2,2026,EARRING,1
LNS JEWELLERS,LNS1,T18659,A+,Sparkles,30k-50k,South Zone,3,2026,EARRING,1
LNS JEWELLERS,LNS1,T18659,A+,Sparkles,Less Then 30k,South Zone,2,2026,EARRING,1
LNS JEWELLERS,LNS1,T18661,A+,Sparkles,30k-50k,South Zone,3,2026,EARRING,1
LNS JEWELLERS,LNS1,T18663,A+,Sparkles,50k-75k,South Zone,2,2026,EARRING,1
LNS JEWELLERS,LNS1,T18665,A+,Sparkles,Less Then 30k,South Zone,2,2025,EARRING,1
LNS JEWELLERS,LNS1,T18665,A+,Sparkles,Less Then 30k,South Zone,8,2025,EARRING,1
LNS JEWELLERS,LNS1,T18666,A+,Sparkles,Less Then 30k,South Zone,1,2025,EARRING,1
LNS JEWELLERS,LNS1,T18666,A+,Sparkles,Less Then 30k,South Zone,7,2025,EARRING,1
LNS JEWELLERS,LNS1,T18667,A+,Sparkles,Less Then 30k,South Zone,9,2024,EARRING,1
LNS JEWELLERS,LNS1,T18667,A+,Sparkles,Less Then 30k,South Zone,9,2025,EARRING,1
LNS JEWELLERS,LNS1,T18671,A+,Sparkles,30k-50k,South Zone,1,2026,EARRING,1
LNS JEWELLERS,LNS1,T18671,A+,Sparkles,30k-50k,South Zone,6,2025,EARRING,1
LNS JEWELLERS,LNS1,T18678,A+,Sparkles,30k-50k,South Zone,2,2026,EARRING,1
LNS JEWELLERS,LNS1,T18679,A+,Sparkles,30k-50k,South Zone,4,2025,EARRING,1
LNS JEWELLERS,LNS1,T18679,A+,Sparkles,30k-50k,South Zone,12,2024,EARRING,1
LNS JEWELLERS,LNS1,T18680,A+,Sparkles,Less Then 30k,South Zone,5,2026,EARRING,1
LNS JEWELLERS,LNS1,T18680,A+,Sparkles,Less Then 30k,South Zone,7,2025,EARRING,1
LNS JEWELLERS,LNS1,T19001,A+,Sparkles,30k-50k,South Zone,4,2025,EARRING,1
LNS JEWELLERS,LNS1,T19013,A+,Sparkles,30k-50k,South Zone,4,2025,EARRING,1
LNS JEWELLERS,LNS1,T19013,A+,Sparkles,30k-50k,South Zone,9,2024,EARRING,1
LNS JEWELLERS,LNS1,T19014,A+,Sparkles,30k-50k,South Zone,12,2024,EARRING,1
LNS JEWELLERS,LNS1,T19015,A+,Sparkles,50k-75k,South Zone,4,2026,EARRING,1
LNS JEWELLERS,LNS1,T19017,A+,Sparkles,30k-50k,South Zone,9,2025,EARRING,1
LNS JEWELLERS,LNS1,T19017,A+,Sparkles,30k-50k,South Zone,11,2024,EARRING,1
LNS JEWELLERS,LNS1,T19017,A+,Sparkles,30k-50k,South Zone,12,2025,EARRING,1
LNS JEWELLERS,LNS1,T19019,A+,Sparkles,50k-75k,South Zone,4,2026,EARRING,1
LNS JEWELLERS,LNS1,T19020,A+,Sparkles,50k-75k,South Zone,2,2025,EARRING,1
LNS JEWELLERS,LNS1,T19022,A+,Sparkles,30k-50k,South Zone,10,2024,EARRING,1
LNS JEWELLERS,LNS1,T19032,A+,Sparkles,100k-150k,South Zone,5,2025,EARRING,1
LNS JEWELLERS,LNS1,T19033,A+,Sparkles,100k-150k,South Zone,12,2025,EARRING,1
LNS JEWELLERS,LNS1,T19034,A+,Sparkles,30k-50k,South Zone,1,2026,EARRING,1
LNS JEWELLERS,LNS1,T19034,A+,Sparkles,30k-50k,South Zone,6,2025,EARRING,1
LNS JEWELLERS,LNS1,T19047,A+,Sparkles,Less Then 30k,South Zone,5,2025,EARRING,1
LNS JEWELLERS,LNS1,T19047,A+,Sparkles,Less Then 30k,South Zone,12,2025,EARRING,1
LNS JEWELLERS,LNS1,T19049,A+,Sparkles,50k-75k,South Zone,12,2025,EARRING,1
LNS JEWELLERS,LNS1,T19050,A+,Sparkles,30k-50k,South Zone,5,2025,EARRING,1
LNS JEWELLERS,LNS1,T19050,A+,Sparkles,30k-50k,South Zone,12,2025,EARRING,1
LNS JEWELLERS,LNS1,T19050,A+,Sparkles,Less Then 30k,South Zone,4,2025,EARRING,1
LNS JEWELLERS,LNS1,T19050,A+,Sparkles,Less Then 30k,South Zone,4,2026,EARRING,1
LNS JEWELLERS,LNS1,T19082,A+,Sparkles,Less Then 30k,South Zone,9,2025,EARRING,1
LNS JEWELLERS,LNS1,T19084,A+,Sparkles,Less Then 30k,South Zone,6,2025,EARRING,1
LNS JEWELLERS,LNS1,T19096,A+,Sparkles,30k-50k,South Zone,2,2026,EARRING,1
LNS JEWELLERS,LNS1,T19099,A+,Sparkles,30k-50k,South Zone,4,2026,EARRING,1
LNS JEWELLERS,LNS1,T19115,A+,Sparkles,Less Then 30k,South Zone,5,2026,EARRING,1
LNS JEWELLERS,LNS1,T19115,A+,Sparkles,Less Then 30k,South Zone,8,2025,EARRING,1
LNS JEWELLERS,LNS1,T19139,A+,Sparkles,30k-50k,South Zone,7,2025,EARRING,1
LNS JEWELLERS,LNS1,T19257,A+,Sparq,7k-10k,South Zone,1,2026,EARRING,1
LNS JEWELLERS,LNS1,T19279,A+,Sparq,15k-25k,South Zone,2,2026,EARRING,1
LNS JEWELLERS,LNS1,T19281,A+,Sparq,15k-25k,South Zone,2,2026,EARRING,1
LNS JEWELLERS,LNS1,T19293,A+,Sparq,7k-10k,South Zone,1,2026,EARRING,2
LNS JEWELLERS,LNS1,T19332,A+,Sparq,7k-10k,South Zone,1,2026,EARRING,1
LNS JEWELLERS,LNS1,T19341,A+,Sparkles,Less Then 30k,South Zone,1,2026,EARRING,1
LNS JEWELLERS,LNS1,T19342,A+,Sparkles,Less Then 30k,South Zone,4,2026,EARRING,1
LNS JEWELLERS,LNS1,T19355,A+,Sparkles,50k-75k,South Zone,12,2025,EARRING,1
LNS JEWELLERS,LNS1,T19428,A+,Sparq,7k-10k,South Zone,2,2026,EARRING,1
LNS JEWELLERS,LNS1,T19435,A+,Sparq,15k-25k,South Zone,1,2026,EARRING,1
LNS JEWELLERS,LNS1,T19450,A+,Sparq,15k-25k,South Zone,12,2025,EARRING,1
LNS JEWELLERS,LNS1,T19659,A+,Sparkles,50k-75k,South Zone,5,2026,EARRING,1
LNS JEWELLERS,LNS1,T19678,A+,Sparq,15k-25k,South Zone,2,2026,EARRING,1
LNS JEWELLERS,LNS1,T19718,A+,Sparkles,50k-75k,South Zone,5,2026,EARRING,1
LNS JEWELLERS,LNS1,T19721,A+,Sparq,2k-4k,South Zone,1,2026,EARRING,1
LNS JEWELLERS,LNS1,T20023,A+,Sparkles,30k-50k,South Zone,4,2026,EARRING,1
LNS JEWELLERS,LNS1,T20163,A+,Sparkles,30k-50k,South Zone,4,2026,EARRING,1
LNS JEWELLERS,LNS1,T20269,A+,Sparq,15k-25k,South Zone,2,2026,EARRING,1
LNS JEWELLERS,LNS1,T20269,A+,Sparq,15k-25k,South Zone,3,2026,EARRING,1
LNS JEWELLERS,LNS1,T20286,A+,Sparkles,30k-50k,South Zone,8,2025,EARRING,1
LNS JEWELLERS,LNS1,T20294,A+,Sparkles,30k-50k,South Zone,5,2026,EARRING,1
LNS JEWELLERS,LNS1,T20328,A+,Sparkles,30k-50k,South Zone,4,2026,EARRING,1
LNS JEWELLERS,LNS1,T21607,A+,Sparkles,Less Then 30k,South Zone,4,2026,EARRING,1
LNS JEWELLERS,LNS1,T21616,A+,Sparq,4k-7k,South Zone,2,2026,EARRING,1
LNS JEWELLERS,LNS1,T21618,A+,Sparq,10k-15k,South Zone,2,2026,EARRING,1
LNS JEWELLERS,LNS1,T21958,A+,Sparq,2k-4k,South Zone,1,2026,EARRING,1
LNS JEWELLERS,LNS1,T23156,A+,Sparkles,100k-150k,South Zone,3,2026,EARRING,1
LNS JEWELLERS,LNS1,T2729,A+,Sparkles,Less Then 30k,South Zone,3,2026,EARRING,1
LNS JEWELLERS,LNS1,T2729,A+,Sparkles,Less Then 30k,South Zone,11,2025,EARRING,2
LNS JEWELLERS,LNS1,T4826,A+,Sparkles,Less Then 30k,South Zone,10,2024,EARRING,1
LNS JEWELLERS,LNS1,T6485,A+,Sparkles,Less Then 30k,South Zone,2,2026,EARRING,1
LNS JEWELLERS,LNS1,T6503,A+,Sparkles,30k-50k,South Zone,4,2026,EARRING,1
LNS JEWELLERS,LNS1,T9699,A+,Sparkles,30k-50k,South Zone,5,2026,EARRING,1
LNS JEWELLERS,LNS1,T9699,A+,Sparkles,30k-50k,South Zone,12,2025,EARRING,1
LNS JEWELLERS,LNS1,TM19807,A+,Sparkles,30k-50k,South Zone,4,2026,TANMANIYA,1
LNS JEWELLERS,LNS1,TM19852,A+,Sparq,15k-25k,South Zone,2,2026,TANMANIYA,1
LNS JEWELLERS,LNS1,TM19860,A+,Sparq,10k-15k,South Zone,2,2026,TANMANIYA,1
LNS JEWELLERS,LNS1,TN20403,A+,Sparkles,Less Then 30k,South Zone,12,2025,EARRING,1
LNS JEWELLERS,LNS1,TN20405,A+,Sparkles,Less Then 30k,South Zone,4,2026,EARRING,1
LNS JEWELLERS,LNS1,TN20409,A+,Sparkles,Less Then 30k,South Zone,1,2026,EARRING,1
LNS JEWELLERS,LNS1,TN20416,A+,Sparkles,Less Then 30k,South Zone,1,2026,EARRING,1
LNS JEWELLERS,LNS1,TN20452,A+,Sparq,2k-4k,South Zone,2,2026,EARRING,1
LNS JEWELLERS,LNS1,TN20452,A+,Sparq,2k-4k,South Zone,3,2026,EARRING,1
LNS JEWELLERS,LNS1,TN20452,A+,Sparq,Less Then 2k,South Zone,1,2026,EARRING,2
LNS JEWELLERS,LNS1,TN20461,A+,Sparq,2k-4k,South Zone,1,2026,EARRING,2
LNS JEWELLERS,LNS1,TN20462,A+,Sparq,2k-4k,South Zone,1,2026,EARRING,1
LNS JEWELLERS,LNS1,TN20463,A+,Sparq,2k-4k,South Zone,1,2026,EARRING,1
LNS JEWELLERS,LNS1,TN20463,A+,Sparq,2k-4k,South Zone,2,2026,EARRING,1
LNS JEWELLERS,LNS1,TN20463,A+,Sparq,2k-4k,South Zone,3,2026,EARRING,1
LNS JEWELLERS,LNS1,TN20464,A+,Sparq,2k-4k,South Zone,1,2026,EARRING,3
LNS JEWELLERS,LNS1,TN20464,A+,Sparq,2k-4k,South Zone,2,2026,EARRING,1
LNS JEWELLERS,LNS1,TN20465,A+,Sparq,2k-4k,South Zone,2,2026,EARRING,2
LNS JEWELLERS,LNS1,TN20466,A+,Sparq,2k-4k,South Zone,2,2026,EARRING,1
LNS JEWELLERS,LNS1,TN20466,A+,Sparq,2k-4k,South Zone,4,2026,EARRING,1
LNS JEWELLERS,LNS1,TN20467,A+,Sparq,2k-4k,South Zone,1,2026,EARRING,1
LNS JEWELLERS,LNS1,TN20467,A+,Sparq,2k-4k,South Zone,2,2026,EARRING,2
LNS JEWELLERS,LNS1,TN20467,A+,Sparq,2k-4k,South Zone,3,2026,EARRING,1
LNS JEWELLERS,LNS1,TN20467,A+,Sparq,2k-4k,South Zone,4,2026,EARRING,1
LNS JEWELLERS,LNS1,TN20468,A+,Sparq,2k-4k,South Zone,1,2026,EARRING,2
LNS JEWELLERS,LNS1,TN20469,A+,Sparq,2k-4k,South Zone,1,2026,EARRING,1
LNS JEWELLERS,LNS1,TN20469,A+,Sparq,2k-4k,South Zone,2,2026,EARRING,1
LNS JEWELLERS,LNS1,TN20470,A+,Sparq,2k-4k,South Zone,1,2026,EARRING,1
LNS JEWELLERS,LNS1,TN20470,A+,Sparq,2k-4k,South Zone,2,2026,EARRING,1
LNS JEWELLERS,LNS1,TN20471,A+,Sparq,2k-4k,South Zone,1,2026,EARRING,1
LNS JEWELLERS,LNS1,TNP1231,A+,Sparkles,Less Then 30k,South Zone,3,2026,EARRING,1
M BAJRANGLAL SONS GEMS & JEWELS,MBS1,AFDRE11202,A,Sparkles,30k-50k,South Zone,12,2025,RING,1
M BAJRANGLAL SONS GEMS & JEWELS,MBS1,AFDRE22403,A,Sparkles,50k-75k,South Zone,12,2024,RING,1
M BAJRANGLAL SONS GEMS & JEWELS,MBS1,AFDT1400,A,Sparkles,Less Then 30k,South Zone,4,2025,EARRING,2
M BAJRANGLAL SONS GEMS & JEWELS,MBS1,AFDT1410,A,Sparkles,Less Then 30k,South Zone,5,2025,EARRING,1
M BAJRANGLAL SONS GEMS & JEWELS,MBS1,N19509,A,Sparkles,50k-75k,South Zone,1,2025,NECKLACE,1
M BAJRANGLAL SONS GEMS & JEWELS,MBS1,N19587,A,Sparkles,30k-50k,South Zone,2,2026,NECKLACE,1
M BAJRANGLAL SONS GEMS & JEWELS,MBS1,NP10273,A,Sparkles,Less Then 30k,South Zone,11,2025,NOSE PIN,1
M BAJRANGLAL SONS GEMS & JEWELS,MBS1,NP11020,A,Sparkles,Less Then 30k,South Zone,7,2025,NOSE PIN,1
M BAJRANGLAL SONS GEMS & JEWELS,MBS1,NP1231,A,Sparkles,Less Then 30k,South Zone,5,2025,NOSE PIN,1
M BAJRANGLAL SONS GEMS & JEWELS,MBS1,NP1231,A,Sparkles,Less Then 30k,South Zone,6,2025,NOSE PIN,3
M BAJRANGLAL SONS GEMS & JEWELS,MBS1,NP1231,A,Sparkles,Less Then 30k,South Zone,9,2025,NOSE PIN,1
M BAJRANGLAL SONS GEMS & JEWELS,MBS1,NP1484,A,Sparkles,Less Then 30k,South Zone,6,2025,NOSE PIN,1
M BAJRANGLAL SONS GEMS & JEWELS,MBS1,NP1484,A,Sparkles,Less Then 30k,South Zone,7,2025,NOSE PIN,2
M BAJRANGLAL SONS GEMS & JEWELS,MBS1,NP1488,A,Sparkles,Less Then 30k,South Zone,6,2025,NOSE PIN,1
M BAJRANGLAL SONS GEMS & JEWELS,MBS1,NP1876,A,Sparkles,Less Then 30k,South Zone,3,2025,NOSE PIN,2
M BAJRANGLAL SONS GEMS & JEWELS,MBS1,NP1876,A,Sparkles,Less Then 30k,South Zone,6,2025,NOSE PIN,1
M BAJRANGLAL SONS GEMS & JEWELS,MBS1,NP1877,A,Sparkles,Less Then 30k,South Zone,12,2025,NOSE PIN,1
M BAJRANGLAL SONS GEMS & JEWELS,MBS1,NP1880,A,Sparkles,Less Then 30k,South Zone,2,2026,NOSE PIN,1
M BAJRANGLAL SONS GEMS & JEWELS,MBS1,NP1881,A,Sparkles,Less Then 30k,South Zone,11,2025,NOSE PIN,1
M BAJRANGLAL SONS GEMS & JEWELS,MBS1,NP1881,A,Sparkles,Less Then 30k,South Zone,12,2025,NOSE PIN,1
M BAJRANGLAL SONS GEMS & JEWELS,MBS1,NP1882,A,Sparkles,Less Then 30k,South Zone,1,2026,NOSE PIN,1
M BAJRANGLAL SONS GEMS & JEWELS,MBS1,NP1882,A,Sparkles,Less Then 30k,South Zone,3,2026,NOSE PIN,1
M BAJRANGLAL SONS GEMS & JEWELS,MBS1,NP1883,A,Sparkles,Less Then 30k,South Zone,1,2025,NOSE PIN,2
M BAJRANGLAL SONS GEMS & JEWELS,MBS1,NP1883,A,Sparkles,Less Then 30k,South Zone,2,2026,NOSE PIN,1
M BAJRANGLAL SONS GEMS & JEWELS,MBS1,NP1883,A,Sparkles,Less Then 30k,South Zone,6,2025,NOSE PIN,2
M BAJRANGLAL SONS GEMS & JEWELS,MBS1,NP1883,A,Sparkles,Less Then 30k,South Zone,9,2025,NOSE PIN,2
M BAJRANGLAL SONS GEMS & JEWELS,MBS1,NP20504,A,Sparkles,Less Then 30k,South Zone,6,2025,NOSE PIN,2
M BAJRANGLAL SONS GEMS & JEWELS,MBS1,NP20505,A,Sparkles,Less Then 30k,South Zone,2,2026,NOSE PIN,2
M BAJRANGLAL SONS GEMS & JEWELS,MBS1,NP20505,A,Sparkles,Less Then 30k,South Zone,5,2025,NOSE PIN,2
M BAJRANGLAL SONS GEMS & JEWELS,MBS1,NP20505,A,Sparkles,Less Then 30k,South Zone,11,2025,NOSE PIN,1
M BAJRANGLAL SONS GEMS & JEWELS,MBS1,NP20507,A,Sparkles,Less Then 30k,South Zone,1,2025,NOSE PIN,1
M BAJRANGLAL SONS GEMS & JEWELS,MBS1,NP20507,A,Sparkles,Less Then 30k,South Zone,2,2025,NOSE PIN,1
M BAJRANGLAL SONS GEMS & JEWELS,MBS1,NP20507,A,Sparkles,Less Then 30k,South Zone,3,2025,NOSE PIN,1
M BAJRANGLAL SONS GEMS & JEWELS,MBS1,NP20507,A,Sparkles,Less Then 30k,South Zone,11,2025,NOSE PIN,1
M BAJRANGLAL SONS GEMS & JEWELS,MBS1,NP2231,A,Sparkles,Less Then 30k,South Zone,11,2025,NOSE PIN,1
M BAJRANGLAL SONS GEMS & JEWELS,MBS1,NP544,A,Sparkles,Less Then 30k,South Zone,6,2025,NOSE PIN,1
M BAJRANGLAL SONS GEMS & JEWELS,MBS1,NP544,A,Sparkles,Less Then 30k,South Zone,12,2025,NOSE PIN,1
M BAJRANGLAL SONS GEMS & JEWELS,MBS1,NP7950,A,Sparkles,Less Then 30k,South Zone,2,2025,NOSE PIN,1
M BAJRANGLAL SONS GEMS & JEWELS,MBS1,NP7950,A,Sparkles,Less Then 30k,South Zone,5,2025,NOSE PIN,4
M BAJRANGLAL SONS GEMS & JEWELS,MBS1,NP7953,A,Sparkles,Less Then 30k,South Zone,5,2025,NOSE PIN,2
M BAJRANGLAL SONS GEMS & JEWELS,MBS1,NP8514,A,Sparkles,Less Then 30k,South Zone,3,2026,NOSE PIN,2
M BAJRANGLAL SONS GEMS & JEWELS,MBS1,NP8516,A,Sparkles,Less Then 30k,South Zone,1,2025,NOSE PIN,1
M BAJRANGLAL SONS GEMS & JEWELS,MBS1,NP8516,A,Sparkles,Less Then 30k,South Zone,2,2025,NOSE PIN,1
M BAJRANGLAL SONS GEMS & JEWELS,MBS1,NP8516,A,Sparkles,Less Then 30k,South Zone,2,2026,NOSE PIN,1
M BAJRANGLAL SONS GEMS & JEWELS,MBS1,NP8516,A,Sparkles,Less Then 30k,South Zone,4,2025,NOSE PIN,1
M BAJRANGLAL SONS GEMS & JEWELS,MBS1,NP8516,A,Sparkles,Less Then 30k,South Zone,4,2026,NOSE PIN,2
M BAJRANGLAL SONS GEMS & JEWELS,MBS1,NP8516,A,Sparkles,Less Then 30k,South Zone,5,2025,NOSE PIN,2
M BAJRANGLAL SONS GEMS & JEWELS,MBS1,NP8516,A,Sparkles,Less Then 30k,South Zone,7,2025,NOSE PIN,4
M BAJRANGLAL SONS GEMS & JEWELS,MBS1,NP8516,A,Sparkles,Less Then 30k,South Zone,11,2025,NOSE PIN,1
M BAJRANGLAL SONS GEMS & JEWELS,MBS1,NP8516,A,Sparkles,Less Then 30k,South Zone,12,2025,NOSE PIN,1
M BAJRANGLAL SONS GEMS & JEWELS,MBS1,NP8519,A,Sparkles,Less Then 30k,South Zone,6,2025,NOSE PIN,1
M BAJRANGLAL SONS GEMS & JEWELS,MBS1,NPA1754,A,Sparkles,Less Then 30k,South Zone,6,2025,NOSE PIN,2
M BAJRANGLAL SONS GEMS & JEWELS,MBS1,P14393,A,Sparkles,Less Then 30k,South Zone,2,2025,PENDANT,1
M BAJRANGLAL SONS GEMS & JEWELS,MBS1,P20008,A,Sparkles,50k-75k,South Zone,7,2025,PENDANT,1
M BAJRANGLAL SONS GEMS & JEWELS,MBS1,P20009,A,Sparkles,50k-75k,South Zone,2,2025,PENDANT,1
M BAJRANGLAL SONS GEMS & JEWELS,MBS1,R10383,A,Sparkles,Less Then 30k,South Zone,2,2025,RING,1
M BAJRANGLAL SONS GEMS & JEWELS,MBS1,R10669,A,Sparkles,Less Then 30k,South Zone,1,2026,RING,1
M BAJRANGLAL SONS GEMS & JEWELS,MBS1,R10698,A,Sparkles,30k-50k,South Zone,12,2024,RING,1
M BAJRANGLAL SONS GEMS & JEWELS,MBS1,R10817,A,Sparkles,30k-50k,South Zone,7,2025,RING,1
M BAJRANGLAL SONS GEMS & JEWELS,MBS1,R11702,A,Sparkles,50k-75k,South Zone,2,2025,RING,1
M BAJRANGLAL SONS GEMS & JEWELS,MBS1,R12186,A,Sparkles,Less Then 30k,South Zone,3,2026,RING,1
M BAJRANGLAL SONS GEMS & JEWELS,MBS1,R12375,A,Sparkles,30k-50k,South Zone,3,2026,RING,1
M BAJRANGLAL SONS GEMS & JEWELS,MBS1,R12384,A,Sparkles,Less Then 30k,South Zone,1,2025,RING,1
M BAJRANGLAL SONS GEMS & JEWELS,MBS1,R12837,A,Sparkles,50k-75k,South Zone,1,2025,RING,1
M BAJRANGLAL SONS GEMS & JEWELS,MBS1,R12839,A,Sparkles,30k-50k,South Zone,12,2024,RING,1
M BAJRANGLAL SONS GEMS & JEWELS,MBS1,R14108,A,Sparkles,30k-50k,South Zone,8,2025,RING,1
M BAJRANGLAL SONS GEMS & JEWELS,MBS1,R14129,A,Sparkles,50k-75k,South Zone,12,2024,RING,1
M BAJRANGLAL SONS GEMS & JEWELS,MBS1,R14134,A,Sparkles,30k-50k,South Zone,1,2025,RING,1
M BAJRANGLAL SONS GEMS & JEWELS,MBS1,R14180,A,Sparkles,30k-50k,South Zone,4,2025,RING,1
M BAJRANGLAL SONS GEMS & JEWELS,MBS1,R14188,A,Sparkles,30k-50k,South Zone,3,2025,RING,1
M BAJRANGLAL SONS GEMS & JEWELS,MBS1,R14192,A,Sparkles,50k-75k,South Zone,4,2025,RING,1
M BAJRANGLAL SONS GEMS & JEWELS,MBS1,R14194,A,Sparkles,Less Then 30k,South Zone,6,2025,RING,1
M BAJRANGLAL SONS GEMS & JEWELS,MBS1,R14206,A,Sparkles,50k-75k,South Zone,1,2025,RING,1
M BAJRANGLAL SONS GEMS & JEWELS,MBS1,R14335,A,Sparkles,Less Then 30k,South Zone,4,2025,RING,1
M BAJRANGLAL SONS GEMS & JEWELS,MBS1,R14335,A,Sparkles,Less Then 30k,South Zone,4,2026,RING,1
M BAJRANGLAL SONS GEMS & JEWELS,MBS1,R14351,A,Sparkles,30k-50k,South Zone,2,2026,RING,1
M BAJRANGLAL SONS GEMS & JEWELS,MBS1,R14354,A,Sparkles,Less Then 30k,South Zone,12,2025,RING,1
M BAJRANGLAL SONS GEMS & JEWELS,MBS1,R14512,A,Sparq,7k-10k,South Zone,4,2026,RING,1
M BAJRANGLAL SONS GEMS & JEWELS,MBS1,R14608,A,Sparkles,30k-50k,South Zone,8,2025,RING,1
M BAJRANGLAL SONS GEMS & JEWELS,MBS1,R14638,A,Sparkles,30k-50k,South Zone,1,2026,RING,1
M BAJRANGLAL SONS GEMS & JEWELS,MBS1,R14669,A,Sparq,2k-4k,South Zone,4,2026,RING,1
M BAJRANGLAL SONS GEMS & JEWELS,MBS1,R19699,A,Sparq,4k-7k,South Zone,4,2026,RING,1
M BAJRANGLAL SONS GEMS & JEWELS,MBS1,R2758,A,Sparkles,30k-50k,South Zone,7,2025,RING,1
M BAJRANGLAL SONS GEMS & JEWELS,MBS1,R6095,A,Sparkles,30k-50k,South Zone,1,2025,RING,1
M BAJRANGLAL SONS GEMS & JEWELS,MBS1,R9019,A,Sparkles,30k-50k,South Zone,12,2025,RING,1
M BAJRANGLAL SONS GEMS & JEWELS,MBS1,R9219,A,Sparkles,30k-50k,South Zone,6,2025,RING,1
M BAJRANGLAL SONS GEMS & JEWELS,MBS1,R9441,A,Sparkles,50k-75k,South Zone,12,2024,RING,1
M BAJRANGLAL SONS GEMS & JEWELS,MBS1,SMNP522,A,Sparkles,Less Then 30k,South Zone,6,2025,NOSE PIN,2
M BAJRANGLAL SONS GEMS & JEWELS,MBS1,T11273,A,Sparkles,Less Then 30k,South Zone,6,2025,EARRING,1
M BAJRANGLAL SONS GEMS & JEWELS,MBS1,T11746,A,Sparkles,30k-50k,South Zone,3,2025,EARRING,1
M BAJRANGLAL SONS GEMS & JEWELS,MBS1,T12494,A,Sparkles,Less Then 30k,South Zone,4,2025,EARRING,1
M BAJRANGLAL SONS GEMS & JEWELS,MBS1,T14298,A,Sparkles,30k-50k,South Zone,3,2026,EARRING,1
M BAJRANGLAL SONS GEMS & JEWELS,MBS1,T14446,A,Sparkles,30k-50k,South Zone,1,2025,EARRING,1
M BAJRANGLAL SONS GEMS & JEWELS,MBS1,T14446,A,Sparkles,30k-50k,South Zone,2,2026,EARRING,1
M BAJRANGLAL SONS GEMS & JEWELS,MBS1,T14582,A,Sparkles,30k-50k,South Zone,2,2025,EARRING,1
M BAJRANGLAL SONS GEMS & JEWELS,MBS1,T15120,A,Sparkles,30k-50k,South Zone,6,2025,EARRING,1
M BAJRANGLAL SONS GEMS & JEWELS,MBS1,T15120,A,Sparkles,30k-50k,South Zone,12,2025,EARRING,1
M BAJRANGLAL SONS GEMS & JEWELS,MBS1,T15120,A,Sparkles,Less Then 30k,South Zone,11,2025,EARRING,1
M BAJRANGLAL SONS GEMS & JEWELS,MBS1,T17688,A,Sparkles,30k-50k,South Zone,1,2026,EARRING,1
M BAJRANGLAL SONS GEMS & JEWELS,MBS1,T18251,A,Sparkles,30k-50k,South Zone,4,2025,EARRING,1
M BAJRANGLAL SONS GEMS & JEWELS,MBS1,T18553,A,Sparkles,Less Then 30k,South Zone,7,2025,EARRING,1
M BAJRANGLAL SONS GEMS & JEWELS,MBS1,T18554,A,Sparkles,Less Then 30k,South Zone,2,2025,EARRING,1
M BAJRANGLAL SONS GEMS & JEWELS,MBS1,T18554,A,Sparkles,Less Then 30k,South Zone,12,2024,EARRING,2
M BAJRANGLAL SONS GEMS & JEWELS,MBS1,T18555,A,Sparkles,Less Then 30k,South Zone,4,2026,EARRING,1
M BAJRANGLAL SONS GEMS & JEWELS,MBS1,T18657,A,Sparkles,Less Then 30k,South Zone,6,2025,EARRING,1
M BAJRANGLAL SONS GEMS & JEWELS,MBS1,T18665,A,Sparkles,Less Then 30k,South Zone,6,2025,EARRING,1
M BAJRANGLAL SONS GEMS & JEWELS,MBS1,T18670,A,Sparkles,Less Then 30k,South Zone,4,2026,EARRING,1
M BAJRANGLAL SONS GEMS & JEWELS,MBS1,T19014,A,Sparkles,30k-50k,South Zone,2,2025,EARRING,2
M BAJRANGLAL SONS GEMS & JEWELS,MBS1,T19016,A,Sparkles,30k-50k,South Zone,1,2026,EARRING,1
M BAJRANGLAL SONS GEMS & JEWELS,MBS1,T19025,A,Sparkles,30k-50k,South Zone,11,2025,EARRING,1
M BAJRANGLAL SONS GEMS & JEWELS,MBS1,T19041,A,Sparkles,30k-50k,South Zone,5,2025,EARRING,1
M BAJRANGLAL SONS GEMS & JEWELS,MBS1,T19095,A,Sparkles,Less Then 30k,South Zone,11,2025,EARRING,1
M BAJRANGLAL SONS GEMS & JEWELS,MBS1,T19256,A,Sparq,7k-10k,South Zone,1,2026,EARRING,1
M BAJRANGLAL SONS GEMS & JEWELS,MBS1,T19297,A,Sparq,7k-10k,South Zone,1,2026,EARRING,1
M BAJRANGLAL SONS GEMS & JEWELS,MBS1,T19330,A,Sparq,4k-7k,South Zone,11,2025,EARRING,1
M BAJRANGLAL SONS GEMS & JEWELS,MBS1,T19331,A,Sparq,15k-25k,South Zone,11,2025,EARRING,1
M BAJRANGLAL SONS GEMS & JEWELS,MBS1,T19699,A,Sparq,4k-7k,South Zone,4,2026,EARRING,1
M BAJRANGLAL SONS GEMS & JEWELS,MBS1,T20035,A,Sparkles,50k-75k,South Zone,5,2025,EARRING,1
M BAJRANGLAL SONS GEMS & JEWELS,MBS1,T2291,A,Sparkles,50k-75k,South Zone,3,2025,EARRING,1
M BAJRANGLAL SONS GEMS & JEWELS,MBS1,T8715,A,Sparkles,Less Then 30k,South Zone,1,2026,EARRING,1
M BAJRANGLAL SONS GEMS & JEWELS,MBS1,T8715,A,Sparkles,Less Then 30k,South Zone,6,2025,EARRING,1
M BAJRANGLAL SONS GEMS & JEWELS,MBS1,TN20414,A,Sparkles,Less Then 30k,South Zone,4,2026,EARRING,1
M/S ANJANEYA JEWELRIES,ANJ1,AFDT1411,B,Sparkles,Less Then 30k,South Zone,12,2024,EARRING,1
M/S ANJANEYA JEWELRIES,ANJ1,NP11014,B,Sparkles,Less Then 30k,South Zone,2,2026,NOSE PIN,1
M/S ANJANEYA JEWELRIES,ANJ1,NP11015,B,Sparkles,Less Then 30k,South Zone,8,2025,NOSE PIN,1
M/S ANJANEYA JEWELRIES,ANJ1,NP1879,B,Sparkles,Less Then 30k,South Zone,8,2025,NOSE PIN,1
M/S ANJANEYA JEWELRIES,ANJ1,NP1881,B,Sparkles,Less Then 30k,South Zone,7,2025,NOSE PIN,1
M/S ANJANEYA JEWELRIES,ANJ1,NP1881,B,Sparkles,Less Then 30k,South Zone,12,2025,NOSE PIN,2
M/S ANJANEYA JEWELRIES,ANJ1,NP1882,B,Sparkles,Less Then 30k,South Zone,1,2025,NOSE PIN,1
M/S ANJANEYA JEWELRIES,ANJ1,NP1882,B,Sparkles,Less Then 30k,South Zone,2,2025,NOSE PIN,1
M/S ANJANEYA JEWELRIES,ANJ1,NP1883,B,Sparkles,Less Then 30k,South Zone,3,2025,NOSE PIN,2
M/S ANJANEYA JEWELRIES,ANJ1,NP20505,B,Sparkles,Less Then 30k,South Zone,4,2026,NOSE PIN,2
M/S ANJANEYA JEWELRIES,ANJ1,NP20507,B,Sparkles,Less Then 30k,South Zone,5,2025,NOSE PIN,2
M/S ANJANEYA JEWELRIES,ANJ1,NP20507,B,Sparkles,Less Then 30k,South Zone,5,2026,NOSE PIN,1
M/S ANJANEYA JEWELRIES,ANJ1,NP20507,B,Sparkles,Less Then 30k,South Zone,7,2025,NOSE PIN,2
M/S ANJANEYA JEWELRIES,ANJ1,NP21754,B,Sparkles,Less Then 30k,South Zone,2,2026,NOSE PIN,1
M/S ANJANEYA JEWELRIES,ANJ1,NP21754,B,Sparkles,Less Then 30k,South Zone,3,2025,NOSE PIN,1
M/S ANJANEYA JEWELRIES,ANJ1,NP273,B,Sparkles,Less Then 30k,South Zone,12,2025,NOSE PIN,1
M/S ANJANEYA JEWELRIES,ANJ1,NP7950,B,Sparkles,Less Then 30k,South Zone,4,2025,NOSE PIN,2
M/S ANJANEYA JEWELRIES,ANJ1,NP7950,B,Sparkles,Less Then 30k,South Zone,6,2025,NOSE PIN,1
M/S ANJANEYA JEWELRIES,ANJ1,NP7951,B,Sparkles,Less Then 30k,South Zone,2,2026,NOSE PIN,1
M/S ANJANEYA JEWELRIES,ANJ1,NP7951,B,Sparkles,Less Then 30k,South Zone,12,2025,NOSE PIN,1
M/S ANJANEYA JEWELRIES,ANJ1,NP8516,B,Sparkles,Less Then 30k,South Zone,1,2025,NOSE PIN,1
M/S ANJANEYA JEWELRIES,ANJ1,NP8516,B,Sparkles,Less Then 30k,South Zone,2,2025,NOSE PIN,1
M/S ANJANEYA JEWELRIES,ANJ1,NP8516,B,Sparkles,Less Then 30k,South Zone,4,2025,NOSE PIN,1
M/S ANJANEYA JEWELRIES,ANJ1,P20089,B,Sparq,7k-10k,South Zone,4,2026,PENDANT,1
M/S ANJANEYA JEWELRIES,ANJ1,R14120,B,Sparkles,30k-50k,South Zone,1,2025,RING,1
M/S ANJANEYA JEWELRIES,ANJ1,R14514,B,Sparq,2k-4k,South Zone,6,2025,RING,1
M/S ANJANEYA JEWELRIES,ANJ1,R14554,B,Sparq,10k-15k,South Zone,12,2025,RING,1
M/S ANJANEYA JEWELRIES,ANJ1,R19695,B,Sparq,4k-7k,South Zone,5,2026,RING,1
M/S ANJANEYA JEWELRIES,ANJ1,R20264,B,Sparq,10k-15k,South Zone,4,2026,RING,1
M/S ANJANEYA JEWELRIES,ANJ1,SMNP522,B,Sparkles,Less Then 30k,South Zone,8,2025,NOSE PIN,1
M/S ANJANEYA JEWELRIES,ANJ1,T12423,B,Sparkles,50k-75k,South Zone,4,2025,EARRING,1
M/S ANJANEYA JEWELRIES,ANJ1,T13683,B,Sparkles,Less Then 30k,South Zone,1,2025,EARRING,1
M/S ANJANEYA JEWELRIES,ANJ1,T18671,B,Sparkles,30k-50k,South Zone,7,2025,EARRING,1
M/S ANJANEYA JEWELRIES,ANJ1,T19261,B,Sparq,10k-15k,South Zone,5,2026,EARRING,1
M/S ANJANEYA JEWELRIES,ANJ1,T19262,B,Sparq,Above 25k,South Zone,11,2025,EARRING,1
M/S ANJANEYA JEWELRIES,ANJ1,T19281,B,Sparq,7k-10k,South Zone,8,2025,EARRING,1
M/S ANJANEYA JEWELRIES,ANJ1,T19288,B,Sparq,Above 25k,South Zone,5,2026,EARRING,1
M/S ANJANEYA JEWELRIES,ANJ1,T19291,B,Sparq,2k-4k,South Zone,6,2025,EARRING,1
M/S ANJANEYA JEWELRIES,ANJ1,T19291,B,Sparq,4k-7k,South Zone,4,2026,EARRING,1
M/S ANJANEYA JEWELRIES,ANJ1,T19292,B,Sparq,10k-15k,South Zone,12,2025,EARRING,1
M/S ANJANEYA JEWELRIES,ANJ1,T19332,B,Sparq,10k-15k,South Zone,3,2026,EARRING,1
M/S ANJANEYA JEWELRIES,ANJ1,T19343,B,Sparq,10k-15k,South Zone,12,2025,EARRING,1
M/S ANJANEYA JEWELRIES,ANJ1,T19343,B,Sparq,7k-10k,South Zone,5,2025,EARRING,1
M/S ANJANEYA JEWELRIES,ANJ1,T19433,B,Sparq,10k-15k,South Zone,11,2025,EARRING,1
M/S ANJANEYA JEWELRIES,ANJ1,T19728,B,Sparq,2k-4k,South Zone,1,2026,EARRING,1
M/S AVINOV JEWELLERY HOUSE,AVI01,NP1231,A,Sparkles,Less Then 30k,East Zone,5,2026,NOSE PIN,1
M/S AVINOV JEWELLERY HOUSE,AVI01,NP1877,A,Sparkles,Less Then 30k,East Zone,5,2026,NOSE PIN,1
M/S AVINOV JEWELLERY HOUSE,AVI01,NP1881,A,Sparkles,Less Then 30k,East Zone,4,2026,NOSE PIN,1
M/S AVINOV JEWELLERY HOUSE,AVI01,NP1881,A,Sparkles,Less Then 30k,East Zone,5,2026,NOSE PIN,1
M/S AVINOV JEWELLERY HOUSE,AVI01,NP20507,A,Sparkles,Less Then 30k,East Zone,5,2026,NOSE PIN,1
M/S AVINOV JEWELLERY HOUSE,AVI01,NP273,A,Sparkles,Less Then 30k,East Zone,4,2026,NOSE PIN,1
M/S AVINOV JEWELLERY HOUSE,AVI01,NP3283,A,Sparkles,Less Then 30k,East Zone,4,2026,NOSE PIN,1
M/S AVINOV JEWELLERY HOUSE,AVI01,NP7231,A,Sparkles,Less Then 30k,East Zone,4,2026,NOSE PIN,1
M/S AVINOV JEWELLERY HOUSE,AVI01,NP7231,A,Sparkles,Less Then 30k,East Zone,5,2026,NOSE PIN,1
M/S AVINOV JEWELLERY HOUSE,AVI01,R14915,A,Sparkles,Less Then 30k,East Zone,5,2026,RING,1
M/S AVINOV JEWELLERY HOUSE,AVI01,RN14829,A,Sparkles,Less Then 30k,East Zone,5,2026,RING,1
M/S AVINOV JEWELLERY HOUSE,AVI01,RN20407,A,Sparkles,Less Then 30k,East Zone,4,2026,RING,1
M/S AVINOV JEWELLERY HOUSE,AVI01,T18665,A,Sparkles,Less Then 30k,East Zone,5,2026,EARRING,1
M/S AVINOV JEWELLERY HOUSE,AVI01,TN20414,A,Sparkles,Less Then 30k,East Zone,5,2026,EARRING,1
M/S MEGHDOOT JEWELLERS - Kolkata,MJ02,AFDT1401,A+,Sparkles,50k-75k,East Zone,2,2026,EARRING,1
M/S MEGHDOOT JEWELLERS - Kolkata,MJ02,AFDT1411,A+,Sparkles,Less Then 30k,East Zone,1,2026,EARRING,1
M/S MEGHDOOT JEWELLERS - Kolkata,MJ02,AFDT3002,A+,Sparkles,30k-50k,East Zone,10,2025,EARRING,1
M/S MEGHDOOT JEWELLERS - Kolkata,MJ02,NP11014,A+,Sparkles,Less Then 30k,East Zone,7,2025,NOSE PIN,1
M/S MEGHDOOT JEWELLERS - Kolkata,MJ02,NP11754,A+,Sparkles,Less Then 30k,East Zone,7,2025,NOSE PIN,1
M/S MEGHDOOT JEWELLERS - Kolkata,MJ02,NP1231,A+,Sparkles,Less Then 30k,East Zone,3,2026,NOSE PIN,1
M/S MEGHDOOT JEWELLERS - Kolkata,MJ02,NP1488,A+,Sparkles,Less Then 30k,East Zone,12,2025,NOSE PIN,1
M/S MEGHDOOT JEWELLERS - Kolkata,MJ02,NP1754,A+,Sparkles,Less Then 30k,East Zone,4,2026,NOSE PIN,1
M/S MEGHDOOT JEWELLERS - Kolkata,MJ02,NP1876,A+,Sparkles,Less Then 30k,East Zone,5,2026,NOSE PIN,1
M/S MEGHDOOT JEWELLERS - Kolkata,MJ02,NP1876,A+,Sparkles,Less Then 30k,East Zone,10,2025,NOSE PIN,2
M/S MEGHDOOT JEWELLERS - Kolkata,MJ02,NP1876,A+,Sparkles,Less Then 30k,East Zone,12,2025,NOSE PIN,1
M/S MEGHDOOT JEWELLERS - Kolkata,MJ02,NP1878,A+,Sparkles,Less Then 30k,East Zone,7,2025,NOSE PIN,1
M/S MEGHDOOT JEWELLERS - Kolkata,MJ02,NP1878,A+,Sparkles,Less Then 30k,East Zone,12,2025,NOSE PIN,1
M/S MEGHDOOT JEWELLERS - Kolkata,MJ02,NP1879,A+,Sparkles,Less Then 30k,East Zone,3,2026,NOSE PIN,1
M/S MEGHDOOT JEWELLERS - Kolkata,MJ02,NP1879,A+,Sparkles,Less Then 30k,East Zone,12,2025,NOSE PIN,1
M/S MEGHDOOT JEWELLERS - Kolkata,MJ02,NP1880,A+,Sparkles,Less Then 30k,East Zone,2,2026,NOSE PIN,1
M/S MEGHDOOT JEWELLERS - Kolkata,MJ02,NP1881,A+,Sparkles,Less Then 30k,East Zone,5,2026,NOSE PIN,1
M/S MEGHDOOT JEWELLERS - Kolkata,MJ02,NP1881,A+,Sparkles,Less Then 30k,East Zone,11,2025,NOSE PIN,1
M/S MEGHDOOT JEWELLERS - Kolkata,MJ02,NP1883,A+,Sparkles,Less Then 30k,East Zone,5,2026,NOSE PIN,1
M/S MEGHDOOT JEWELLERS - Kolkata,MJ02,NP1883,A+,Sparkles,Less Then 30k,East Zone,8,2025,NOSE PIN,1
M/S MEGHDOOT JEWELLERS - Kolkata,MJ02,NP20505,A+,Sparkles,Less Then 30k,East Zone,4,2026,NOSE PIN,1
M/S MEGHDOOT JEWELLERS - Kolkata,MJ02,NP20505,A+,Sparkles,Less Then 30k,East Zone,5,2026,NOSE PIN,1
M/S MEGHDOOT JEWELLERS - Kolkata,MJ02,NP20505,A+,Sparkles,Less Then 30k,East Zone,6,2025,NOSE PIN,1
M/S MEGHDOOT JEWELLERS - Kolkata,MJ02,NP20506,A+,Sparkles,Less Then 30k,East Zone,1,2026,NOSE PIN,1
M/S MEGHDOOT JEWELLERS - Kolkata,MJ02,NP20507,A+,Sparkles,Less Then 30k,East Zone,1,2026,NOSE PIN,1
M/S MEGHDOOT JEWELLERS - Kolkata,MJ02,NP20507,A+,Sparkles,Less Then 30k,East Zone,4,2026,NOSE PIN,1
M/S MEGHDOOT JEWELLERS - Kolkata,MJ02,NP20507,A+,Sparkles,Less Then 30k,East Zone,10,2025,NOSE PIN,1
M/S MEGHDOOT JEWELLERS - Kolkata,MJ02,NP20510,A+,Sparkles,Less Then 30k,East Zone,8,2025,NOSE PIN,1
M/S MEGHDOOT JEWELLERS - Kolkata,MJ02,NP20516,A+,Sparkles,Less Then 30k,East Zone,8,2025,NOSE PIN,1
M/S MEGHDOOT JEWELLERS - Kolkata,MJ02,NP20518,A+,Sparkles,Less Then 30k,East Zone,10,2025,NOSE PIN,1
M/S MEGHDOOT JEWELLERS - Kolkata,MJ02,NP21754,A+,Sparkles,Less Then 30k,East Zone,9,2025,NOSE PIN,1
M/S MEGHDOOT JEWELLERS - Kolkata,MJ02,NP22432,A+,Sparkles,Less Then 30k,East Zone,12,2025,NOSE PIN,1
M/S MEGHDOOT JEWELLERS - Kolkata,MJ02,NP2273,A+,Sparkles,Less Then 30k,East Zone,8,2025,NOSE PIN,1
M/S MEGHDOOT JEWELLERS - Kolkata,MJ02,NP2432,A+,Sparkles,Less Then 30k,East Zone,8,2025,NOSE PIN,1
M/S MEGHDOOT JEWELLERS - Kolkata,MJ02,NP273,A+,Sparkles,Less Then 30k,East Zone,12,2025,NOSE PIN,1
M/S MEGHDOOT JEWELLERS - Kolkata,MJ02,NP3261,A+,Sparkles,Less Then 30k,East Zone,11,2025,NOSE PIN,1
M/S MEGHDOOT JEWELLERS - Kolkata,MJ02,NP3283,A+,Sparkles,Less Then 30k,East Zone,10,2025,NOSE PIN,1
M/S MEGHDOOT JEWELLERS - Kolkata,MJ02,NP5231,A+,Sparkles,Less Then 30k,East Zone,2,2026,NOSE PIN,1
M/S MEGHDOOT JEWELLERS - Kolkata,MJ02,NP8514,A+,Sparkles,Less Then 30k,East Zone,7,2025,NOSE PIN,1
M/S MEGHDOOT JEWELLERS - Kolkata,MJ02,NP8516,A+,Sparkles,Less Then 30k,East Zone,3,2026,NOSE PIN,1
M/S MEGHDOOT JEWELLERS - Kolkata,MJ02,NP8516,A+,Sparkles,Less Then 30k,East Zone,5,2026,NOSE PIN,1
M/S MEGHDOOT JEWELLERS - Kolkata,MJ02,NP8516,A+,Sparkles,Less Then 30k,East Zone,10,2025,NOSE PIN,1
M/S MEGHDOOT JEWELLERS - Kolkata,MJ02,NP8519,A+,Sparkles,Less Then 30k,East Zone,4,2026,NOSE PIN,2
M/S MEGHDOOT JEWELLERS - Kolkata,MJ02,P14393,A+,Sparkles,Less Then 30k,East Zone,7,2025,PENDANT,1
M/S MEGHDOOT JEWELLERS - Kolkata,MJ02,P20002,A+,Sparkles,30k-50k,East Zone,5,2026,PENDANT,1
M/S MEGHDOOT JEWELLERS - Kolkata,MJ02,P20146,A+,Sparkles,Less Then 30k,East Zone,1,2026,PENDANT,1
M/S MEGHDOOT JEWELLERS - Kolkata,MJ02,R10243,A+,Sparkles,Less Then 30k,East Zone,3,2026,RING,1
M/S MEGHDOOT JEWELLERS - Kolkata,MJ02,R10491,A+,Sparkles,Less Then 30k,East Zone,12,2025,RING,1
M/S MEGHDOOT JEWELLERS - Kolkata,MJ02,R10513,A+,Sparkles,30k-50k,East Zone,10,2025,RING,1
M/S MEGHDOOT JEWELLERS - Kolkata,MJ02,R12052,A+,Sparkles,Less Then 30k,East Zone,1,2026,RING,1
M/S MEGHDOOT JEWELLERS - Kolkata,MJ02,R12052,A+,Sparkles,Less Then 30k,East Zone,4,2026,RING,1
M/S MEGHDOOT JEWELLERS - Kolkata,MJ02,R14299,A+,Sparkles,Less Then 30k,East Zone,12,2025,RING,1
M/S MEGHDOOT JEWELLERS - Kolkata,MJ02,R14496,A+,Sparkles,30k-50k,East Zone,10,2025,RING,1
M/S MEGHDOOT JEWELLERS - Kolkata,MJ02,R14532,A+,Sparq,15k-25k,East Zone,10,2025,RING,1
M/S MEGHDOOT JEWELLERS - Kolkata,MJ02,R14549,A+,Sparkles,Less Then 30k,East Zone,11,2025,RING,1
M/S MEGHDOOT JEWELLERS - Kolkata,MJ02,R14567,A+,Sparkles,30k-50k,East Zone,10,2025,RING,1
M/S MEGHDOOT JEWELLERS - Kolkata,MJ02,R14576,A+,Sparkles,30k-50k,East Zone,10,2025,RING,1
M/S MEGHDOOT JEWELLERS - Kolkata,MJ02,R14598,A+,Sparkles,30k-50k,East Zone,10,2025,RING,1
M/S MEGHDOOT JEWELLERS - Kolkata,MJ02,R14608,A+,Sparkles,30k-50k,East Zone,12,2025,RING,1
M/S MEGHDOOT JEWELLERS - Kolkata,MJ02,R14625,A+,Sparkles,30k-50k,East Zone,10,2025,RING,1
M/S MEGHDOOT JEWELLERS - Kolkata,MJ02,R14639,A+,Sparkles,30k-50k,East Zone,3,2026,RING,1
M/S MEGHDOOT JEWELLERS - Kolkata,MJ02,R14644,A+,Sparkles,30k-50k,East Zone,1,2026,RING,1
M/S MEGHDOOT JEWELLERS - Kolkata,MJ02,R14650,A+,Sparkles,30k-50k,East Zone,2,2026,RING,1
M/S MEGHDOOT JEWELLERS - Kolkata,MJ02,R14655,A+,Sparkles,30k-50k,East Zone,3,2026,RING,1
M/S MEGHDOOT JEWELLERS - Kolkata,MJ02,R14656,A+,Sparkles,Less Then 30k,East Zone,4,2026,RING,1
M/S MEGHDOOT JEWELLERS - Kolkata,MJ02,R14685,A+,Sparkles,30k-50k,East Zone,10,2025,RING,1
M/S MEGHDOOT JEWELLERS - Kolkata,MJ02,R14721,A+,Sparkles,30k-50k,East Zone,5,2026,RING,1
M/S MEGHDOOT JEWELLERS - Kolkata,MJ02,R14782,A+,Sparkles,50k-75k,East Zone,11,2025,RING,1
M/S MEGHDOOT JEWELLERS - Kolkata,MJ02,R14915,A+,Sparkles,Less Then 30k,East Zone,5,2026,RING,1
M/S MEGHDOOT JEWELLERS - Kolkata,MJ02,R4781,A+,Sparkles,Less Then 30k,East Zone,4,2026,RING,1
M/S MEGHDOOT JEWELLERS - Kolkata,MJ02,R8631,A+,Sparkles,30k-50k,East Zone,3,2026,RING,1
M/S MEGHDOOT JEWELLERS - Kolkata,MJ02,R9063,A+,Sparkles,Less Then 30k,East Zone,4,2026,RING,1
M/S MEGHDOOT JEWELLERS - Kolkata,MJ02,RN14779,A+,Sparkles,30k-50k,East Zone,3,2026,RING,1
M/S MEGHDOOT JEWELLERS - Kolkata,MJ02,RN20404,A+,Sparkles,Less Then 30k,East Zone,4,2026,RING,1
M/S MEGHDOOT JEWELLERS - Kolkata,MJ02,RN20407,A+,Sparkles,Less Then 30k,East Zone,2,2026,RING,1
M/S MEGHDOOT JEWELLERS - Kolkata,MJ02,SMNP537,A+,Sparkles,Less Then 30k,East Zone,5,2026,NOSE PIN,1
M/S MEGHDOOT JEWELLERS - Kolkata,MJ02,T13683,A+,Sparkles,30k-50k,East Zone,10,2025,EARRING,1
M/S MEGHDOOT JEWELLERS - Kolkata,MJ02,T14446,A+,Sparkles,30k-50k,East Zone,10,2025,EARRING,1
M/S MEGHDOOT JEWELLERS - Kolkata,MJ02,T18665,A+,Sparkles,Less Then 30k,East Zone,1,2026,EARRING,1
M/S MEGHDOOT JEWELLERS - Kolkata,MJ02,T19029,A+,Sparkles,30k-50k,East Zone,1,2026,EARRING,1
M/S MEGHDOOT JEWELLERS - Kolkata,MJ02,T19041,A+,Sparkles,30k-50k,East Zone,8,2025,EARRING,1
M/S MEGHDOOT JEWELLERS - Kolkata,MJ02,T19120,A+,Sparkles,Less Then 30k,East Zone,4,2026,EARRING,1
M/S MEGHDOOT JEWELLERS - Kolkata,MJ02,T19231,A+,Sparkles,Less Then 30k,East Zone,11,2025,EARRING,1
M/S MEGHDOOT JEWELLERS - Kolkata,MJ02,T19237,A+,Sparkles,30k-50k,East Zone,5,2026,EARRING,1
M/S MEGHDOOT JEWELLERS - Kolkata,MJ02,T19323,A+,Sparkles,30k-50k,East Zone,4,2026,EARRING,1
M/S MEGHDOOT JEWELLERS - Kolkata,MJ02,T19411,A+,Sparkles,30k-50k,East Zone,4,2026,EARRING,1
M/S MEGHDOOT JEWELLERS - Kolkata,MJ02,T8715,A+,Sparkles,Less Then 30k,East Zone,12,2025,EARRING,1
M/S MEGHDOOT JEWELLERS - Kolkata,MJ02,T9699,A+,Sparkles,Less Then 30k,East Zone,10,2025,EARRING,1
M/S MEGHDOOT JEWELLERS - Kolkata,MJ02,TMS3,A+,Sparkles,Less Then 30k,East Zone,3,2026,TOPS MENS STUD,1
M/S MEGHDOOT JEWELLERS - Kolkata,MJ02,TMS4,A+,Sparkles,Less Then 30k,East Zone,12,2025,TOPS MENS STUD,1
M/S MEGHDOOT JEWELLERS - Kolkata,MJ02,TMS5,A+,Sparkles,Less Then 30k,East Zone,3,2026,TOPS MENS STUD,1
M/S MEGHDOOT JEWELLERS - Kolkata,MJ02,TMS7,A+,Sparkles,Less Then 30k,East Zone,5,2026,TOPS MENS STUD,1
M/S MEGHDOOT JEWELLERS - Kolkata,MJ02,TMS8,A+,Sparkles,Less Then 30k,East Zone,10,2025,TOPS MENS STUD,1
M/S MEGHDOOT JEWELLERS - Kolkata,MJ02,TMS9,A+,Sparkles,Less Then 30k,East Zone,2,2026,TOPS MENS STUD,1
M/S MEGHDOOT JEWELLERS - Kolkata,MJ02,TN20405,A+,Sparkles,Less Then 30k,East Zone,4,2026,EARRING,1
M/S MEGHDOOT JEWELLERS - Kolkata,MJ02,TNP1883,A+,Sparkles,Less Then 30k,East Zone,4,2026,EARRING,1
M/S. CHANDRA - Hyderabad,CHJ2,NP11010,B,Sparkles,Less Then 30k,South Zone,3,2026,NOSE PIN,1
M/S. CHANDRA - Hyderabad,CHJ2,NP11014,B,Sparkles,Less Then 30k,South Zone,5,2026,NOSE PIN,1
M/S. CHANDRA - Hyderabad,CHJ2,NP11014,B,Sparkles,Less Then 30k,South Zone,11,2025,NOSE PIN,1
M/S. CHANDRA - Hyderabad,CHJ2,NP11484,B,Sparkles,Less Then 30k,South Zone,3,2026,NOSE PIN,1
M/S. CHANDRA - Hyderabad,CHJ2,NP11754,B,Sparkles,Less Then 30k,South Zone,2,2026,NOSE PIN,1
M/S. CHANDRA - Hyderabad,CHJ2,NP11754,B,Sparkles,Less Then 30k,South Zone,11,2025,NOSE PIN,1
M/S. CHANDRA - Hyderabad,CHJ2,NP1231,B,Sparkles,Less Then 30k,South Zone,5,2026,NOSE PIN,1
M/S. CHANDRA - Hyderabad,CHJ2,NP1488,B,Sparkles,Less Then 30k,South Zone,1,2026,NOSE PIN,2
M/S. CHANDRA - Hyderabad,CHJ2,NP1488,B,Sparkles,Less Then 30k,South Zone,4,2026,NOSE PIN,1
M/S. CHANDRA - Hyderabad,CHJ2,NP1754,B,Sparkles,Less Then 30k,South Zone,11,2025,NOSE PIN,1
M/S. CHANDRA - Hyderabad,CHJ2,NP1876,B,Sparkles,Less Then 30k,South Zone,11,2025,NOSE PIN,1
M/S. CHANDRA - Hyderabad,CHJ2,NP1882,B,Sparkles,Less Then 30k,South Zone,4,2026,NOSE PIN,1
M/S. CHANDRA - Hyderabad,CHJ2,NP20505,B,Sparkles,Less Then 30k,South Zone,12,2025,NOSE PIN,2
M/S. CHANDRA - Hyderabad,CHJ2,NP20507,B,Sparkles,Less Then 30k,South Zone,3,2026,NOSE PIN,2
M/S. CHANDRA - Hyderabad,CHJ2,NP20518,B,Sparkles,Less Then 30k,South Zone,1,2026,NOSE PIN,1
M/S. CHANDRA - Hyderabad,CHJ2,NP21754,B,Sparkles,Less Then 30k,South Zone,3,2026,NOSE PIN,1
M/S. CHANDRA - Hyderabad,CHJ2,NP273,B,Sparkles,Less Then 30k,South Zone,11,2025,NOSE PIN,2
M/S. CHANDRA - Hyderabad,CHJ2,NP3261,B,Sparkles,Less Then 30k,South Zone,3,2026,NOSE PIN,2
M/S. CHANDRA - Hyderabad,CHJ2,NP7231,B,Sparkles,Less Then 30k,South Zone,9,2025,NOSE PIN,1
M/S. CHANDRA - Hyderabad,CHJ2,NP7950,B,Sparkles,Less Then 30k,South Zone,1,2026,NOSE PIN,1
M/S. CHANDRA - Hyderabad,CHJ2,NP7950,B,Sparkles,Less Then 30k,South Zone,2,2026,NOSE PIN,1
M/S. CHANDRA - Hyderabad,CHJ2,NP7950,B,Sparkles,Less Then 30k,South Zone,12,2025,NOSE PIN,1
M/S. CHANDRA - Hyderabad,CHJ2,NP8516,B,Sparkles,Less Then 30k,South Zone,2,2026,NOSE PIN,2
M/S. CHANDRA - Hyderabad,CHJ2,NP8519,B,Sparkles,Less Then 30k,South Zone,5,2026,NOSE PIN,1
M/S. CHANDRA - Hyderabad,CHJ2,P12476,B,Sparkles,Less Then 30k,South Zone,1,2026,PENDANT,1
M/S. CHANDRA - Hyderabad,CHJ2,R10153,B,Sparkles,Less Then 30k,South Zone,3,2026,RING,1
M/S. CHANDRA - Hyderabad,CHJ2,R10958,B,Sparkles,Less Then 30k,South Zone,1,2026,RING,1
M/S. CHANDRA - Hyderabad,CHJ2,R14753,B,Sparkles,Less Then 30k,South Zone,5,2026,RING,1
M/S. CHANDRA - Hyderabad,CHJ2,R14918,B,Sparkles,Less Then 30k,South Zone,5,2026,RING,1
M/S. CHANDRA - Hyderabad,CHJ2,R14934,B,Sparkles,Less Then 30k,South Zone,5,2026,RING,1
M/S. CHANDRA - Hyderabad,CHJ2,R15239,B,Sparkles,Less Then 30k,South Zone,4,2026,RING,1
M/S. CHANDRA - Hyderabad,CHJ2,RN14827,B,Sparkles,Less Then 30k,South Zone,5,2026,RING,1
M/S. CHANDRA - Hyderabad,CHJ2,RN14828,B,Sparkles,Less Then 30k,South Zone,2,2026,RING,1
M/S. CHANDRA - Hyderabad,CHJ2,RN14829,B,Sparkles,Less Then 30k,South Zone,1,2026,RING,1
M/S. CHANDRA - Hyderabad,CHJ2,RN14835,B,Sparkles,Less Then 30k,South Zone,2,2026,RING,1
M/S. CHANDRA - Hyderabad,CHJ2,RN20403,B,Sparkles,Less Then 30k,South Zone,5,2026,RING,1
M/S. CHANDRA - Hyderabad,CHJ2,RN20407,B,Sparkles,Less Then 30k,South Zone,11,2025,RING,1
M/S. CHANDRA - Hyderabad,CHJ2,RN20413,B,Sparkles,Less Then 30k,South Zone,4,2026,RING,1
M/S. CHANDRA - Hyderabad,CHJ2,T18555,B,Sparkles,Less Then 30k,South Zone,2,2026,EARRING,1
M/S. CHANDRA - Hyderabad,CHJ2,T18555,B,Sparkles,Less Then 30k,South Zone,5,2026,EARRING,1
M/S. CHANDRA - Hyderabad,CHJ2,T18666,B,Sparkles,Less Then 30k,South Zone,11,2025,EARRING,1
M/S. CHANDRA - Hyderabad,CHJ2,T19341,B,Sparkles,Less Then 30k,South Zone,4,2026,EARRING,1
M/S. CHANDRA - Hyderabad,CHJ2,T19643,B,Sparkles,30k-50k,South Zone,11,2025,EARRING,1
M/S. CHANDRA - Hyderabad,CHJ2,T20327,B,Sparkles,50k-75k,South Zone,4,2026,EARRING,1
M/S. CHANDRA - Hyderabad,CHJ2,T20335,B,Sparkles,30k-50k,South Zone,2,2026,EARRING,1
M/S. CHANDRA - Hyderabad,CHJ2,T21607,B,Sparkles,Less Then 30k,South Zone,1,2026,EARRING,1
M/S. CHANDRA - Hyderabad,CHJ2,T2729,B,Sparkles,Less Then 30k,South Zone,11,2025,EARRING,1
M/S. CHANDRA - Hyderabad,CHJ2,TN20403,B,Sparkles,Less Then 30k,South Zone,12,2025,EARRING,1
M/S. CHANDRA - Hyderabad,CHJ2,TN20413,B,Sparkles,Less Then 30k,South Zone,12,2025,EARRING,1
M/S. H.A. JEWELLERS,HAJ1,N19699,A+,Sparq,7k-10k,East Zone,12,2025,NECKLACE,1
M/S. H.A. JEWELLERS,HAJ1,NP10273,A+,Sparkles,Less Then 30k,East Zone,11,2025,NOSE PIN,1
M/S. H.A. JEWELLERS,HAJ1,NP1231,A+,Sparkles,Less Then 30k,East Zone,12,2025,NOSE PIN,1
M/S. H.A. JEWELLERS,HAJ1,NP13651,A+,Sparkles,Less Then 30k,East Zone,11,2025,NOSE PIN,1
M/S. H.A. JEWELLERS,HAJ1,NP1488,A+,Sparkles,Less Then 30k,East Zone,4,2026,NOSE PIN,1
M/S. H.A. JEWELLERS,HAJ1,NP1754,A+,Sparkles,Less Then 30k,East Zone,5,2026,NOSE PIN,1
M/S. H.A. JEWELLERS,HAJ1,NP1878,A+,Sparkles,Less Then 30k,East Zone,10,2025,NOSE PIN,1
M/S. H.A. JEWELLERS,HAJ1,NP1879,A+,Sparkles,Less Then 30k,East Zone,1,2026,NOSE PIN,1
M/S. H.A. JEWELLERS,HAJ1,NP1884,A+,Sparkles,Less Then 30k,East Zone,10,2025,NOSE PIN,1
M/S. H.A. JEWELLERS,HAJ1,NP21754,A+,Sparq,Less Then 2k,East Zone,1,2026,NOSE PIN,1
M/S. H.A. JEWELLERS,HAJ1,NP2231,A+,Sparkles,Less Then 30k,East Zone,4,2026,NOSE PIN,1
M/S. H.A. JEWELLERS,HAJ1,NP2231,A+,Sparkles,Less Then 30k,East Zone,10,2025,NOSE PIN,1
M/S. H.A. JEWELLERS,HAJ1,NP3261,A+,Sparkles,Less Then 30k,East Zone,1,2026,NOSE PIN,1
M/S. H.A. JEWELLERS,HAJ1,NP3283,A+,Sparkles,Less Then 30k,East Zone,12,2025,NOSE PIN,1
M/S. H.A. JEWELLERS,HAJ1,NP3290,A+,Sparkles,Less Then 30k,East Zone,3,2026,NOSE PIN,1
M/S. H.A. JEWELLERS,HAJ1,NP514,A+,Sparkles,Less Then 30k,East Zone,5,2026,NOSE PIN,1
M/S. H.A. JEWELLERS,HAJ1,NP514,A+,Sparkles,Less Then 30k,East Zone,12,2025,NOSE PIN,1
M/S. H.A. JEWELLERS,HAJ1,NP544,A+,Sparkles,Less Then 30k,East Zone,11,2025,NOSE PIN,1
M/S. H.A. JEWELLERS,HAJ1,NP551,A+,Sparkles,Less Then 30k,East Zone,3,2026,NOSE PIN,1
M/S. H.A. JEWELLERS,HAJ1,NP551,A+,Sparkles,Less Then 30k,East Zone,12,2025,NOSE PIN,1
M/S. H.A. JEWELLERS,HAJ1,NP7231,A+,Sparkles,Less Then 30k,East Zone,4,2026,NOSE PIN,1
M/S. H.A. JEWELLERS,HAJ1,NP7231,A+,Sparkles,Less Then 30k,East Zone,10,2025,NOSE PIN,1
M/S. H.A. JEWELLERS,HAJ1,NP7950,A+,Sparkles,Less Then 30k,East Zone,2,2026,NOSE PIN,1
M/S. H.A. JEWELLERS,HAJ1,NP7950,A+,Sparkles,Less Then 30k,East Zone,12,2025,NOSE PIN,1
M/S. H.A. JEWELLERS,HAJ1,NP7951,A+,Sparkles,Less Then 30k,East Zone,1,2026,NOSE PIN,1
M/S. H.A. JEWELLERS,HAJ1,NP7953,A+,Sparkles,Less Then 30k,East Zone,1,2026,NOSE PIN,1
M/S. H.A. JEWELLERS,HAJ1,NP8516,A+,Sparkles,Less Then 30k,East Zone,1,2026,NOSE PIN,1
M/S. H.A. JEWELLERS,HAJ1,NP8516,A+,Sparkles,Less Then 30k,East Zone,4,2026,NOSE PIN,1
M/S. H.A. JEWELLERS,HAJ1,NPA1754,A+,Sparkles,Less Then 30k,East Zone,1,2026,NOSE PIN,1
M/S. H.A. JEWELLERS,HAJ1,P20094,A+,Sparq,Less Then 2k,East Zone,12,2025,PENDANT,1
M/S. H.A. JEWELLERS,HAJ1,R10153,A+,Sparkles,Less Then 30k,East Zone,4,2026,RING,1
M/S. H.A. JEWELLERS,HAJ1,R10958,A+,Sparkles,30k-50k,East Zone,11,2025,RING,1
M/S. H.A. JEWELLERS,HAJ1,R11930,A+,Sparkles,30k-50k,East Zone,4,2026,RING,1
M/S. H.A. JEWELLERS,HAJ1,R12377,A+,Sparkles,30k-50k,East Zone,4,2026,RING,1
M/S. H.A. JEWELLERS,HAJ1,R14277,A+,Sparkles,30k-50k,East Zone,4,2026,RING,1
M/S. H.A. JEWELLERS,HAJ1,R14475,A+,Sparkles,30k-50k,East Zone,12,2025,RING,1
M/S. H.A. JEWELLERS,HAJ1,R14550,A+,Sparkles,Less Then 30k,East Zone,12,2025,RING,1
M/S. H.A. JEWELLERS,HAJ1,R14552,A+,Sparq,10k-15k,East Zone,12,2025,RING,1
M/S. H.A. JEWELLERS,HAJ1,R14561,A+,Sparq,Above 25k,East Zone,12,2025,RING,1
M/S. H.A. JEWELLERS,HAJ1,R14591,A+,Sparkles,50k-75k,East Zone,2,2026,RING,1
M/S. H.A. JEWELLERS,HAJ1,R14639,A+,Sparkles,30k-50k,East Zone,2,2026,RING,1
M/S. H.A. JEWELLERS,HAJ1,R14669,A+,Sparq,2k-4k,East Zone,11,2025,RING,1
M/S. H.A. JEWELLERS,HAJ1,R14669,A+,Sparq,2k-4k,East Zone,12,2025,RING,1
M/S. H.A. JEWELLERS,HAJ1,R14673,A+,Sparq,4k-7k,East Zone,10,2025,RING,1
M/S. H.A. JEWELLERS,HAJ1,R14673,A+,Sparq,4k-7k,East Zone,12,2025,RING,1
M/S. H.A. JEWELLERS,HAJ1,R14720,A+,Sparkles,30k-50k,East Zone,10,2025,RING,1
M/S. H.A. JEWELLERS,HAJ1,R14726,A+,Sparkles,50k-75k,East Zone,12,2025,RING,1
M/S. H.A. JEWELLERS,HAJ1,R14749,A+,Sparkles,Less Then 30k,East Zone,5,2026,RING,1
M/S. H.A. JEWELLERS,HAJ1,R14753,A+,Sparkles,Less Then 30k,East Zone,4,2026,RING,1
M/S. H.A. JEWELLERS,HAJ1,R14776,A+,Sparq,7k-10k,East Zone,10,2025,RING,1
M/S. H.A. JEWELLERS,HAJ1,R19644,A+,Sparq,4k-7k,East Zone,10,2025,RING,1
M/S. H.A. JEWELLERS,HAJ1,R19672,A+,Sparkles,Less Then 30k,East Zone,3,2026,RING,1
M/S. H.A. JEWELLERS,HAJ1,R19690,A+,Sparq,10k-15k,East Zone,1,2026,RING,1
M/S. H.A. JEWELLERS,HAJ1,R19695,A+,Sparq,4k-7k,East Zone,12,2025,RING,1
M/S. H.A. JEWELLERS,HAJ1,R19699,A+,Sparq,2k-4k,East Zone,12,2025,RING,1
M/S. H.A. JEWELLERS,HAJ1,R20235,A+,Sparq,15k-25k,East Zone,1,2026,RING,1
M/S. H.A. JEWELLERS,HAJ1,R20245,A+,Sparkles,Less Then 30k,East Zone,12,2025,RING,1
M/S. H.A. JEWELLERS,HAJ1,R20247,A+,Sparq,4k-7k,East Zone,10,2025,RING,1
M/S. H.A. JEWELLERS,HAJ1,R20249,A+,Sparq,4k-7k,East Zone,12,2025,RING,1
M/S. H.A. JEWELLERS,HAJ1,R20263,A+,Sparq,7k-10k,East Zone,1,2026,RING,1
M/S. H.A. JEWELLERS,HAJ1,R20343,A+,Sparkles,Less Then 30k,East Zone,1,2026,RING,1
M/S. H.A. JEWELLERS,HAJ1,R4232,A+,Sparq,4k-7k,East Zone,10,2025,RING,1
M/S. H.A. JEWELLERS,HAJ1,R9441,A+,Sparkles,30k-50k,East Zone,12,2025,RING,1
M/S. H.A. JEWELLERS,HAJ1,RN14777,A+,Sparkles,30k-50k,East Zone,1,2026,RING,1
M/S. H.A. JEWELLERS,HAJ1,RN14828,A+,Sparkles,Less Then 30k,East Zone,12,2025,RING,1
M/S. H.A. JEWELLERS,HAJ1,RN14829,A+,Sparkles,Less Then 30k,East Zone,3,2026,RING,1
M/S. H.A. JEWELLERS,HAJ1,RN14834,A+,Sparkles,Less Then 30k,East Zone,4,2026,RING,1
M/S. H.A. JEWELLERS,HAJ1,RN20406,A+,Sparkles,Less Then 30k,East Zone,3,2026,RING,1
M/S. H.A. JEWELLERS,HAJ1,RN20407,A+,Sparkles,Less Then 30k,East Zone,5,2026,RING,1
M/S. H.A. JEWELLERS,HAJ1,RN20407,A+,Sparkles,Less Then 30k,East Zone,12,2025,RING,1
M/S. H.A. JEWELLERS,HAJ1,RN20412,A+,Sparkles,Less Then 30k,East Zone,2,2026,RING,1
M/S. H.A. JEWELLERS,HAJ1,RN20467,A+,Sparq,2k-4k,East Zone,12,2025,RING,1
M/S. H.A. JEWELLERS,HAJ1,SMNP522,A+,Sparkles,Less Then 30k,East Zone,5,2026,NOSE PIN,1
M/S. H.A. JEWELLERS,HAJ1,T14151,A+,Sparkles,Less Then 30k,East Zone,3,2026,EARRING,1
M/S. H.A. JEWELLERS,HAJ1,T18661,A+,Sparkles,30k-50k,East Zone,10,2025,EARRING,1
M/S. H.A. JEWELLERS,HAJ1,T19115,A+,Sparkles,Less Then 30k,East Zone,5,2026,EARRING,1
M/S. H.A. JEWELLERS,HAJ1,T19120,A+,Sparkles,Less Then 30k,East Zone,5,2026,EARRING,1
M/S. H.A. JEWELLERS,HAJ1,T19188,A+,Sparkles,Less Then 30k,East Zone,4,2026,EARRING,1
M/S. H.A. JEWELLERS,HAJ1,T19213,A+,Sparkles,30k-50k,East Zone,3,2026,EARRING,1
M/S. H.A. JEWELLERS,HAJ1,T19489,A+,Sparkles,30k-50k,East Zone,10,2025,EARRING,1
M/S. H.A. JEWELLERS,HAJ1,T19662,A+,Sparkles,30k-50k,East Zone,4,2026,EARRING,1
M/S. H.A. JEWELLERS,HAJ1,T19726,A+,Sparq,4k-7k,East Zone,11,2025,EARRING,1
M/S. H.A. JEWELLERS,HAJ1,T20258,A+,Sparkles,50k-75k,East Zone,2,2026,EARRING,1
M/S. H.A. JEWELLERS,HAJ1,T20287,A+,Sparkles,30k-50k,East Zone,4,2026,EARRING,1
M/S. H.A. JEWELLERS,HAJ1,T20301,A+,Sparq,4k-7k,East Zone,10,2025,EARRING,1
M/S. H.A. JEWELLERS,HAJ1,T21665,A+,Sparkles,30k-50k,East Zone,2,2026,EARRING,1
M/S. H.A. JEWELLERS,HAJ1,TN20403,A+,Sparkles,Less Then 30k,East Zone,11,2025,EARRING,1
M/S. H.A. JEWELLERS,HAJ1,TN20405,A+,Sparkles,Less Then 30k,East Zone,5,2026,EARRING,1
M/S. H.A. JEWELLERS,HAJ1,TN20406,A+,Sparkles,Less Then 30k,East Zone,3,2026,EARRING,1
M/S. H.A. JEWELLERS,HAJ1,TN20414,A+,Sparkles,Less Then 30k,East Zone,12,2025,EARRING,1
M/S. H.A. JEWELLERS,HAJ1,TN20466,A+,Sparq,2k-4k,East Zone,12,2025,EARRING,1
M/S. H.A. JEWELLERS,HAJ1,TN20467,A+,Sparq,2k-4k,East Zone,5,2026,EARRING,1
M/S. H.A. JEWELLERS,HAJ1,TN20467,A+,Sparq,2k-4k,East Zone,10,2025,EARRING,1
M/S. H.A. JEWELLERS,HAJ1,TN20468,A+,Sparq,2k-4k,East Zone,12,2025,EARRING,1
M/S. H.A. JEWELLERS,HAJ1,TNP1879,A+,Sparkles,Less Then 30k,East Zone,1,2026,EARRING,1
M/S. H.A. JEWELLERS,HAJ1,TNP7231,A+,Sparkles,Less Then 30k,East Zone,12,2025,EARRING,1
M/S. H.A. JEWELLERS,HAJ1,TNP8516,A+,Sparkles,Less Then 30k,East Zone,4,2026,EARRING,1
M/S.ARUNARTHULA SHANKARIAH & SONS JEWELLERS,ARSH01,N19552,B,Sparkles,50k-75k,South Zone,5,2026,NECKLACE,1
M/S.ARUNARTHULA SHANKARIAH & SONS JEWELLERS,ARSH01,NP514,B,Sparkles,Less Then 30k,South Zone,4,2026,NOSE PIN,1
M/S.ARUNARTHULA SHANKARIAH & SONS JEWELLERS,ARSH01,R10963,B,Sparkles,75k-100k,South Zone,4,2026,RING,1
M/S.BSK JEWELLERS PVT LTD.-1,BSK2,AFDT1411,B,Sparkles,Less Then 30k,South Zone,6,2025,EARRING,1
M/S.BSK JEWELLERS PVT LTD.-1,BSK2,NP1878,B,Sparkles,Less Then 30k,South Zone,7,2025,NOSE PIN,2
M/S.BSK JEWELLERS PVT LTD.-1,BSK2,NP1883,B,Sparkles,Less Then 30k,South Zone,4,2025,NOSE PIN,1
M/S.BSK JEWELLERS PVT LTD.-1,BSK2,NP4706,B,Sparkles,Less Then 30k,South Zone,7,2025,NOSE PIN,1
M/S.BSK JEWELLERS PVT LTD.-1,BSK2,NP7953,B,Sparkles,Less Then 30k,South Zone,4,2025,NOSE PIN,1
M/S.BSK JEWELLERS PVT LTD.-1,BSK2,NP850,B,Sparkles,Less Then 30k,South Zone,6,2025,NOSE PIN,1
M/S.BSK JEWELLERS PVT LTD.-1,BSK2,NP8514,B,Sparkles,Less Then 30k,South Zone,9,2025,NOSE PIN,2
M/S.BSK JEWELLERS PVT LTD.-1,BSK2,NP8516,B,Sparkles,Less Then 30k,South Zone,4,2025,NOSE PIN,1
M/S.BSK JEWELLERS PVT LTD.-1,BSK2,NP8516,B,Sparkles,Less Then 30k,South Zone,6,2025,NOSE PIN,2
M/S.BSK JEWELLERS PVT LTD.-1,BSK2,R10384,B,Sparkles,Less Then 30k,South Zone,7,2025,RING,1
M/S.BSK JEWELLERS PVT LTD.-1,BSK2,T13590,B,Sparkles,30k-50k,South Zone,7,2025,EARRING,1
M/S.BSK JEWELLERS PVT LTD.-1,BSK2,T6485,B,Sparkles,Less Then 30k,South Zone,5,2025,EARRING,1
M/S.BSK JEWELLERS PVT LTD.-2,BSK1,AFDT1411,B,Sparkles,Less Then 30k,South Zone,4,2026,EARRING,1
M/S.BSK JEWELLERS PVT LTD.-2,BSK1,NP11015,B,Sparkles,Less Then 30k,South Zone,8,2025,NOSE PIN,1
M/S.BSK JEWELLERS PVT LTD.-2,BSK1,NP1876,B,Sparkles,Less Then 30k,South Zone,8,2025,NOSE PIN,1
M/S.BSK JEWELLERS PVT LTD.-2,BSK1,NP20507,B,Sparkles,Less Then 30k,South Zone,5,2026,NOSE PIN,2
M/S.BSK JEWELLERS PVT LTD.-2,BSK1,NP21754,B,Sparkles,Less Then 30k,South Zone,8,2025,NOSE PIN,1
M/S.BSK JEWELLERS PVT LTD.-2,BSK1,NP2231,B,Sparkles,Less Then 30k,South Zone,5,2025,NOSE PIN,1
M/S.BSK JEWELLERS PVT LTD.-2,BSK1,NP2231,B,Sparkles,Less Then 30k,South Zone,5,2026,NOSE PIN,1
M/S.BSK JEWELLERS PVT LTD.-2,BSK1,NP2273,B,Sparkles,Less Then 30k,South Zone,5,2026,NOSE PIN,1
M/S.BSK JEWELLERS PVT LTD.-2,BSK1,NP2432,B,Sparkles,Less Then 30k,South Zone,9,2025,NOSE PIN,1
M/S.BSK JEWELLERS PVT LTD.-2,BSK1,NP3290,B,Sparkles,Less Then 30k,South Zone,8,2025,NOSE PIN,1
M/S.BSK JEWELLERS PVT LTD.-2,BSK1,NP5231,B,Sparkles,Less Then 30k,South Zone,8,2025,NOSE PIN,1
M/S.BSK JEWELLERS PVT LTD.-2,BSK1,NP5231,B,Sparkles,Less Then 30k,South Zone,9,2025,NOSE PIN,1
M/S.BSK JEWELLERS PVT LTD.-2,BSK1,NP7950,B,Sparkles,Less Then 30k,South Zone,7,2025,NOSE PIN,1
M/S.BSK JEWELLERS PVT LTD.-2,BSK1,NP8514,B,Sparkles,Less Then 30k,South Zone,6,2025,NOSE PIN,1
M/S.BSK JEWELLERS PVT LTD.-2,BSK1,NP8514,B,Sparkles,Less Then 30k,South Zone,9,2025,NOSE PIN,1
M/S.BSK JEWELLERS PVT LTD.-2,BSK1,NP8519,B,Sparkles,Less Then 30k,South Zone,6,2025,NOSE PIN,1
M/S.BSK JEWELLERS PVT LTD.-2,BSK1,R14350,B,Sparkles,30k-50k,South Zone,11,2025,RING,1
M/S.BSK JEWELLERS PVT LTD.-2,BSK1,SMNP522,B,Sparkles,Less Then 30k,South Zone,11,2025,NOSE PIN,1
M/S.BSK JEWELLERS PVT LTD.-2,BSK1,T18663,B,Sparkles,50k-75k,South Zone,5,2025,EARRING,1
M/S.BSK JEWELLERS PVT LTD.-2,BSK1,T18665,B,Sparkles,Less Then 30k,South Zone,4,2026,EARRING,1
M/S.BSK JEWELLERS PVT LTD.-2,BSK1,T18667,B,Sparkles,Less Then 30k,South Zone,9,2025,EARRING,1
M/S.LENKALAPALLI'S - Hyderabad,LJ04,AFDT1400,B,Sparkles,30k-50k,South Zone,1,2026,EARRING,1
M/S.LENKALAPALLI'S - Hyderabad,LJ04,AFDT1402,B,Sparkles,100k-150k,South Zone,7,2025,EARRING,2
M/S.LENKALAPALLI'S - Hyderabad,LJ04,N19542,B,Sparkles,75k-100k,South Zone,5,2025,NECKLACE,1
M/S.LENKALAPALLI'S - Hyderabad,LJ04,NP11010,B,Sparkles,Less Then 30k,South Zone,6,2025,NOSE PIN,1
M/S.LENKALAPALLI'S - Hyderabad,LJ04,NP11014,B,Sparkles,Less Then 30k,South Zone,8,2025,NOSE PIN,1
M/S.LENKALAPALLI'S - Hyderabad,LJ04,NP11015,B,Sparkles,Less Then 30k,South Zone,4,2025,NOSE PIN,2
M/S.LENKALAPALLI'S - Hyderabad,LJ04,NP11015,B,Sparkles,Less Then 30k,South Zone,8,2025,NOSE PIN,2
M/S.LENKALAPALLI'S - Hyderabad,LJ04,NP1102,B,Sparkles,Less Then 30k,South Zone,1,2026,NOSE PIN,1
M/S.LENKALAPALLI'S - Hyderabad,LJ04,NP12432,B,Sparkles,Less Then 30k,South Zone,11,2025,NOSE PIN,1
M/S.LENKALAPALLI'S - Hyderabad,LJ04,NP1876,B,Sparkles,Less Then 30k,South Zone,4,2025,NOSE PIN,1
M/S.LENKALAPALLI'S - Hyderabad,LJ04,NP1876,B,Sparkles,Less Then 30k,South Zone,7,2025,NOSE PIN,1
M/S.LENKALAPALLI'S - Hyderabad,LJ04,NP1883,B,Sparkles,Less Then 30k,South Zone,9,2025,NOSE PIN,2
M/S.LENKALAPALLI'S - Hyderabad,LJ04,NP20502,B,Sparkles,Less Then 30k,South Zone,1,2026,NOSE PIN,1
M/S.LENKALAPALLI'S - Hyderabad,LJ04,NP20505,B,Sparkles,Less Then 30k,South Zone,9,2025,NOSE PIN,2
M/S.LENKALAPALLI'S - Hyderabad,LJ04,NP20507,B,Sparkles,Less Then 30k,South Zone,4,2025,NOSE PIN,2
M/S.LENKALAPALLI'S - Hyderabad,LJ04,NP20507,B,Sparkles,Less Then 30k,South Zone,7,2025,NOSE PIN,2
M/S.LENKALAPALLI'S - Hyderabad,LJ04,NP21754,B,Sparkles,Less Then 30k,South Zone,8,2025,NOSE PIN,1
M/S.LENKALAPALLI'S - Hyderabad,LJ04,NP2273,B,Sparkles,Less Then 30k,South Zone,7,2025,NOSE PIN,1
M/S.LENKALAPALLI'S - Hyderabad,LJ04,NP4706,B,Sparkles,Less Then 30k,South Zone,3,2025,NOSE PIN,1
M/S.LENKALAPALLI'S - Hyderabad,LJ04,NP516,B,Sparkles,Less Then 30k,South Zone,1,2026,NOSE PIN,2
M/S.LENKALAPALLI'S - Hyderabad,LJ04,NP7950,B,Sparkles,Less Then 30k,South Zone,4,2026,NOSE PIN,1
M/S.LENKALAPALLI'S - Hyderabad,LJ04,NP7951,B,Sparkles,Less Then 30k,South Zone,6,2025,NOSE PIN,1
M/S.LENKALAPALLI'S - Hyderabad,LJ04,NP7951,B,Sparkles,Less Then 30k,South Zone,7,2025,NOSE PIN,1
M/S.LENKALAPALLI'S - Hyderabad,LJ04,NP8514,B,Sparkles,Less Then 30k,South Zone,1,2026,NOSE PIN,1
M/S.LENKALAPALLI'S - Hyderabad,LJ04,NP8516,B,Sparkles,Less Then 30k,South Zone,6,2025,NOSE PIN,1
M/S.LENKALAPALLI'S - Hyderabad,LJ04,NP8516,B,Sparkles,Less Then 30k,South Zone,7,2025,NOSE PIN,2
M/S.LENKALAPALLI'S - Hyderabad,LJ04,NP8516,B,Sparkles,Less Then 30k,South Zone,8,2025,NOSE PIN,2
M/S.LENKALAPALLI'S - Hyderabad,LJ04,R13650,B,Sparkles,30k-50k,South Zone,11,2025,RING,1
M/S.LENKALAPALLI'S - Hyderabad,LJ04,R14335,B,Sparkles,Less Then 30k,South Zone,5,2025,RING,1
M/S.LENKALAPALLI'S - Hyderabad,LJ04,R14512,B,Sparq,7k-10k,South Zone,2,2026,RING,1
M/S.LENKALAPALLI'S - Hyderabad,LJ04,R14522,B,Sparq,4k-7k,South Zone,1,2026,RING,1
M/S.LENKALAPALLI'S - Hyderabad,LJ04,R14660,B,Sparq,10k-15k,South Zone,2,2026,RING,1
M/S.LENKALAPALLI'S - Hyderabad,LJ04,R14663,B,Sparq,2k-4k,South Zone,3,2026,RING,1
M/S.LENKALAPALLI'S - Hyderabad,LJ04,R14669,B,Sparq,2k-4k,South Zone,3,2026,RING,1
M/S.LENKALAPALLI'S - Hyderabad,LJ04,R14673,B,Sparq,4k-7k,South Zone,2,2026,RING,1
M/S.LENKALAPALLI'S - Hyderabad,LJ04,R2138,B,Sparkles,30k-50k,South Zone,4,2026,RING,1
M/S.LENKALAPALLI'S - Hyderabad,LJ04,R9019,B,Sparkles,30k-50k,South Zone,3,2025,RING,1
M/S.LENKALAPALLI'S - Hyderabad,LJ04,RN14833,B,Sparkles,Less Then 30k,South Zone,2,2026,RING,1
M/S.LENKALAPALLI'S - Hyderabad,LJ04,RN20452,B,Sparq,Less Then 2k,South Zone,1,2026,RING,1
M/S.LENKALAPALLI'S - Hyderabad,LJ04,RN20464,B,Sparq,Less Then 2k,South Zone,1,2026,RING,1
M/S.LENKALAPALLI'S - Hyderabad,LJ04,RN20467,B,Sparq,Less Then 2k,South Zone,4,2026,RING,1
M/S.LENKALAPALLI'S - Hyderabad,LJ04,T13568,B,Sparkles,30k-50k,South Zone,5,2025,EARRING,1
M/S.LENKALAPALLI'S - Hyderabad,LJ04,T18663,B,Sparkles,50k-75k,South Zone,4,2025,EARRING,1
M/S.LENKALAPALLI'S - Hyderabad,LJ04,T18680,B,Sparkles,Less Then 30k,South Zone,5,2026,EARRING,1
M/S.LENKALAPALLI'S - Hyderabad,LJ04,T19056,B,Sparkles,75k-100k,South Zone,11,2025,EARRING,1
M/S.LENKALAPALLI'S - Hyderabad,LJ04,T19082,B,Sparkles,Less Then 30k,South Zone,11,2025,EARRING,1
M/S.LENKALAPALLI'S - Hyderabad,LJ04,T19087,B,Sparkles,Less Then 30k,South Zone,4,2025,EARRING,1
M/S.LENKALAPALLI'S - Hyderabad,LJ04,T19092,B,Sparkles,30k-50k,South Zone,3,2025,EARRING,1
M/S.LENKALAPALLI'S - Hyderabad,LJ04,T19103,B,Sparkles,30k-50k,South Zone,5,2025,EARRING,1
M/S.LENKALAPALLI'S - Hyderabad,LJ04,T19272,B,Sparq,7k-10k,South Zone,4,2026,EARRING,1
M/S.LENKALAPALLI'S - Hyderabad,LJ04,T9699,B,Sparkles,30k-50k,South Zone,11,2025,EARRING,1
M/s. RADHA KRISHNA JEWELLERS,RKJ01,AFDT1409,B,Sparkles,30k-50k,South Zone,8,2025,EARRING,1
M/s. RADHA KRISHNA JEWELLERS,RKJ01,N19621,B,Sparkles,75k-100k,South Zone,12,2025,NECKLACE,1
M/s. RADHA KRISHNA JEWELLERS,RKJ01,NP11020,B,Sparkles,Less Then 30k,South Zone,8,2025,NOSE PIN,1
M/s. RADHA KRISHNA JEWELLERS,RKJ01,NP11754,B,Sparkles,Less Then 30k,South Zone,5,2026,NOSE PIN,1
M/s. RADHA KRISHNA JEWELLERS,RKJ01,NP1754,B,Sparkles,Less Then 30k,South Zone,9,2025,NOSE PIN,1
M/s. RADHA KRISHNA JEWELLERS,RKJ01,NP1882,B,Sparkles,Less Then 30k,South Zone,5,2026,NOSE PIN,1
M/s. RADHA KRISHNA JEWELLERS,RKJ01,NP1883,B,Sparkles,Less Then 30k,South Zone,5,2026,NOSE PIN,1
M/s. RADHA KRISHNA JEWELLERS,RKJ01,NP20507,B,Sparkles,Less Then 30k,South Zone,9,2025,NOSE PIN,1
M/s. RADHA KRISHNA JEWELLERS,RKJ01,NP21754,B,Sparkles,Less Then 30k,South Zone,9,2025,NOSE PIN,1
M/s. RADHA KRISHNA JEWELLERS,RKJ01,NP2432,B,Sparkles,Less Then 30k,South Zone,8,2025,NOSE PIN,1
M/s. RADHA KRISHNA JEWELLERS,RKJ01,NP273,B,Sparkles,Less Then 30k,South Zone,11,2025,NOSE PIN,1
M/s. RADHA KRISHNA JEWELLERS,RKJ01,NP7951,B,Sparkles,Less Then 30k,South Zone,11,2025,NOSE PIN,3
M/s. RADHA KRISHNA JEWELLERS,RKJ01,NP8519,B,Sparkles,Less Then 30k,South Zone,12,2025,NOSE PIN,1
M/s. RADHA KRISHNA JEWELLERS,RKJ01,NPA1754,B,Sparkles,Less Then 30k,South Zone,12,2025,NOSE PIN,1
M/s. RADHA KRISHNA JEWELLERS,RKJ01,P14393,B,Sparkles,Less Then 30k,South Zone,5,2026,PENDANT,1
M/s. RADHA KRISHNA JEWELLERS,RKJ01,R14181,B,Sparkles,30k-50k,South Zone,12,2025,RING,1
M/s. RADHA KRISHNA JEWELLERS,RKJ01,R14569,B,Sparkles,50k-75k,South Zone,8,2025,RING,1
M/s. RADHA KRISHNA JEWELLERS,RKJ01,R14612,B,Sparkles,30k-50k,South Zone,11,2025,RING,1
M/s. RADHA KRISHNA JEWELLERS,RKJ01,R14654,B,Sparkles,30k-50k,South Zone,12,2025,RING,1
M/s. RADHA KRISHNA JEWELLERS,RKJ01,T13104,B,Sparkles,30k-50k,South Zone,12,2025,EARRING,1
M/s. RADHA KRISHNA JEWELLERS,RKJ01,T19016,B,Sparkles,30k-50k,South Zone,3,2026,EARRING,1
M/s. RADHA KRISHNA JEWELLERS,RKJ01,T19041,B,Sparkles,30k-50k,South Zone,3,2026,EARRING,1
M/s. RADHA KRISHNA JEWELLERS,RKJ01,T19231,B,Sparkles,Less Then 30k,South Zone,3,2026,EARRING,1
M/s. RADHA KRISHNA JEWELLERS,RKJ01,T19237,B,Sparkles,30k-50k,South Zone,8,2025,EARRING,1
M/s. RADHA KRISHNA JEWELLERS,RKJ01,T19241,B,Sparkles,30k-50k,South Zone,11,2025,EARRING,1
M/s. RADHA KRISHNA JEWELLERS,RKJ01,T19323,B,Sparkles,30k-50k,South Zone,11,2025,EARRING,1
MAYUKA  92.5 SILVER - Hyderabad,MYK02,NP20532,A,Sparq,2k-4k,South Zone,5,2026,NOSE PIN,1
MAYUKA  92.5 SILVER - Hyderabad,MYK02,NP8516,A,Sparq,2k-4k,South Zone,2,2026,NOSE PIN,2
MAYUKA  92.5 SILVER - Hyderabad,MYK02,P20497,A,Sparq,Less Then 2k,South Zone,4,2026,PENDANT,1
MAYUKA  92.5 SILVER - Hyderabad,MYK02,R14519,A,Sparq,15k-25k,South Zone,2,2026,RING,1
MAYUKA  92.5 SILVER - Hyderabad,MYK02,R14767,A,Sparq,2k-4k,South Zone,2,2026,RING,1
MAYUKA  92.5 SILVER - Hyderabad,MYK02,RM15159,A,Sparq,15k-25k,South Zone,3,2026,RING,1
MAYUKA  92.5 SILVER - Hyderabad,MYK02,RN20459,A,Sparq,Less Then 2k,South Zone,2,2026,RING,1
MAYUKA  92.5 SILVER - Hyderabad,MYK02,RN20459,A,Sparq,Less Then 2k,South Zone,3,2026,RING,1
MAYUKA  92.5 SILVER - Hyderabad,MYK02,RN20461,A,Sparq,2k-4k,South Zone,2,2026,RING,1
MAYUKA  92.5 SILVER - Hyderabad,MYK02,SMNP537,A,Sparq,2k-4k,South Zone,3,2026,NOSE PIN,2
MAYUKA  92.5 SILVER - Hyderabad,MYK02,T19343,A,Sparq,10k-15k,South Zone,3,2026,EARRING,1
MAYUKA  92.5 SILVER - Hyderabad,MYK02,T21958,A,Sparq,2k-4k,South Zone,2,2026,EARRING,1
MAYUKA  92.5 SILVER - Hyderabad,MYK02,T21958,A,Sparq,2k-4k,South Zone,4,2026,EARRING,1
MAYUKA  92.5 SILVER - Hyderabad,MYK02,T21959,A,Sparq,2k-4k,South Zone,4,2026,EARRING,1
MAYUKA  92.5 SILVER - Hyderabad,MYK02,T5625,A,Sparq,4k-7k,South Zone,4,2026,EARRING,1
MAYUKA  92.5 SILVER - Hyderabad,MYK02,TM19839,A,Sparq,15k-25k,South Zone,3,2026,TANMANIYA,1
MAYUKA  92.5 SILVER - Hyderabad,MYK02,TM19884,A,Sparq,7k-10k,South Zone,4,2026,TANMANIYA,1
MAYUKA  92.5 SILVER - Hyderabad,MYK02,TN20463,A,Sparq,2k-4k,South Zone,2,2026,EARRING,1
MAYUKA  SILVER JEWELLERY - Hyderabad,MYK01,NP1876,A,Sparq,2k-4k,South Zone,3,2026,NOSE PIN,1
MAYUKA  SILVER JEWELLERY - Hyderabad,MYK01,R14692,A,Sparq,7k-10k,South Zone,2,2026,RING,1
MAYUKA  SILVER JEWELLERY - Hyderabad,MYK01,RN20461,A,Sparq,2k-4k,South Zone,2,2026,RING,1
MAYUKA  SILVER JEWELLERY - Hyderabad,MYK01,RN20461,A,Sparq,Less Then 2k,South Zone,2,2026,RING,1
MAYUKA  SILVER JEWELLERY - Hyderabad,MYK01,T21957,A,Sparq,2k-4k,South Zone,3,2026,EARRING,2
NANDI JEWELLERS,NJ01,AFDT1401,A+,Sparkles,50k-75k,South Zone,7,2025,EARRING,1
NANDI JEWELLERS,NJ01,AFDT1402,A+,Sparkles,100k-150k,South Zone,3,2025,EARRING,1
NANDI JEWELLERS,NJ01,AFDT1409,A+,Sparkles,30k-50k,South Zone,3,2025,EARRING,1
NANDI JEWELLERS,NJ01,AFDT1409,A+,Sparkles,30k-50k,South Zone,9,2025,EARRING,1
NANDI JEWELLERS,NJ01,AFDT1409,A+,Sparkles,30k-50k,South Zone,12,2024,EARRING,1
NANDI JEWELLERS,NJ01,AFDT1409,A+,Sparkles,50k-75k,South Zone,12,2025,EARRING,1
NANDI JEWELLERS,NJ01,AFDT1410,A+,Sparkles,Less Then 30k,South Zone,9,2025,EARRING,1
NANDI JEWELLERS,NJ01,AFDT1410,A+,Sparkles,Less Then 30k,South Zone,10,2024,EARRING,1
NANDI JEWELLERS,NJ01,AFDT1410,A+,Sparkles,Less Then 30k,South Zone,11,2024,EARRING,1
NANDI JEWELLERS,NJ01,AFDT1410,A+,Sparkles,Less Then 30k,South Zone,12,2024,EARRING,2
NANDI JEWELLERS,NJ01,AFDT1411,A+,Sparkles,Less Then 30k,South Zone,3,2025,EARRING,2
NANDI JEWELLERS,NJ01,AFDT1411,A+,Sparkles,Less Then 30k,South Zone,5,2025,EARRING,1
NANDI JEWELLERS,NJ01,AFDT1411,A+,Sparkles,Less Then 30k,South Zone,12,2024,EARRING,2
NANDI JEWELLERS,NJ01,AFDT600,A+,Sparkles,50k-75k,South Zone,11,2024,EARRING,1
NANDI JEWELLERS,NJ01,BG21124,A+,Sparkles,75k-100k,South Zone,12,2025,BANGLE,1
NANDI JEWELLERS,NJ01,BG21128,A+,Sparkles,50k-75k,South Zone,4,2026,BANGLE,1
NANDI JEWELLERS,NJ01,BR16520,A+,Sparkles,Above 200k,South Zone,2,2026,BRACELET,1
NANDI JEWELLERS,NJ01,N19509,A+,Sparkles,50k-75k,South Zone,3,2025,NECKLACE,1
NANDI JEWELLERS,NJ01,N19543,A+,Sparkles,50k-75k,South Zone,5,2025,NECKLACE,1
NANDI JEWELLERS,NJ01,N19545,A+,Sparkles,50k-75k,South Zone,1,2025,NECKLACE,1
NANDI JEWELLERS,NJ01,N19547,A+,Sparkles,50k-75k,South Zone,12,2025,NECKLACE,1
NANDI JEWELLERS,NJ01,N19567,A+,Sparkles,30k-50k,South Zone,12,2025,NECKLACE,1
NANDI JEWELLERS,NJ01,N19571,A+,Sparkles,50k-75k,South Zone,2,2026,NECKLACE,1
NANDI JEWELLERS,NJ01,N19581,A+,Sparkles,75k-100k,South Zone,12,2025,NECKLACE,1
NANDI JEWELLERS,NJ01,N19603,A+,Sparkles,50k-75k,South Zone,2,2025,NECKLACE,1
NANDI JEWELLERS,NJ01,N19604,A+,Sparkles,50k-75k,South Zone,11,2025,NECKLACE,1
NANDI JEWELLERS,NJ01,N19605,A+,Sparkles,30k-50k,South Zone,5,2025,NECKLACE,1
NANDI JEWELLERS,NJ01,N19608,A+,Sparkles,30k-50k,South Zone,11,2025,NECKLACE,1
NANDI JEWELLERS,NJ01,N19636,A+,Sparkles,50k-75k,South Zone,2,2026,NECKLACE,1
NANDI JEWELLERS,NJ01,NP10273,A+,Sparkles,Less Then 30k,South Zone,11,2025,NOSE PIN,1
NANDI JEWELLERS,NJ01,NP11010,A+,Sparkles,Less Then 30k,South Zone,4,2026,NOSE PIN,1
NANDI JEWELLERS,NJ01,NP11010,A+,Sparkles,Less Then 30k,South Zone,7,2025,NOSE PIN,1
NANDI JEWELLERS,NJ01,NP11014,A+,Sparkles,Less Then 30k,South Zone,2,2026,NOSE PIN,1
NANDI JEWELLERS,NJ01,NP11014,A+,Sparkles,Less Then 30k,South Zone,3,2026,NOSE PIN,2
NANDI JEWELLERS,NJ01,NP11014,A+,Sparkles,Less Then 30k,South Zone,4,2026,NOSE PIN,1
NANDI JEWELLERS,NJ01,NP11014,A+,Sparkles,Less Then 30k,South Zone,7,2025,NOSE PIN,1
NANDI JEWELLERS,NJ01,NP11014,A+,Sparkles,Less Then 30k,South Zone,11,2025,NOSE PIN,1
NANDI JEWELLERS,NJ01,NP11014,A+,Sparkles,Less Then 30k,South Zone,12,2025,NOSE PIN,1
NANDI JEWELLERS,NJ01,NP11015,A+,Sparkles,Less Then 30k,South Zone,1,2026,NOSE PIN,1
NANDI JEWELLERS,NJ01,NP11015,A+,Sparkles,Less Then 30k,South Zone,4,2026,NOSE PIN,1
NANDI JEWELLERS,NJ01,NP11015,A+,Sparkles,Less Then 30k,South Zone,5,2026,NOSE PIN,3
NANDI JEWELLERS,NJ01,NP11015,A+,Sparkles,Less Then 30k,South Zone,11,2025,NOSE PIN,1
NANDI JEWELLERS,NJ01,NP11020,A+,Sparkles,Less Then 30k,South Zone,3,2026,NOSE PIN,1
NANDI JEWELLERS,NJ01,NP11020,A+,Sparkles,Less Then 30k,South Zone,11,2025,NOSE PIN,1
NANDI JEWELLERS,NJ01,NP11754,A+,Sparkles,Less Then 30k,South Zone,11,2025,NOSE PIN,1
NANDI JEWELLERS,NJ01,NP1231,A+,Sparkles,Less Then 30k,South Zone,3,2025,NOSE PIN,1
NANDI JEWELLERS,NJ01,NP1231,A+,Sparkles,Less Then 30k,South Zone,4,2025,NOSE PIN,2
NANDI JEWELLERS,NJ01,NP1231,A+,Sparkles,Less Then 30k,South Zone,5,2025,NOSE PIN,1
NANDI JEWELLERS,NJ01,NP1231,A+,Sparkles,Less Then 30k,South Zone,12,2025,NOSE PIN,2
NANDI JEWELLERS,NJ01,NP12432,A+,Sparkles,Less Then 30k,South Zone,7,2025,NOSE PIN,1
NANDI JEWELLERS,NJ01,NP1259,A+,Sparkles,Less Then 30k,South Zone,8,2025,NOSE PIN,2
NANDI JEWELLERS,NJ01,NP1484,A+,Sparkles,Less Then 30k,South Zone,1,2026,NOSE PIN,2
NANDI JEWELLERS,NJ01,NP1484,A+,Sparkles,Less Then 30k,South Zone,2,2026,NOSE PIN,2
NANDI JEWELLERS,NJ01,NP1484,A+,Sparkles,Less Then 30k,South Zone,12,2025,NOSE PIN,1
NANDI JEWELLERS,NJ01,NP14905,A+,Sparkles,Less Then 30k,South Zone,10,2024,NOSE PIN,1
NANDI JEWELLERS,NJ01,NP1754,A+,Sparkles,Less Then 30k,South Zone,6,2025,NOSE PIN,1
NANDI JEWELLERS,NJ01,NP1876,A+,Sparkles,Less Then 30k,South Zone,1,2025,NOSE PIN,2
NANDI JEWELLERS,NJ01,NP1876,A+,Sparkles,Less Then 30k,South Zone,1,2026,NOSE PIN,1
NANDI JEWELLERS,NJ01,NP1876,A+,Sparkles,Less Then 30k,South Zone,2,2026,NOSE PIN,2
NANDI JEWELLERS,NJ01,NP1876,A+,Sparkles,Less Then 30k,South Zone,5,2025,NOSE PIN,1
NANDI JEWELLERS,NJ01,NP1876,A+,Sparkles,Less Then 30k,South Zone,5,2026,NOSE PIN,3
NANDI JEWELLERS,NJ01,NP1876,A+,Sparkles,Less Then 30k,South Zone,6,2025,NOSE PIN,1
NANDI JEWELLERS,NJ01,NP1876,A+,Sparkles,Less Then 30k,South Zone,7,2025,NOSE PIN,1
NANDI JEWELLERS,NJ01,NP1876,A+,Sparkles,Less Then 30k,South Zone,8,2025,NOSE PIN,2
NANDI JEWELLERS,NJ01,NP1876,A+,Sparkles,Less Then 30k,South Zone,11,2025,NOSE PIN,1
NANDI JEWELLERS,NJ01,NP1876,A+,Sparkles,Less Then 30k,South Zone,12,2025,NOSE PIN,2
NANDI JEWELLERS,NJ01,NP1878,A+,Sparkles,Less Then 30k,South Zone,2,2026,NOSE PIN,1
NANDI JEWELLERS,NJ01,NP1878,A+,Sparkles,Less Then 30k,South Zone,4,2025,NOSE PIN,1
NANDI JEWELLERS,NJ01,NP1878,A+,Sparkles,Less Then 30k,South Zone,6,2025,NOSE PIN,1
NANDI JEWELLERS,NJ01,NP1878,A+,Sparkles,Less Then 30k,South Zone,7,2025,NOSE PIN,1
NANDI JEWELLERS,NJ01,NP1878,A+,Sparkles,Less Then 30k,South Zone,11,2025,NOSE PIN,1
NANDI JEWELLERS,NJ01,NP1879,A+,Sparkles,Less Then 30k,South Zone,5,2025,NOSE PIN,1
NANDI JEWELLERS,NJ01,NP1879,A+,Sparkles,Less Then 30k,South Zone,9,2025,NOSE PIN,1
NANDI JEWELLERS,NJ01,NP1880,A+,Sparkles,Less Then 30k,South Zone,8,2025,NOSE PIN,2
NANDI JEWELLERS,NJ01,NP1881,A+,Sparkles,Less Then 30k,South Zone,4,2025,NOSE PIN,1
NANDI JEWELLERS,NJ01,NP1881,A+,Sparkles,Less Then 30k,South Zone,9,2025,NOSE PIN,1
NANDI JEWELLERS,NJ01,NP1881,A+,Sparkles,Less Then 30k,South Zone,11,2025,NOSE PIN,6
NANDI JEWELLERS,NJ01,NP1882,A+,Sparkles,Less Then 30k,South Zone,8,2025,NOSE PIN,1
NANDI JEWELLERS,NJ01,NP1882,A+,Sparkles,Less Then 30k,South Zone,11,2025,NOSE PIN,1
NANDI JEWELLERS,NJ01,NP1883,A+,Sparkles,Less Then 30k,South Zone,1,2025,NOSE PIN,1
NANDI JEWELLERS,NJ01,NP1883,A+,Sparkles,Less Then 30k,South Zone,2,2025,NOSE PIN,1
NANDI JEWELLERS,NJ01,NP1883,A+,Sparkles,Less Then 30k,South Zone,2,2026,NOSE PIN,1
NANDI JEWELLERS,NJ01,NP1883,A+,Sparkles,Less Then 30k,South Zone,3,2025,NOSE PIN,2
NANDI JEWELLERS,NJ01,NP1883,A+,Sparkles,Less Then 30k,South Zone,5,2026,NOSE PIN,3
NANDI JEWELLERS,NJ01,NP1883,A+,Sparkles,Less Then 30k,South Zone,6,2025,NOSE PIN,4
NANDI JEWELLERS,NJ01,NP1883,A+,Sparkles,Less Then 30k,South Zone,7,2025,NOSE PIN,2
NANDI JEWELLERS,NJ01,NP1883,A+,Sparkles,Less Then 30k,South Zone,8,2025,NOSE PIN,2
NANDI JEWELLERS,NJ01,NP1883,A+,Sparkles,Less Then 30k,South Zone,12,2025,NOSE PIN,4
NANDI JEWELLERS,NJ01,NP1884,A+,Sparkles,Less Then 30k,South Zone,1,2026,NOSE PIN,1
NANDI JEWELLERS,NJ01,NP1884,A+,Sparkles,Less Then 30k,South Zone,11,2025,NOSE PIN,1
NANDI JEWELLERS,NJ01,NP20503,A+,Sparkles,Less Then 30k,South Zone,11,2024,NOSE PIN,2
NANDI JEWELLERS,NJ01,NP20504,A+,Sparkles,Less Then 30k,South Zone,4,2025,NOSE PIN,2
NANDI JEWELLERS,NJ01,NP20504,A+,Sparkles,Less Then 30k,South Zone,5,2026,NOSE PIN,2
NANDI JEWELLERS,NJ01,NP20504,A+,Sparkles,Less Then 30k,South Zone,9,2025,NOSE PIN,1
NANDI JEWELLERS,NJ01,NP20505,A+,Sparkles,Less Then 30k,South Zone,2,2025,NOSE PIN,3
NANDI JEWELLERS,NJ01,NP20505,A+,Sparkles,Less Then 30k,South Zone,3,2025,NOSE PIN,2
NANDI JEWELLERS,NJ01,NP20505,A+,Sparkles,Less Then 30k,South Zone,4,2025,NOSE PIN,1
NANDI JEWELLERS,NJ01,NP20505,A+,Sparkles,Less Then 30k,South Zone,4,2026,NOSE PIN,1
NANDI JEWELLERS,NJ01,NP20505,A+,Sparkles,Less Then 30k,South Zone,6,2025,NOSE PIN,2
NANDI JEWELLERS,NJ01,NP20505,A+,Sparkles,Less Then 30k,South Zone,10,2024,NOSE PIN,1
NANDI JEWELLERS,NJ01,NP20505,A+,Sparkles,Less Then 30k,South Zone,11,2025,NOSE PIN,3
NANDI JEWELLERS,NJ01,NP20505,A+,Sparkles,Less Then 30k,South Zone,12,2025,NOSE PIN,4
NANDI JEWELLERS,NJ01,NP20506,A+,Sparkles,Less Then 30k,South Zone,6,2025,NOSE PIN,2
NANDI JEWELLERS,NJ01,NP20507,A+,Sparkles,Less Then 30k,South Zone,2,2025,NOSE PIN,2
NANDI JEWELLERS,NJ01,NP20507,A+,Sparkles,Less Then 30k,South Zone,2,2026,NOSE PIN,2
NANDI JEWELLERS,NJ01,NP20507,A+,Sparkles,Less Then 30k,South Zone,3,2026,NOSE PIN,2
NANDI JEWELLERS,NJ01,NP20507,A+,Sparkles,Less Then 30k,South Zone,7,2025,NOSE PIN,1
NANDI JEWELLERS,NJ01,NP20507,A+,Sparkles,Less Then 30k,South Zone,11,2024,NOSE PIN,1
NANDI JEWELLERS,NJ01,NP20507,A+,Sparkles,Less Then 30k,South Zone,12,2025,NOSE PIN,2
NANDI JEWELLERS,NJ01,NP20509,A+,Sparkles,Less Then 30k,South Zone,6,2025,NOSE PIN,2
NANDI JEWELLERS,NJ01,NP20509,A+,Sparkles,Less Then 30k,South Zone,11,2024,NOSE PIN,2
NANDI JEWELLERS,NJ01,NP20510,A+,Sparkles,Less Then 30k,South Zone,12,2024,NOSE PIN,2
NANDI JEWELLERS,NJ01,NP20518,A+,Sparkles,Less Then 30k,South Zone,7,2025,NOSE PIN,1
NANDI JEWELLERS,NJ01,NP21754,A+,Sparkles,Less Then 30k,South Zone,1,2026,NOSE PIN,1
NANDI JEWELLERS,NJ01,NP21754,A+,Sparkles,Less Then 30k,South Zone,5,2025,NOSE PIN,1
NANDI JEWELLERS,NJ01,NP21754,A+,Sparkles,Less Then 30k,South Zone,8,2025,NOSE PIN,1
NANDI JEWELLERS,NJ01,NP21754,A+,Sparkles,Less Then 30k,South Zone,12,2025,NOSE PIN,1
NANDI JEWELLERS,NJ01,NP22432,A+,Sparkles,Less Then 30k,South Zone,3,2025,NOSE PIN,1
NANDI JEWELLERS,NJ01,NP22432,A+,Sparkles,Less Then 30k,South Zone,3,2026,NOSE PIN,1
NANDI JEWELLERS,NJ01,NP22432,A+,Sparkles,Less Then 30k,South Zone,5,2026,NOSE PIN,2
NANDI JEWELLERS,NJ01,NP22432,A+,Sparkles,Less Then 30k,South Zone,6,2025,NOSE PIN,2
NANDI JEWELLERS,NJ01,NP22432,A+,Sparkles,Less Then 30k,South Zone,11,2025,NOSE PIN,2
NANDI JEWELLERS,NJ01,NP2273,A+,Sparkles,Less Then 30k,South Zone,7,2025,NOSE PIN,1
NANDI JEWELLERS,NJ01,NP2273,A+,Sparkles,Less Then 30k,South Zone,9,2025,NOSE PIN,1
NANDI JEWELLERS,NJ01,NP2432,A+,Sparkles,Less Then 30k,South Zone,5,2026,NOSE PIN,2
NANDI JEWELLERS,NJ01,NP2432,A+,Sparkles,Less Then 30k,South Zone,8,2025,NOSE PIN,1
NANDI JEWELLERS,NJ01,NP273,A+,Sparkles,Less Then 30k,South Zone,1,2026,NOSE PIN,1
NANDI JEWELLERS,NJ01,NP273,A+,Sparkles,Less Then 30k,South Zone,8,2025,NOSE PIN,1
NANDI JEWELLERS,NJ01,NP273,A+,Sparkles,Less Then 30k,South Zone,11,2025,NOSE PIN,3
NANDI JEWELLERS,NJ01,NP3283,A+,Sparkles,Less Then 30k,South Zone,11,2025,NOSE PIN,1
NANDI JEWELLERS,NJ01,NP3290,A+,Sparkles,Less Then 30k,South Zone,4,2026,NOSE PIN,1
NANDI JEWELLERS,NJ01,NP3596,A+,Sparkles,Less Then 30k,South Zone,9,2025,NOSE PIN,1
NANDI JEWELLERS,NJ01,NP514,A+,Sparkles,Less Then 30k,South Zone,5,2026,NOSE PIN,2
NANDI JEWELLERS,NJ01,NP515,A+,Sparkles,Less Then 30k,South Zone,5,2026,NOSE PIN,2
NANDI JEWELLERS,NJ01,NP516,A+,Sparkles,Less Then 30k,South Zone,5,2026,NOSE PIN,1
NANDI JEWELLERS,NJ01,NP5231,A+,Sparkles,Less Then 30k,South Zone,6,2025,NOSE PIN,2
NANDI JEWELLERS,NJ01,NP5231,A+,Sparkles,Less Then 30k,South Zone,8,2025,NOSE PIN,1
NANDI JEWELLERS,NJ01,NP537,A+,Sparkles,Less Then 30k,South Zone,3,2026,NOSE PIN,1
NANDI JEWELLERS,NJ01,NP544,A+,Sparkles,Less Then 30k,South Zone,3,2025,NOSE PIN,1
NANDI JEWELLERS,NJ01,NP544,A+,Sparkles,Less Then 30k,South Zone,4,2026,NOSE PIN,1
NANDI JEWELLERS,NJ01,NP544,A+,Sparkles,Less Then 30k,South Zone,9,2025,NOSE PIN,1
NANDI JEWELLERS,NJ01,NP7134,A+,Sparkles,Less Then 30k,South Zone,11,2025,NOSE PIN,1
NANDI JEWELLERS,NJ01,NP7231,A+,Sparkles,Less Then 30k,South Zone,4,2026,NOSE PIN,1
NANDI JEWELLERS,NJ01,NP7231,A+,Sparkles,Less Then 30k,South Zone,11,2025,NOSE PIN,2
NANDI JEWELLERS,NJ01,NP7950,A+,Sparkles,Less Then 30k,South Zone,3,2025,NOSE PIN,2
NANDI JEWELLERS,NJ01,NP7950,A+,Sparkles,Less Then 30k,South Zone,3,2026,NOSE PIN,1
NANDI JEWELLERS,NJ01,NP7950,A+,Sparkles,Less Then 30k,South Zone,4,2025,NOSE PIN,2
NANDI JEWELLERS,NJ01,NP7950,A+,Sparkles,Less Then 30k,South Zone,4,2026,NOSE PIN,3
NANDI JEWELLERS,NJ01,NP7950,A+,Sparkles,Less Then 30k,South Zone,8,2025,NOSE PIN,1
NANDI JEWELLERS,NJ01,NP7950,A+,Sparkles,Less Then 30k,South Zone,9,2025,NOSE PIN,2
NANDI JEWELLERS,NJ01,NP7950,A+,Sparkles,Less Then 30k,South Zone,11,2025,NOSE PIN,1
NANDI JEWELLERS,NJ01,NP7951,A+,Sparkles,Less Then 30k,South Zone,6,2025,NOSE PIN,1
NANDI JEWELLERS,NJ01,NP7951,A+,Sparkles,Less Then 30k,South Zone,9,2025,NOSE PIN,1
NANDI JEWELLERS,NJ01,NP7953,A+,Sparkles,Less Then 30k,South Zone,4,2026,NOSE PIN,1
NANDI JEWELLERS,NJ01,NP8516,A+,Sparkles,Less Then 30k,South Zone,1,2025,NOSE PIN,2
NANDI JEWELLERS,NJ01,NP8516,A+,Sparkles,Less Then 30k,South Zone,1,2026,NOSE PIN,2
NANDI JEWELLERS,NJ01,NP8516,A+,Sparkles,Less Then 30k,South Zone,3,2026,NOSE PIN,3
NANDI JEWELLERS,NJ01,NP8516,A+,Sparkles,Less Then 30k,South Zone,4,2025,NOSE PIN,2
NANDI JEWELLERS,NJ01,NP8516,A+,Sparkles,Less Then 30k,South Zone,4,2026,NOSE PIN,8
NANDI JEWELLERS,NJ01,NP8516,A+,Sparkles,Less Then 30k,South Zone,5,2025,NOSE PIN,7
NANDI JEWELLERS,NJ01,NP8516,A+,Sparkles,Less Then 30k,South Zone,5,2026,NOSE PIN,3
NANDI JEWELLERS,NJ01,NP8516,A+,Sparkles,Less Then 30k,South Zone,6,2025,NOSE PIN,5
NANDI JEWELLERS,NJ01,NP8516,A+,Sparkles,Less Then 30k,South Zone,7,2025,NOSE PIN,7
NANDI JEWELLERS,NJ01,NP8516,A+,Sparkles,Less Then 30k,South Zone,8,2025,NOSE PIN,1
NANDI JEWELLERS,NJ01,NP8516,A+,Sparkles,Less Then 30k,South Zone,10,2024,NOSE PIN,4
NANDI JEWELLERS,NJ01,NP8516,A+,Sparkles,Less Then 30k,South Zone,11,2024,NOSE PIN,2
NANDI JEWELLERS,NJ01,NP8516,A+,Sparkles,Less Then 30k,South Zone,11,2025,NOSE PIN,2
NANDI JEWELLERS,NJ01,NP8516,A+,Sparkles,Less Then 30k,South Zone,12,2025,NOSE PIN,1
NANDI JEWELLERS,NJ01,NP8519,A+,Sparkles,Less Then 30k,South Zone,1,2026,NOSE PIN,1
NANDI JEWELLERS,NJ01,NP8519,A+,Sparkles,Less Then 30k,South Zone,3,2026,NOSE PIN,1
NANDI JEWELLERS,NJ01,NPA1754,A+,Sparkles,Less Then 30k,South Zone,8,2025,NOSE PIN,1
NANDI JEWELLERS,NJ01,P20026,A+,Sparkles,30k-50k,South Zone,1,2025,PENDANT,1
NANDI JEWELLERS,NJ01,P20031,A+,Sparkles,30k-50k,South Zone,1,2026,PENDANT,1
NANDI JEWELLERS,NJ01,P20042,A+,Sparkles,Less Then 30k,South Zone,4,2025,PENDANT,1
NANDI JEWELLERS,NJ01,P20081,A+,Sparkles,Less Then 30k,South Zone,8,2025,PENDANT,1
NANDI JEWELLERS,NJ01,P2728,A+,Sparkles,30k-50k,South Zone,8,2025,PENDANT,1
NANDI JEWELLERS,NJ01,PR490,A+,Sparkles,50k-75k,South Zone,8,2025,PENDANT,1
NANDI JEWELLERS,NJ01,PXR7606,A+,Sparkles,Less Then 30k,South Zone,2,2026,RING,1
NANDI JEWELLERS,NJ01,PXT8846,A+,Sparkles,Less Then 30k,South Zone,4,2025,EARRING,1
NANDI JEWELLERS,NJ01,PXT8846,A+,Sparkles,Less Then 30k,South Zone,7,2025,EARRING,1
NANDI JEWELLERS,NJ01,R10153,A+,Sparkles,Less Then 30k,South Zone,6,2025,RING,1
NANDI JEWELLERS,NJ01,R10243,A+,Sparkles,Less Then 30k,South Zone,5,2025,RING,1
NANDI JEWELLERS,NJ01,R10486,A+,Sparkles,30k-50k,South Zone,1,2025,RING,1
NANDI JEWELLERS,NJ01,R10491,A+,Sparkles,30k-50k,South Zone,11,2024,RING,1
NANDI JEWELLERS,NJ01,R10707,A+,Sparkles,50k-75k,South Zone,11,2024,RING,1
NANDI JEWELLERS,NJ01,R10830,A+,Sparkles,Less Then 30k,South Zone,12,2024,RING,1
NANDI JEWELLERS,NJ01,R10958,A+,Sparkles,30k-50k,South Zone,3,2026,RING,1
NANDI JEWELLERS,NJ01,R10958,A+,Sparkles,30k-50k,South Zone,4,2026,RING,1
NANDI JEWELLERS,NJ01,R10991,A+,Sparkles,Less Then 30k,South Zone,3,2025,RING,1
NANDI JEWELLERS,NJ01,R11930,A+,Sparkles,Less Then 30k,South Zone,1,2026,RING,1
NANDI JEWELLERS,NJ01,R11930,A+,Sparkles,Less Then 30k,South Zone,12,2024,RING,1
NANDI JEWELLERS,NJ01,R11950,A+,Sparkles,50k-75k,South Zone,10,2024,RING,1
NANDI JEWELLERS,NJ01,R12052,A+,Sparkles,30k-50k,South Zone,4,2025,RING,1
NANDI JEWELLERS,NJ01,R12052,A+,Sparkles,Less Then 30k,South Zone,11,2024,RING,1
NANDI JEWELLERS,NJ01,R12367,A+,Sparkles,30k-50k,South Zone,3,2026,RING,1
NANDI JEWELLERS,NJ01,R12375,A+,Sparkles,30k-50k,South Zone,3,2026,RING,1
NANDI JEWELLERS,NJ01,R12375,A+,Sparkles,30k-50k,South Zone,12,2025,RING,1
NANDI JEWELLERS,NJ01,R12377,A+,Sparkles,Less Then 30k,South Zone,1,2025,RING,1
NANDI JEWELLERS,NJ01,R12402,A+,Sparkles,Less Then 30k,South Zone,3,2026,RING,1
NANDI JEWELLERS,NJ01,R12837,A+,Sparkles,50k-75k,South Zone,8,2025,RING,1
NANDI JEWELLERS,NJ01,R12837,A+,Sparkles,50k-75k,South Zone,11,2024,RING,1
NANDI JEWELLERS,NJ01,R13057,A+,Sparkles,30k-50k,South Zone,6,2025,RING,1
NANDI JEWELLERS,NJ01,R13650,A+,Sparkles,30k-50k,South Zone,4,2025,RING,1
NANDI JEWELLERS,NJ01,R14106,A+,Sparkles,50k-75k,South Zone,12,2025,RING,1
NANDI JEWELLERS,NJ01,R14107,A+,Sparkles,30k-50k,South Zone,10,2024,RING,1
NANDI JEWELLERS,NJ01,R14120,A+,Sparkles,30k-50k,South Zone,12,2025,RING,1
NANDI JEWELLERS,NJ01,R14178,A+,Sparkles,30k-50k,South Zone,11,2025,RING,1
NANDI JEWELLERS,NJ01,R14184,A+,Sparkles,30k-50k,South Zone,1,2026,RING,1
NANDI JEWELLERS,NJ01,R14185,A+,Sparkles,30k-50k,South Zone,3,2025,RING,1
NANDI JEWELLERS,NJ01,R14188,A+,Sparkles,30k-50k,South Zone,1,2025,RING,1
NANDI JEWELLERS,NJ01,R14193,A+,Sparkles,30k-50k,South Zone,2,2026,RING,1
NANDI JEWELLERS,NJ01,R14245,A+,Sparkles,30k-50k,South Zone,11,2025,RING,1
NANDI JEWELLERS,NJ01,R14336,A+,Sparkles,Less Then 30k,South Zone,4,2025,RING,1
NANDI JEWELLERS,NJ01,R14354,A+,Sparkles,Less Then 30k,South Zone,8,2025,RING,1
NANDI JEWELLERS,NJ01,R14445,A+,Sparkles,Less Then 30k,South Zone,8,2025,RING,1
NANDI JEWELLERS,NJ01,R14446,A+,Sparkles,30k-50k,South Zone,4,2026,RING,1
NANDI JEWELLERS,NJ01,R14474,A+,Sparkles,30k-50k,South Zone,2,2026,RING,1
NANDI JEWELLERS,NJ01,R14639,A+,Sparkles,30k-50k,South Zone,11,2025,RING,1
NANDI JEWELLERS,NJ01,R14681,A+,Sparkles,30k-50k,South Zone,1,2026,RING,1
NANDI JEWELLERS,NJ01,R14681,A+,Sparkles,30k-50k,South Zone,12,2025,RING,1
NANDI JEWELLERS,NJ01,R14780,A+,Sparkles,30k-50k,South Zone,1,2026,RING,1
NANDI JEWELLERS,NJ01,R14934,A+,Sparkles,Less Then 30k,South Zone,2,2026,RING,1
NANDI JEWELLERS,NJ01,R2767,A+,Sparkles,50k-75k,South Zone,2,2025,RING,1
NANDI JEWELLERS,NJ01,R2805,A+,Sparkles,30k-50k,South Zone,11,2025,RING,1
NANDI JEWELLERS,NJ01,R4781,A+,Sparkles,Less Then 30k,South Zone,7,2025,RING,1
NANDI JEWELLERS,NJ01,R5266,A+,Sparkles,30k-50k,South Zone,7,2025,RING,1
NANDI JEWELLERS,NJ01,R9019,A+,Sparkles,30k-50k,South Zone,1,2025,RING,1
NANDI JEWELLERS,NJ01,R9063,A+,Sparkles,Less Then 30k,South Zone,4,2025,RING,1
NANDI JEWELLERS,NJ01,R9063,A+,Sparkles,Less Then 30k,South Zone,8,2025,RING,1
NANDI JEWELLERS,NJ01,R9361,A+,Sparkles,30k-50k,South Zone,12,2025,RING,1
NANDI JEWELLERS,NJ01,R9660,A+,Sparkles,30k-50k,South Zone,3,2025,RING,1
NANDI JEWELLERS,NJ01,RN14824,A+,Sparkles,Less Then 30k,South Zone,11,2025,RING,1
NANDI JEWELLERS,NJ01,RN14825,A+,Sparkles,Less Then 30k,South Zone,4,2026,RING,1
NANDI JEWELLERS,NJ01,RN14826,A+,Sparkles,Less Then 30k,South Zone,1,2026,RING,1
NANDI JEWELLERS,NJ01,RN14828,A+,Sparkles,Less Then 30k,South Zone,4,2026,RING,1
NANDI JEWELLERS,NJ01,RN14829,A+,Sparkles,Less Then 30k,South Zone,2,2026,RING,1
NANDI JEWELLERS,NJ01,RN14830,A+,Sparkles,Less Then 30k,South Zone,4,2026,RING,1
NANDI JEWELLERS,NJ01,RN14831,A+,Sparkles,Less Then 30k,South Zone,12,2025,RING,1
NANDI JEWELLERS,NJ01,RN14832,A+,Sparkles,Less Then 30k,South Zone,9,2025,RING,1
NANDI JEWELLERS,NJ01,RN14835,A+,Sparkles,Less Then 30k,South Zone,5,2026,RING,1
NANDI JEWELLERS,NJ01,RN20404,A+,Sparkles,Less Then 30k,South Zone,5,2026,RING,1
NANDI JEWELLERS,NJ01,RN20407,A+,Sparkles,Less Then 30k,South Zone,5,2026,RING,1
NANDI JEWELLERS,NJ01,RN20407,A+,Sparkles,Less Then 30k,South Zone,12,2025,RING,2
NANDI JEWELLERS,NJ01,RN20409,A+,Sparkles,Less Then 30k,South Zone,1,2026,RING,1
NANDI JEWELLERS,NJ01,SMNP522,A+,Sparkles,Less Then 30k,South Zone,6,2025,NOSE PIN,1
NANDI JEWELLERS,NJ01,SMNP522,A+,Sparkles,Less Then 30k,South Zone,7,2025,NOSE PIN,1
NANDI JEWELLERS,NJ01,SMNP537,A+,Sparkles,Less Then 30k,South Zone,2,2026,NOSE PIN,2
NANDI JEWELLERS,NJ01,SMNP537,A+,Sparkles,Less Then 30k,South Zone,3,2026,NOSE PIN,2
NANDI JEWELLERS,NJ01,SMNP537,A+,Sparkles,Less Then 30k,South Zone,5,2026,NOSE PIN,2
NANDI JEWELLERS,NJ01,SMNP537,A+,Sparkles,Less Then 30k,South Zone,7,2025,NOSE PIN,1
NANDI JEWELLERS,NJ01,SWR7092,A+,Sparkles,30k-50k,South Zone,1,2026,RING,1
NANDI JEWELLERS,NJ01,T10547,A+,Sparkles,Less Then 30k,South Zone,6,2025,EARRING,1
NANDI JEWELLERS,NJ01,T11656,A+,Sparkles,50k-75k,South Zone,11,2025,EARRING,1
NANDI JEWELLERS,NJ01,T12573,A+,Sparkles,Less Then 30k,South Zone,12,2025,EARRING,1
NANDI JEWELLERS,NJ01,T13683,A+,Sparkles,30k-50k,South Zone,5,2025,EARRING,1
NANDI JEWELLERS,NJ01,T13924,A+,Sparkles,Less Then 30k,South Zone,1,2025,EARRING,1
NANDI JEWELLERS,NJ01,T13930,A+,Sparkles,30k-50k,South Zone,9,2025,EARRING,1
NANDI JEWELLERS,NJ01,T14313,A+,Sparkles,30k-50k,South Zone,11,2025,EARRING,1
NANDI JEWELLERS,NJ01,T14446,A+,Sparkles,30k-50k,South Zone,3,2025,EARRING,1
NANDI JEWELLERS,NJ01,T14703,A+,Sparkles,30k-50k,South Zone,5,2025,EARRING,1
NANDI JEWELLERS,NJ01,T1710,A+,Sparkles,Less Then 30k,South Zone,11,2025,EARRING,1
NANDI JEWELLERS,NJ01,T17663,A+,Sparkles,30k-50k,South Zone,5,2025,EARRING,1
NANDI JEWELLERS,NJ01,T17797,A+,Sparkles,30k-50k,South Zone,11,2024,EARRING,1
NANDI JEWELLERS,NJ01,T18129,A+,Sparkles,30k-50k,South Zone,7,2025,EARRING,1
NANDI JEWELLERS,NJ01,T18251,A+,Sparkles,30k-50k,South Zone,5,2025,EARRING,1
NANDI JEWELLERS,NJ01,T18553,A+,Sparkles,30k-50k,South Zone,12,2024,EARRING,1
NANDI JEWELLERS,NJ01,T18555,A+,Sparkles,Less Then 30k,South Zone,1,2026,EARRING,1
NANDI JEWELLERS,NJ01,T18555,A+,Sparkles,Less Then 30k,South Zone,3,2026,EARRING,1
NANDI JEWELLERS,NJ01,T18555,A+,Sparkles,Less Then 30k,South Zone,9,2025,EARRING,1
NANDI JEWELLERS,NJ01,T18555,A+,Sparkles,Less Then 30k,South Zone,11,2024,EARRING,1
NANDI JEWELLERS,NJ01,T18555,A+,Sparkles,Less Then 30k,South Zone,11,2025,EARRING,1
NANDI JEWELLERS,NJ01,T18658,A+,Sparkles,30k-50k,South Zone,2,2026,EARRING,1
NANDI JEWELLERS,NJ01,T18660,A+,Sparkles,30k-50k,South Zone,11,2025,EARRING,1
NANDI JEWELLERS,NJ01,T18661,A+,Sparkles,30k-50k,South Zone,1,2026,EARRING,1
NANDI JEWELLERS,NJ01,T18661,A+,Sparkles,30k-50k,South Zone,7,2025,EARRING,2
NANDI JEWELLERS,NJ01,T18662,A+,Sparkles,50k-75k,South Zone,1,2026,EARRING,1
NANDI JEWELLERS,NJ01,T18663,A+,Sparkles,30k-50k,South Zone,6,2025,EARRING,1
NANDI JEWELLERS,NJ01,T18663,A+,Sparkles,50k-75k,South Zone,9,2025,EARRING,1
NANDI JEWELLERS,NJ01,T18664,A+,Sparkles,30k-50k,South Zone,2,2025,EARRING,1
NANDI JEWELLERS,NJ01,T18664,A+,Sparkles,30k-50k,South Zone,11,2025,EARRING,1
NANDI JEWELLERS,NJ01,T18664,A+,Sparkles,30k-50k,South Zone,12,2024,EARRING,1
NANDI JEWELLERS,NJ01,T18665,A+,Sparkles,Less Then 30k,South Zone,1,2025,EARRING,1
NANDI JEWELLERS,NJ01,T18665,A+,Sparkles,Less Then 30k,South Zone,4,2026,EARRING,1
NANDI JEWELLERS,NJ01,T18665,A+,Sparkles,Less Then 30k,South Zone,11,2024,EARRING,1
NANDI JEWELLERS,NJ01,T18665,A+,Sparkles,Less Then 30k,South Zone,11,2025,EARRING,1
NANDI JEWELLERS,NJ01,T18665,A+,Sparkles,Less Then 30k,South Zone,12,2025,EARRING,1
NANDI JEWELLERS,NJ01,T18666,A+,Sparkles,Less Then 30k,South Zone,3,2026,EARRING,1
NANDI JEWELLERS,NJ01,T18666,A+,Sparkles,Less Then 30k,South Zone,4,2026,EARRING,1
NANDI JEWELLERS,NJ01,T18666,A+,Sparkles,Less Then 30k,South Zone,5,2025,EARRING,1
NANDI JEWELLERS,NJ01,T18667,A+,Sparkles,Less Then 30k,South Zone,5,2026,EARRING,1
NANDI JEWELLERS,NJ01,T18670,A+,Sparkles,30k-50k,South Zone,5,2026,EARRING,1
NANDI JEWELLERS,NJ01,T18671,A+,Sparkles,30k-50k,South Zone,1,2025,EARRING,1
NANDI JEWELLERS,NJ01,T18671,A+,Sparkles,30k-50k,South Zone,3,2025,EARRING,1
NANDI JEWELLERS,NJ01,T18672,A+,Sparkles,Less Then 30k,South Zone,1,2026,EARRING,1
NANDI JEWELLERS,NJ01,T18678,A+,Sparkles,30k-50k,South Zone,3,2025,EARRING,1
NANDI JEWELLERS,NJ01,T18678,A+,Sparkles,30k-50k,South Zone,9,2025,EARRING,1
NANDI JEWELLERS,NJ01,T18679,A+,Sparkles,30k-50k,South Zone,9,2025,EARRING,1
NANDI JEWELLERS,NJ01,T18679,A+,Sparkles,30k-50k,South Zone,10,2024,EARRING,1
NANDI JEWELLERS,NJ01,T19011,A+,Sparkles,30k-50k,South Zone,4,2026,EARRING,1
NANDI JEWELLERS,NJ01,T19011,A+,Sparkles,50k-75k,South Zone,11,2024,EARRING,1
NANDI JEWELLERS,NJ01,T19016,A+,Sparkles,30k-50k,South Zone,3,2025,EARRING,1
NANDI JEWELLERS,NJ01,T19017,A+,Sparkles,30k-50k,South Zone,1,2026,EARRING,1
NANDI JEWELLERS,NJ01,T19019,A+,Sparkles,30k-50k,South Zone,3,2025,EARRING,1
NANDI JEWELLERS,NJ01,T19020,A+,Sparkles,75k-100k,South Zone,5,2026,EARRING,1
NANDI JEWELLERS,NJ01,T19022,A+,Sparkles,30k-50k,South Zone,2,2025,EARRING,1
NANDI JEWELLERS,NJ01,T19032,A+,Sparkles,75k-100k,South Zone,5,2025,EARRING,1
NANDI JEWELLERS,NJ01,T19034,A+,Sparkles,30k-50k,South Zone,2,2026,EARRING,1
NANDI JEWELLERS,NJ01,T19034,A+,Sparkles,30k-50k,South Zone,4,2025,EARRING,1
NANDI JEWELLERS,NJ01,T19034,A+,Sparkles,30k-50k,South Zone,8,2025,EARRING,1
NANDI JEWELLERS,NJ01,T19043,A+,Sparkles,30k-50k,South Zone,11,2025,EARRING,1
NANDI JEWELLERS,NJ01,T19047,A+,Sparkles,Less Then 30k,South Zone,2,2025,EARRING,1
NANDI JEWELLERS,NJ01,T19047,A+,Sparkles,Less Then 30k,South Zone,2,2026,EARRING,1
NANDI JEWELLERS,NJ01,T19047,A+,Sparkles,Less Then 30k,South Zone,12,2025,EARRING,1
NANDI JEWELLERS,NJ01,T19048,A+,Sparkles,50k-75k,South Zone,3,2025,EARRING,1
NANDI JEWELLERS,NJ01,T19049,A+,Sparkles,50k-75k,South Zone,4,2026,EARRING,1
NANDI JEWELLERS,NJ01,T19049,A+,Sparkles,75k-100k,South Zone,12,2025,EARRING,1
NANDI JEWELLERS,NJ01,T19050,A+,Sparkles,30k-50k,South Zone,7,2025,EARRING,1
NANDI JEWELLERS,NJ01,T19050,A+,Sparkles,Less Then 30k,South Zone,4,2025,EARRING,1
NANDI JEWELLERS,NJ01,T19050,A+,Sparkles,Less Then 30k,South Zone,4,2026,EARRING,1
NANDI JEWELLERS,NJ01,T19071,A+,Sparkles,30k-50k,South Zone,4,2025,EARRING,1
NANDI JEWELLERS,NJ01,T19088,A+,Sparkles,50k-75k,South Zone,7,2025,EARRING,2
NANDI JEWELLERS,NJ01,T19098,A+,Sparkles,Less Then 30k,South Zone,6,2025,EARRING,1
NANDI JEWELLERS,NJ01,T19099,A+,Sparkles,30k-50k,South Zone,2,2026,EARRING,1
NANDI JEWELLERS,NJ01,T19099,A+,Sparkles,30k-50k,South Zone,3,2026,EARRING,1
NANDI JEWELLERS,NJ01,T19115,A+,Sparkles,Less Then 30k,South Zone,1,2026,EARRING,1
NANDI JEWELLERS,NJ01,T19115,A+,Sparkles,Less Then 30k,South Zone,2,2026,EARRING,1
NANDI JEWELLERS,NJ01,T19118,A+,Sparkles,30k-50k,South Zone,11,2025,EARRING,1
NANDI JEWELLERS,NJ01,T19120,A+,Sparkles,Less Then 30k,South Zone,6,2025,EARRING,1
NANDI JEWELLERS,NJ01,T19122,A+,Sparkles,30k-50k,South Zone,3,2025,EARRING,1
NANDI JEWELLERS,NJ01,T19139,A+,Sparkles,30k-50k,South Zone,4,2026,EARRING,1
NANDI JEWELLERS,NJ01,T19170,A+,Sparkles,30k-50k,South Zone,12,2025,EARRING,1
NANDI JEWELLERS,NJ01,T19173,A+,Sparkles,30k-50k,South Zone,1,2026,EARRING,1
NANDI JEWELLERS,NJ01,T19175,A+,Sparkles,30k-50k,South Zone,11,2025,EARRING,1
NANDI JEWELLERS,NJ01,T19178,A+,Sparkles,30k-50k,South Zone,11,2025,EARRING,1
NANDI JEWELLERS,NJ01,T19179,A+,Sparkles,30k-50k,South Zone,8,2025,EARRING,1
NANDI JEWELLERS,NJ01,T19183,A+,Sparkles,Less Then 30k,South Zone,11,2025,EARRING,1
NANDI JEWELLERS,NJ01,T19188,A+,Sparkles,Less Then 30k,South Zone,9,2025,EARRING,1
NANDI JEWELLERS,NJ01,T19192,A+,Sparkles,30k-50k,South Zone,12,2025,EARRING,1
NANDI JEWELLERS,NJ01,T19203,A+,Sparkles,30k-50k,South Zone,7,2025,EARRING,1
NANDI JEWELLERS,NJ01,T19205,A+,Sparkles,Less Then 30k,South Zone,1,2026,EARRING,1
NANDI JEWELLERS,NJ01,T19212,A+,Sparkles,30k-50k,South Zone,11,2025,EARRING,1
NANDI JEWELLERS,NJ01,T19214,A+,Sparkles,30k-50k,South Zone,7,2025,EARRING,1
NANDI JEWELLERS,NJ01,T19216,A+,Sparkles,50k-75k,South Zone,11,2025,EARRING,1
NANDI JEWELLERS,NJ01,T19238,A+,Sparkles,50k-75k,South Zone,11,2025,EARRING,1
NANDI JEWELLERS,NJ01,T19250,A+,Sparkles,30k-50k,South Zone,12,2025,EARRING,1
NANDI JEWELLERS,NJ01,T19341,A+,Sparkles,Less Then 30k,South Zone,8,2025,EARRING,1
NANDI JEWELLERS,NJ01,T19411,A+,Sparkles,30k-50k,South Zone,7,2025,EARRING,1
NANDI JEWELLERS,NJ01,T19498,A+,Sparkles,50k-75k,South Zone,2,2026,EARRING,1
NANDI JEWELLERS,NJ01,T19643,A+,Sparkles,30k-50k,South Zone,5,2026,EARRING,1
NANDI JEWELLERS,NJ01,T19658,A+,Sparkles,30k-50k,South Zone,2,2026,EARRING,1
NANDI JEWELLERS,NJ01,T19661,A+,Sparkles,30k-50k,South Zone,11,2025,EARRING,1
NANDI JEWELLERS,NJ01,T20028,A+,Sparkles,75k-100k,South Zone,4,2026,EARRING,1
NANDI JEWELLERS,NJ01,T20179,A+,Sparkles,30k-50k,South Zone,8,2025,EARRING,1
NANDI JEWELLERS,NJ01,T20335,A+,Sparkles,30k-50k,South Zone,2,2026,EARRING,1
NANDI JEWELLERS,NJ01,T2291,A+,Sparkles,50k-75k,South Zone,11,2025,EARRING,1
NANDI JEWELLERS,NJ01,T2331,A+,Sparkles,50k-75k,South Zone,4,2026,EARRING,1
NANDI JEWELLERS,NJ01,T2729,A+,Sparkles,Less Then 30k,South Zone,1,2026,EARRING,1
NANDI JEWELLERS,NJ01,T2729,A+,Sparkles,Less Then 30k,South Zone,2,2026,EARRING,1
NANDI JEWELLERS,NJ01,T2729,A+,Sparkles,Less Then 30k,South Zone,5,2026,EARRING,1
NANDI JEWELLERS,NJ01,T2729,A+,Sparkles,Less Then 30k,South Zone,11,2025,EARRING,1
NANDI JEWELLERS,NJ01,T3568,A+,Sparkles,Less Then 30k,South Zone,4,2026,EARRING,1
NANDI JEWELLERS,NJ01,T537,A+,Sparkles,Less Then 30k,South Zone,9,2025,EARRING,1
NANDI JEWELLERS,NJ01,T5663,A+,Sparkles,Less Then 30k,South Zone,11,2025,EARRING,1
NANDI JEWELLERS,NJ01,T6488,A+,Sparkles,Less Then 30k,South Zone,11,2025,EARRING,1
NANDI JEWELLERS,NJ01,T6503,A+,Sparkles,30k-50k,South Zone,1,2026,EARRING,1
NANDI JEWELLERS,NJ01,T6503,A+,Sparkles,30k-50k,South Zone,11,2025,EARRING,1
NANDI JEWELLERS,NJ01,T6549,A+,Sparkles,30k-50k,South Zone,10,2024,EARRING,1
NANDI JEWELLERS,NJ01,T9699,A+,Sparkles,30k-50k,South Zone,4,2025,EARRING,1
NANDI JEWELLERS,NJ01,TN20405,A+,Sparkles,Less Then 30k,South Zone,2,2026,EARRING,1
NANDI JEWELLERS,NJ01,TN20409,A+,Sparkles,30k-50k,South Zone,4,2026,EARRING,1
NANDI JEWELLERS,NJ01,TN20409,A+,Sparkles,Less Then 30k,South Zone,1,2026,EARRING,1
NANDI JEWELLERS,NJ01,TN20410,A+,Sparkles,Less Then 30k,South Zone,11,2025,EARRING,1
NANDI JEWELLERS,NJ01,TNP1879,A+,Sparkles,Less Then 30k,South Zone,1,2026,EARRING,1
NANDI JEWELLERS,NJ01,TNP1882,A+,Sparkles,Less Then 30k,South Zone,1,2026,EARRING,1
NANDI JEWELLERS,NJ01,TNP1883,A+,Sparkles,Less Then 30k,South Zone,11,2025,EARRING,1
NANDI JEWELLERS,NJ01,TNP2231,A+,Sparkles,Less Then 30k,South Zone,4,2026,EARRING,1
NANDI JEWELLERS,NJ01,TNP3261,A+,Sparkles,Less Then 30k,South Zone,12,2025,EARRING,1
NANDI JEWELLERS,NJ01,TR476,A+,Sparkles,30k-50k,South Zone,6,2025,EARRING,1
NEELKANTH JEWELLERS,NEL01,R14511,B,Sparq,7k-10k,West Zone,5,2026,RING,1
NEELKANTH JEWELLERS,NEL01,R4678,B,Sparq,4k-7k,West Zone,5,2026,RING,1
NIKKI JEWELS,NIKI01,RN14829,A,Sparkles,Less Then 30k,South Zone,5,2026,RING,1
Omaxe,OMX01,N19559,A+,Sparkles,50k-75k,North Zone,5,2026,NECKLACE,1
Omaxe,OMX01,N19730,A+,Sparq,Less Then 2k,North Zone,6,2026,NECKLACE,1
Omaxe,OMX01,N19732,A+,Sparq,Less Then 2k,North Zone,6,2026,NECKLACE,1
Omaxe,OMX01,N19745,A+,Sparq,4k-7k,North Zone,5,2026,NECKLACE,1
Omaxe,OMX01,NP20509,A+,Sparq,Less Then 2k,North Zone,6,2026,NOSE PIN,1
Omaxe,OMX01,NP20524,A+,Sparq,2k-4k,North Zone,5,2026,NOSE PIN,1
Omaxe,OMX01,R14770,A+,Sparq,10k-15k,North Zone,5,2026,RING,1
Omaxe,OMX01,RN14784,A+,Sparkles,30k-50k,North Zone,5,2026,RING,1
Omaxe,OMX01,T21957,A+,Sparq,Less Then 2k,North Zone,6,2026,EARRING,2
Omaxe,OMX01,T21958,A+,Sparq,Less Then 2k,North Zone,6,2026,EARRING,1
Omaxe,OMX01,T2729,A+,Sparkles,Less Then 30k,North Zone,5,2026,EARRING,1
PODDAR DIAMOND PVT LTD(SPARKLES) STORE -SALT LAKE,SALT,AFDT1403,A+,Sparkles,100k-150k,East Zone,11,2025,EARRING,1
PODDAR DIAMOND PVT LTD(SPARKLES) STORE -SALT LAKE,SALT,N19610,A+,Sparkles,50k-75k,East Zone,3,2026,NECKLACE,1
PODDAR DIAMOND PVT LTD(SPARKLES) STORE -SALT LAKE,SALT,N19711,A+,Sparkles,50k-75k,East Zone,12,2025,NECKLACE,1
PODDAR DIAMOND PVT LTD(SPARKLES) STORE -SALT LAKE,SALT,N19725,A+,Sparq,7k-10k,East Zone,1,2026,TANMANIYA,1
PODDAR DIAMOND PVT LTD(SPARKLES) STORE -SALT LAKE,SALT,NP10273,A+,Sparkles,Less Then 30k,East Zone,12,2025,NOSE PIN,1
PODDAR DIAMOND PVT LTD(SPARKLES) STORE -SALT LAKE,SALT,NP11010,A+,Sparkles,Less Then 30k,East Zone,1,2026,NOSE PIN,1
PODDAR DIAMOND PVT LTD(SPARKLES) STORE -SALT LAKE,SALT,NP1231,A+,Sparkles,Less Then 30k,East Zone,10,2025,NOSE PIN,1
PODDAR DIAMOND PVT LTD(SPARKLES) STORE -SALT LAKE,SALT,NP1876,A+,Sparkles,Less Then 30k,East Zone,11,2025,NOSE PIN,1
PODDAR DIAMOND PVT LTD(SPARKLES) STORE -SALT LAKE,SALT,NP1877,A+,Sparkles,Less Then 30k,East Zone,1,2026,NOSE PIN,1
PODDAR DIAMOND PVT LTD(SPARKLES) STORE -SALT LAKE,SALT,NP1879,A+,Sparkles,Less Then 30k,East Zone,2,2026,NOSE PIN,1
PODDAR DIAMOND PVT LTD(SPARKLES) STORE -SALT LAKE,SALT,NP1881,A+,Sparkles,Less Then 30k,East Zone,11,2025,NOSE PIN,1
PODDAR DIAMOND PVT LTD(SPARKLES) STORE -SALT LAKE,SALT,NP1882,A+,Sparkles,Less Then 30k,East Zone,5,2026,NOSE PIN,1
PODDAR DIAMOND PVT LTD(SPARKLES) STORE -SALT LAKE,SALT,NP3283,A+,Sparkles,Less Then 30k,East Zone,9,2025,NOSE PIN,1
PODDAR DIAMOND PVT LTD(SPARKLES) STORE -SALT LAKE,SALT,NP7231,A+,Sparkles,Less Then 30k,East Zone,11,2025,NOSE PIN,1
PODDAR DIAMOND PVT LTD(SPARKLES) STORE -SALT LAKE,SALT,NP7951,A+,Sparq,Less Then 2k,East Zone,1,2026,NOSE PIN,1
PODDAR DIAMOND PVT LTD(SPARKLES) STORE -SALT LAKE,SALT,P20115,A+,Sparq,15k-25k,East Zone,1,2026,PENDANT,1
PODDAR DIAMOND PVT LTD(SPARKLES) STORE -SALT LAKE,SALT,P20264,A+,Sparq,15k-25k,East Zone,5,2026,PENDANT,1
PODDAR DIAMOND PVT LTD(SPARKLES) STORE -SALT LAKE,SALT,P20283,A+,Sparq,10k-15k,East Zone,12,2025,PENDANT,1
PODDAR DIAMOND PVT LTD(SPARKLES) STORE -SALT LAKE,SALT,P20303,A+,Sparq,4k-7k,East Zone,1,2026,PENDANT,1
PODDAR DIAMOND PVT LTD(SPARKLES) STORE -SALT LAKE,SALT,P20304,A+,Sparq,7k-10k,East Zone,1,2026,PENDANT,1
PODDAR DIAMOND PVT LTD(SPARKLES) STORE -SALT LAKE,SALT,R11842,A+,Sparkles,50k-75k,East Zone,12,2025,RING,1
PODDAR DIAMOND PVT LTD(SPARKLES) STORE -SALT LAKE,SALT,R14194,A+,Sparkles,30k-50k,East Zone,3,2026,RING,1
PODDAR DIAMOND PVT LTD(SPARKLES) STORE -SALT LAKE,SALT,R14445,A+,Sparkles,30k-50k,East Zone,3,2026,RING,1
PODDAR DIAMOND PVT LTD(SPARKLES) STORE -SALT LAKE,SALT,R14517,A+,Sparq,7k-10k,East Zone,1,2026,RING,1
PODDAR DIAMOND PVT LTD(SPARKLES) STORE -SALT LAKE,SALT,R14528,A+,Sparq,15k-25k,East Zone,1,2026,RING,1
PODDAR DIAMOND PVT LTD(SPARKLES) STORE -SALT LAKE,SALT,R14532,A+,Sparq,10k-15k,East Zone,11,2025,RING,1
PODDAR DIAMOND PVT LTD(SPARKLES) STORE -SALT LAKE,SALT,R14541,A+,Sparq,15k-25k,East Zone,5,2026,RING,1
PODDAR DIAMOND PVT LTD(SPARKLES) STORE -SALT LAKE,SALT,R14552,A+,Sparq,15k-25k,East Zone,3,2026,RING,1
PODDAR DIAMOND PVT LTD(SPARKLES) STORE -SALT LAKE,SALT,R14554,A+,Sparq,10k-15k,East Zone,2,2026,RING,1
PODDAR DIAMOND PVT LTD(SPARKLES) STORE -SALT LAKE,SALT,R14561,A+,Sparq,Above 25k,East Zone,1,2026,RING,1
PODDAR DIAMOND PVT LTD(SPARKLES) STORE -SALT LAKE,SALT,R14659,A+,Sparq,10k-15k,East Zone,1,2026,RING,1
PODDAR DIAMOND PVT LTD(SPARKLES) STORE -SALT LAKE,SALT,R14671,A+,Sparq,4k-7k,East Zone,1,2026,RING,1
PODDAR DIAMOND PVT LTD(SPARKLES) STORE -SALT LAKE,SALT,R14688,A+,Sparq,7k-10k,East Zone,2,2026,RING,1
PODDAR DIAMOND PVT LTD(SPARKLES) STORE -SALT LAKE,SALT,R14690,A+,Sparq,15k-25k,East Zone,2,2026,RING,1
PODDAR DIAMOND PVT LTD(SPARKLES) STORE -SALT LAKE,SALT,R14692,A+,Sparq,10k-15k,East Zone,2,2026,RING,1
PODDAR DIAMOND PVT LTD(SPARKLES) STORE -SALT LAKE,SALT,R14699,A+,Sparq,15k-25k,East Zone,12,2025,RING,1
PODDAR DIAMOND PVT LTD(SPARKLES) STORE -SALT LAKE,SALT,R14702,A+,Sparq,Above 25k,East Zone,2,2026,RING,1
PODDAR DIAMOND PVT LTD(SPARKLES) STORE -SALT LAKE,SALT,R14770,A+,Sparq,10k-15k,East Zone,10,2025,RING,1
PODDAR DIAMOND PVT LTD(SPARKLES) STORE -SALT LAKE,SALT,R14773,A+,Sparq,4k-7k,East Zone,10,2025,RING,1
PODDAR DIAMOND PVT LTD(SPARKLES) STORE -SALT LAKE,SALT,R14773,A+,Sparq,4k-7k,East Zone,11,2025,RING,1
PODDAR DIAMOND PVT LTD(SPARKLES) STORE -SALT LAKE,SALT,R14775,A+,Sparq,7k-10k,East Zone,10,2025,RING,1
PODDAR DIAMOND PVT LTD(SPARKLES) STORE -SALT LAKE,SALT,R15042,A+,Sparq,7k-10k,East Zone,2,2026,RING,1
PODDAR DIAMOND PVT LTD(SPARKLES) STORE -SALT LAKE,SALT,R19656,A+,Sparq,4k-7k,East Zone,10,2025,RING,1
PODDAR DIAMOND PVT LTD(SPARKLES) STORE -SALT LAKE,SALT,R19685,A+,Sparq,10k-15k,East Zone,1,2026,RING,1
PODDAR DIAMOND PVT LTD(SPARKLES) STORE -SALT LAKE,SALT,R19690,A+,Sparq,10k-15k,East Zone,12,2025,RING,1
PODDAR DIAMOND PVT LTD(SPARKLES) STORE -SALT LAKE,SALT,R20236,A+,Sparq,10k-15k,East Zone,4,2026,RING,1
PODDAR DIAMOND PVT LTD(SPARKLES) STORE -SALT LAKE,SALT,R20264,A+,Sparq,10k-15k,East Zone,10,2025,RING,1
PODDAR DIAMOND PVT LTD(SPARKLES) STORE -SALT LAKE,SALT,R4232,A+,Sparq,7k-10k,East Zone,1,2026,RING,1
PODDAR DIAMOND PVT LTD(SPARKLES) STORE -SALT LAKE,SALT,R8858,A+,Sparkles,30k-50k,East Zone,11,2025,RING,1
PODDAR DIAMOND PVT LTD(SPARKLES) STORE -SALT LAKE,SALT,RN14826,A+,Sparkles,Less Then 30k,East Zone,3,2026,RING,1
PODDAR DIAMOND PVT LTD(SPARKLES) STORE -SALT LAKE,SALT,RN14834,A+,Sparkles,Less Then 30k,East Zone,10,2025,RING,1
PODDAR DIAMOND PVT LTD(SPARKLES) STORE -SALT LAKE,SALT,RN20462,A+,Sparq,2k-4k,East Zone,2,2026,RING,1
PODDAR DIAMOND PVT LTD(SPARKLES) STORE -SALT LAKE,SALT,T18030,A+,Sparkles,30k-50k,East Zone,12,2025,EARRING,1
PODDAR DIAMOND PVT LTD(SPARKLES) STORE -SALT LAKE,SALT,T18666,A+,Sparkles,Less Then 30k,East Zone,2,2026,EARRING,1
PODDAR DIAMOND PVT LTD(SPARKLES) STORE -SALT LAKE,SALT,T18667,A+,Sparkles,Less Then 30k,East Zone,4,2026,EARRING,1
PODDAR DIAMOND PVT LTD(SPARKLES) STORE -SALT LAKE,SALT,T19005,A+,Sparkles,75k-100k,East Zone,2,2026,EARRING,1
PODDAR DIAMOND PVT LTD(SPARKLES) STORE -SALT LAKE,SALT,T19260,A+,Sparq,Above 25k,East Zone,1,2026,EARRING,1
PODDAR DIAMOND PVT LTD(SPARKLES) STORE -SALT LAKE,SALT,T19344,A+,Sparq,Above 25k,East Zone,10,2025,EARRING,1
PODDAR DIAMOND PVT LTD(SPARKLES) STORE -SALT LAKE,SALT,T19345,A+,Sparq,7k-10k,East Zone,1,2026,EARRING,1
PODDAR DIAMOND PVT LTD(SPARKLES) STORE -SALT LAKE,SALT,T19436,A+,Sparq,15k-25k,East Zone,12,2025,EARRING,1
PODDAR DIAMOND PVT LTD(SPARKLES) STORE -SALT LAKE,SALT,T19678,A+,Sparq,15k-25k,East Zone,10,2025,EARRING,1
PODDAR DIAMOND PVT LTD(SPARKLES) STORE -SALT LAKE,SALT,T19720,A+,Sparq,4k-7k,East Zone,1,2026,EARRING,1
PODDAR DIAMOND PVT LTD(SPARKLES) STORE -SALT LAKE,SALT,T19720,A+,Sparq,Less Then 2k,East Zone,12,2025,EARRING,1
PODDAR DIAMOND PVT LTD(SPARKLES) STORE -SALT LAKE,SALT,T20304,A+,Sparq,4k-7k,East Zone,1,2026,EARRING,1
PODDAR DIAMOND PVT LTD(SPARKLES) STORE -SALT LAKE,SALT,T20313,A+,Sparkles,30k-50k,East Zone,1,2026,EARRING,1
PODDAR DIAMOND PVT LTD(SPARKLES) STORE -SALT LAKE,SALT,TN20452,A+,Sparq,2k-4k,East Zone,1,2026,EARRING,1
PODDAR DIAMOND PVT LTD(SPARKLES) STORE -SALT LAKE,SALT,TN20462,A+,Sparq,2k-4k,East Zone,1,2026,EARRING,1
PODDAR DIAMOND PVT LTD(SPARKLES) STORE -SALT LAKE,SALT,TN20464,A+,Sparq,2k-4k,East Zone,1,2026,EARRING,1
PODDAR DIAMOND PVT LTD(SPARKLES) STORE -SALT LAKE,SALT,TN20470,A+,Sparq,2k-4k,East Zone,1,2026,EARRING,1
PODDAR DIAMOND PVT LTD(SPARKLES) STORE -SALT LAKE,SALT,TNP1754,A+,Sparkles,Less Then 30k,East Zone,12,2025,EARRING,1
PODDAR DIAMOND PVT LTD(SPARKLES) STORE -SALT LAKE,SALT,TNP1883,A+,Sparkles,Less Then 30k,East Zone,2,2026,EARRING,1
PODDAR DIAMOND PVT LTD(SPARKLES) STORE -SALT LAKE,SALT,TNP2231,A+,Sparkles,Less Then 30k,East Zone,12,2025,EARRING,1
PODDAR DIAMOND PVT LTD(SPARKLES) STORE -SALT LAKE,SALT,TNP6365,A+,Sparkles,Less Then 30k,East Zone,11,2025,NOSE PIN,1
PODDAR DIAMOND PVT LTD(SPARKLES) STORE -SALT LAKE,SALT,TNP7231,A+,Sparkles,Less Then 30k,East Zone,12,2025,EARRING,1
RUSHABH JEWELLERS,RUSH1,AFDT1410,B,Sparkles,Less Then 30k,South Zone,4,2026,EARRING,1
RUSHABH JEWELLERS,RUSH1,T14446,B,Sparkles,30k-50k,South Zone,4,2026,EARRING,1
SANSAR GOLD -1 - Kolkata,SANG1,NP1487,B,Sparq,Less Then 2k,East Zone,5,2026,NOSE PIN,1
SANSAR GOLD -1 - Kolkata,SANG1,NP1878,B,Sparkles,Less Then 30k,East Zone,3,2026,NOSE PIN,1
SANSAR GOLD -1 - Kolkata,SANG1,NP550,B,Sparq,Less Then 2k,East Zone,5,2026,NOSE PIN,1
SANSAR GOLD -1 - Kolkata,SANG1,NPA1754,B,Sparkles,Less Then 30k,East Zone,4,2026,NOSE PIN,1
SANSAR GOLD -1 - Kolkata,SANG1,R14749,B,Sparkles,Less Then 30k,East Zone,5,2026,RING,1
SANSAR GOLD -1 - Kolkata,SANG1,RN14835,B,Sparkles,Less Then 30k,East Zone,3,2026,RING,1
SANSAR GOLD -1 - Kolkata,SANG1,SMNP537,B,Sparkles,Less Then 30k,East Zone,5,2026,NOSE PIN,1
SANSAR GOLD -2 - Kolkata,SANG2,NP11014,B,Sparkles,Less Then 30k,East Zone,3,2026,NOSE PIN,1
SANSAR GOLD -2 - Kolkata,SANG2,T23052,B,Sparq,7k-10k,East Zone,5,2026,EARRING,1
SAROJ JEWELLERS -2,SJ03,N19688,B,Sparkles,30k-50k,North Zone,12,2025,NECKLACE,1
SAROJ JEWELLERS -2,SJ03,N19703,B,Sparq,4k-7k,North Zone,12,2025,NECKLACE,1
SAROJ JEWELLERS -2,SJ03,NP1488,B,Sparkles,Less Then 30k,North Zone,11,2025,NOSE PIN,1
SAROJ JEWELLERS -2,SJ03,NP1882,B,Sparkles,Less Then 30k,North Zone,1,2026,NOSE PIN,1
SAROJ JEWELLERS -2,SJ03,NP20505,B,Sparkles,Less Then 30k,North Zone,4,2026,NOSE PIN,1
SAROJ JEWELLERS -2,SJ03,NP20529,B,Sparq,Less Then 2k,North Zone,2,2026,NOSE PIN,2
SAROJ JEWELLERS -2,SJ03,NP20529,B,Sparq,Less Then 2k,North Zone,3,2026,NOSE PIN,6
SAROJ JEWELLERS -2,SJ03,NP273,B,Sparkles,Less Then 30k,North Zone,12,2025,NOSE PIN,1
SAROJ JEWELLERS -2,SJ03,NP8516,B,Sparkles,Less Then 30k,North Zone,4,2026,NOSE PIN,1
SAROJ JEWELLERS -2,SJ03,P20001,B,Sparkles,30k-50k,North Zone,2,2026,PENDANT,1
SAROJ JEWELLERS -2,SJ03,P20230,B,Sparq,15k-25k,North Zone,11,2025,PENDANT,1
SAROJ JEWELLERS -2,SJ03,R14521,B,Sparq,15k-25k,North Zone,2,2026,RING,1
SAROJ JEWELLERS -2,SJ03,R14659,B,Sparq,10k-15k,North Zone,12,2025,RING,1
SAROJ JEWELLERS -2,SJ03,R14692,B,Sparq,7k-10k,North Zone,12,2025,RING,1
SAROJ JEWELLERS -2,SJ03,R14700,B,Sparq,15k-25k,North Zone,11,2025,RING,1
SAROJ JEWELLERS -2,SJ03,R14915,B,Sparkles,Less Then 30k,North Zone,11,2025,RING,1
SAROJ JEWELLERS -2,SJ03,R8556,B,Sparq,10k-15k,North Zone,2,2026,RING,1
SAROJ JEWELLERS -2,SJ03,T19265,B,Sparq,15k-25k,North Zone,2,2026,EARRING,1
SAROJ JEWELLERS -2,SJ03,T19272,B,Sparq,7k-10k,North Zone,11,2025,EARRING,1
SAROJ JEWELLERS -2,SJ03,T19336,B,Sparq,Above 25k,North Zone,3,2026,EARRING,1
SAROJ JEWELLERS -2,SJ03,T6549,B,Sparkles,30k-50k,North Zone,2,2026,EARRING,1
SAROJ JEWELLERS -2,SJ03,TNP1879,B,Sparkles,Less Then 30k,North Zone,12,2025,EARRING,1
SHIV SHUBHAM JEWELLERS -Chandivali,SHIV01,CHAIN1,B,Sparq,2k-4k,West Zone,1,2026,CHAIN,2
SHIV SHUBHAM JEWELLERS -Chandivali,SHIV01,NP1102,B,Sparkles,Less Then 30k,West Zone,5,2026,NOSE PIN,1
SHIV SHUBHAM JEWELLERS -Chandivali,SHIV01,NP12432,B,Sparkles,Less Then 30k,West Zone,3,2026,NOSE PIN,1
SHIV SHUBHAM JEWELLERS -Chandivali,SHIV01,NP1876,B,Sparkles,Less Then 30k,West Zone,5,2026,NOSE PIN,1
SHIV SHUBHAM JEWELLERS -Chandivali,SHIV01,NP1882,B,Sparq,2k-4k,West Zone,2,2026,NOSE PIN,2
SHIV SHUBHAM JEWELLERS -Chandivali,SHIV01,NP20502,B,Sparkles,Less Then 30k,West Zone,5,2026,NOSE PIN,1
SHIV SHUBHAM JEWELLERS -Chandivali,SHIV01,NP20524,B,Sparkles,Less Then 30k,West Zone,5,2026,NOSE PIN,1
SHIV SHUBHAM JEWELLERS -Chandivali,SHIV01,NP2432,B,Sparkles,Less Then 30k,West Zone,3,2026,NOSE PIN,1
SHIV SHUBHAM JEWELLERS -Chandivali,SHIV01,NP2432,B,Sparkles,Less Then 30k,West Zone,5,2026,NOSE PIN,1
SHIV SHUBHAM JEWELLERS -Chandivali,SHIV01,NP5231,B,Sparkles,Less Then 30k,West Zone,5,2026,NOSE PIN,1
SHIV SHUBHAM JEWELLERS -Chandivali,SHIV01,NP537,B,Sparkles,Less Then 30k,West Zone,3,2026,NOSE PIN,1
SHIV SHUBHAM JEWELLERS -Chandivali,SHIV01,NP544,B,Sparkles,Less Then 30k,West Zone,5,2026,NOSE PIN,1
SHIV SHUBHAM JEWELLERS -Chandivali,SHIV01,NP7950,B,Sparkles,Less Then 30k,West Zone,5,2026,NOSE PIN,1
SHIV SHUBHAM JEWELLERS -Chandivali,SHIV01,NP8516,B,Sparkles,Less Then 30k,West Zone,1,2026,NOSE PIN,2
SHIV SHUBHAM JEWELLERS -Chandivali,SHIV01,P20117,B,Sparq,10k-15k,West Zone,1,2026,PENDANT,1
SHIV SHUBHAM JEWELLERS -Chandivali,SHIV01,P20301,B,Sparq,2k-4k,West Zone,1,2026,PENDANT,1
SHIV SHUBHAM JEWELLERS -Chandivali,SHIV01,P22001,B,Sparq,Less Then 2k,West Zone,2,2026,PENDANT,1
SHIV SHUBHAM JEWELLERS -Chandivali,SHIV01,PN20407,B,Sparkles,Less Then 30k,West Zone,1,2026,PENDANT,1
SHIV SHUBHAM JEWELLERS -Chandivali,SHIV01,R10705,B,Sparkles,30k-50k,West Zone,5,2026,RING,1
SHIV SHUBHAM JEWELLERS -Chandivali,SHIV01,R10830,B,Sparkles,Less Then 30k,West Zone,1,2026,RING,1
SHIV SHUBHAM JEWELLERS -Chandivali,SHIV01,R14307,B,Sparkles,30k-50k,West Zone,1,2026,RING,1
SHIV SHUBHAM JEWELLERS -Chandivali,SHIV01,R14608,B,Sparkles,30k-50k,West Zone,5,2026,RING,1
SHIV SHUBHAM JEWELLERS -Chandivali,SHIV01,R14631,B,Sparkles,30k-50k,West Zone,2,2026,RING,1
SHIV SHUBHAM JEWELLERS -Chandivali,SHIV01,R14686,B,Sparkles,30k-50k,West Zone,1,2026,RING,1
SHIV SHUBHAM JEWELLERS -Chandivali,SHIV01,R14737,B,Sparkles,50k-75k,West Zone,1,2026,RING,1
SHIV SHUBHAM JEWELLERS -Chandivali,SHIV01,R9063,B,Sparkles,Less Then 30k,West Zone,5,2026,RING,1
SHIV SHUBHAM JEWELLERS -Chandivali,SHIV01,SMNP522,B,Sparkles,Less Then 30k,West Zone,5,2026,NOSE PIN,1
SHIV SHUBHAM JEWELLERS -Chandivali,SHIV01,SMNP526,B,Sparkles,Less Then 30k,West Zone,3,2026,NOSE PIN,1
SHIV SHUBHAM JEWELLERS -Chandivali,SHIV01,T14338,B,Sparkles,30k-50k,West Zone,5,2026,EARRING,1
SHIV SHUBHAM JEWELLERS -Chandivali,SHIV01,T18544,B,Sparkles,Less Then 30k,West Zone,2,2026,EARRING,1
SHIV SHUBHAM JEWELLERS -Chandivali,SHIV01,T19115,B,Sparkles,Less Then 30k,West Zone,2,2026,EARRING,1
SHIV SHUBHAM JEWELLERS -Chandivali,SHIV01,T19120,B,Sparkles,Less Then 30k,West Zone,5,2026,EARRING,1
SHIV SHUBHAM JEWELLERS -Chandivali,SHIV01,T20264,B,Sparq,15k-25k,West Zone,1,2026,EARRING,1
SHIV SHUBHAM JEWELLERS -Chandivali,SHIV01,T5663,B,Sparkles,Less Then 30k,West Zone,3,2026,EARRING,1
SHIV SHUBHAM JEWELLERS -Chandivali,SHIV01,T5663,B,Sparkles,Less Then 30k,West Zone,5,2026,EARRING,1
SHIV SHUBHAM JEWELLERS -Chandivali,SHIV01,TNP1883,B,Sparkles,Less Then 30k,West Zone,5,2026,EARRING,1
SHIV SHUBHAM JEWELLERS -Powai,SHIV02,N14448,A,Sparkles,75k-100k,West Zone,3,2026,NECKLACE,1
SHIV SHUBHAM JEWELLERS -Powai,SHIV02,NP1873,A,Sparkles,Less Then 30k,West Zone,2,2026,NOSE PIN,1
SHIV SHUBHAM JEWELLERS -Powai,SHIV02,NP1877,A,Sparkles,Less Then 30k,West Zone,2,2026,NOSE PIN,1
SHIV SHUBHAM JEWELLERS -Powai,SHIV02,NP20504,A,Sparkles,Less Then 30k,West Zone,2,2026,NOSE PIN,1
SHIV SHUBHAM JEWELLERS -Powai,SHIV02,NP20525,A,Sparkles,Less Then 30k,West Zone,5,2026,NOSE PIN,1
SHIV SHUBHAM JEWELLERS -Powai,SHIV02,NP21754,A,Sparkles,Less Then 30k,West Zone,5,2026,NOSE PIN,1
SHIV SHUBHAM JEWELLERS -Powai,SHIV02,NP516,A,Sparkles,Less Then 30k,West Zone,3,2026,NOSE PIN,1
SHIV SHUBHAM JEWELLERS -Powai,SHIV02,NP5231,A,Sparkles,Less Then 30k,West Zone,1,2026,NOSE PIN,1
SHIV SHUBHAM JEWELLERS -Powai,SHIV02,NP7950,A,Sparkles,Less Then 30k,West Zone,5,2026,NOSE PIN,1
SHIV SHUBHAM JEWELLERS -Powai,SHIV02,NP8514,A,Sparkles,Less Then 30k,West Zone,5,2026,NOSE PIN,1
SHIV SHUBHAM JEWELLERS -Powai,SHIV02,R10141,A,Sparkles,50k-75k,West Zone,3,2026,RING,1
SHIV SHUBHAM JEWELLERS -Powai,SHIV02,R13577,A,Sparkles,50k-75k,West Zone,5,2026,RING,1
SHIV SHUBHAM JEWELLERS -Powai,SHIV02,R14178,A,Sparkles,50k-75k,West Zone,3,2026,RING,1
SHIV SHUBHAM JEWELLERS -Powai,SHIV02,R14523,A,Sparq,15k-25k,West Zone,1,2026,RING,1
SHIV SHUBHAM JEWELLERS -Powai,SHIV02,R14753,A,Sparkles,Less Then 30k,West Zone,5,2026,RING,1
SHIV SHUBHAM JEWELLERS -Powai,SHIV02,T18663,A,Sparkles,50k-75k,West Zone,2,2026,EARRING,1
SHIV SHUBHAM JEWELLERS -Powai,SHIV02,T6503,A,Sparkles,30k-50k,West Zone,3,2026,EARRING,1
SHOPPER'S STOP GVK,AS49,AFDT1401,A,Sparkles,75k-100k,South Zone,11,2025,EARRING,1
SHOPPER'S STOP GVK,AS49,BR20603,A,Sparkles,100k-150k,South Zone,8,2025,BRACELET,1
SHOPPER'S STOP GVK,AS49,N19505,A,Sparkles,Less Then 30k,South Zone,3,2026,NECKLACE,1
SHOPPER'S STOP GVK,AS49,NP11010,A,Sparkles,Less Then 30k,South Zone,3,2026,NOSE PIN,1
SHOPPER'S STOP GVK,AS49,NP11014,A,Sparkles,Less Then 30k,South Zone,1,2026,NOSE PIN,1
SHOPPER'S STOP GVK,AS49,NP11014,A,Sparkles,Less Then 30k,South Zone,2,2026,NOSE PIN,1
SHOPPER'S STOP GVK,AS49,NP1488,A,Sparkles,Less Then 30k,South Zone,9,2025,NOSE PIN,1
SHOPPER'S STOP GVK,AS49,NP14926,A,Sparq,Less Then 2k,South Zone,4,2026,NOSE PIN,2
SHOPPER'S STOP GVK,AS49,NP1495,A,Sparkles,Less Then 30k,South Zone,8,2019,NOSE PIN,1
SHOPPER'S STOP GVK,AS49,NP1754,A,Sparkles,Less Then 30k,South Zone,5,2025,NOSE PIN,1
SHOPPER'S STOP GVK,AS49,NP1876,A,Sparkles,Less Then 30k,South Zone,3,2026,NOSE PIN,1
SHOPPER'S STOP GVK,AS49,NP1883,A,Sparkles,Less Then 30k,South Zone,3,2026,NOSE PIN,1
SHOPPER'S STOP GVK,AS49,NP1883,A,Sparkles,Less Then 30k,South Zone,5,2025,NOSE PIN,1
SHOPPER'S STOP GVK,AS49,NP1884,A,Sparkles,Less Then 30k,South Zone,3,2026,NOSE PIN,1
SHOPPER'S STOP GVK,AS49,NP20512,A,Sparkles,30k-50k,South Zone,11,2025,NOSE PIN,1
SHOPPER'S STOP GVK,AS49,NP20523,A,Sparq,2k-4k,South Zone,5,2026,NOSE PIN,1
SHOPPER'S STOP GVK,AS49,NP20529,A,Sparq,Less Then 2k,South Zone,2,2026,NOSE PIN,1
SHOPPER'S STOP GVK,AS49,NP20529,A,Sparq,Less Then 2k,South Zone,4,2026,NOSE PIN,2
SHOPPER'S STOP GVK,AS49,NP20532,A,Sparq,2k-4k,South Zone,4,2026,NOSE PIN,1
SHOPPER'S STOP GVK,AS49,NP20532,A,Sparq,2k-4k,South Zone,5,2026,NOSE PIN,1
SHOPPER'S STOP GVK,AS49,NP2231,A,Sparq,2k-4k,South Zone,5,2026,NOSE PIN,1
SHOPPER'S STOP GVK,AS49,NP273,A,Sparkles,Less Then 30k,South Zone,11,2025,NOSE PIN,1
SHOPPER'S STOP GVK,AS49,NP3290,A,Sparkles,Less Then 30k,South Zone,8,2019,NOSE PIN,1
SHOPPER'S STOP GVK,AS49,NP4706,A,Sparkles,Less Then 30k,South Zone,1,2026,NOSE PIN,1
SHOPPER'S STOP GVK,AS49,NP537,A,Sparkles,Less Then 30k,South Zone,6,2025,NOSE PIN,1
SHOPPER'S STOP GVK,AS49,NP7951,A,Sparkles,Less Then 30k,South Zone,8,2025,NOSE PIN,1
SHOPPER'S STOP GVK,AS49,NP850,A,Sparkles,Less Then 30k,South Zone,7,2025,NOSE PIN,1
SHOPPER'S STOP GVK,AS49,NP8516,A,Sparkles,Less Then 30k,South Zone,7,2025,NOSE PIN,1
SHOPPER'S STOP GVK,AS49,NP8516,A,Sparkles,Less Then 30k,South Zone,11,2025,NOSE PIN,1
SHOPPER'S STOP GVK,AS49,NPMU2,A,Sparkles,Less Then 30k,South Zone,8,2019,NOSE PIN,2
SHOPPER'S STOP GVK,AS49,P20005,A,Sparkles,75k-100k,South Zone,8,2025,PENDANT,1
SHOPPER'S STOP GVK,AS49,P20062,A,Sparkles,Less Then 30k,South Zone,8,2025,PENDANT,1
SHOPPER'S STOP GVK,AS49,P20101,A,Sparq,Above 25k,South Zone,6,2025,PENDANT,1
SHOPPER'S STOP GVK,AS49,P20102,A,Sparq,4k-7k,South Zone,6,2025,PENDANT,1
SHOPPER'S STOP GVK,AS49,P20110,A,Sparq,4k-7k,South Zone,7,2025,PENDANT,1
SHOPPER'S STOP GVK,AS49,PN20407,A,Sparkles,Less Then 30k,South Zone,11,2025,PENDANT,1
SHOPPER'S STOP GVK,AS49,R14188,A,Sparkles,50k-75k,South Zone,11,2025,RING,1
SHOPPER'S STOP GVK,AS49,R14307,A,Sparkles,30k-50k,South Zone,7,2025,RING,1
SHOPPER'S STOP GVK,AS49,R14482,A,Sparkles,50k-75k,South Zone,5,2025,RING,1
SHOPPER'S STOP GVK,AS49,R14511,A,Sparq,4k-7k,South Zone,6,2025,RING,1
SHOPPER'S STOP GVK,AS49,R14522,A,Sparq,4k-7k,South Zone,7,2025,RING,1
SHOPPER'S STOP GVK,AS49,R14531,A,Sparq,10k-15k,South Zone,7,2025,RING,1
SHOPPER'S STOP GVK,AS49,R14542,A,Sparq,15k-25k,South Zone,7,2025,RING,1
SHOPPER'S STOP GVK,AS49,R14554,A,Sparq,10k-15k,South Zone,7,2025,RING,1
SHOPPER'S STOP GVK,AS49,R14750,A,Sparkles,Less Then 30k,South Zone,4,2026,RING,1
SHOPPER'S STOP GVK,AS49,R14776,A,Sparq,7k-10k,South Zone,11,2025,RING,1
SHOPPER'S STOP GVK,AS49,R15107,A,Sparq,7k-10k,South Zone,5,2026,RING,1
SHOPPER'S STOP GVK,AS49,R20239,A,Sparq,4k-7k,South Zone,1,2026,RING,1
SHOPPER'S STOP GVK,AS49,R8963,A,Sparkles,50k-75k,South Zone,5,2025,RING,1
SHOPPER'S STOP GVK,AS49,SMNP520,A,Sparkles,Less Then 30k,South Zone,9,2025,NOSE PIN,1
SHOPPER'S STOP GVK,AS49,SMNP537,A,Sparq,2k-4k,South Zone,3,2026,NOSE PIN,1
SHOPPER'S STOP GVK,AS49,SMT312,A,Sparkles,Less Then 30k,South Zone,9,2019,EARRING,1
SHOPPER'S STOP GVK,AS49,SMT380,A,Sparkles,Less Then 30k,South Zone,9,2019,EARRING,1
SHOPPER'S STOP GVK,AS49,T12361,A,Sparq,4k-7k,South Zone,5,2026,EARRING,1
SHOPPER'S STOP GVK,AS49,T12597,A,Sparkles,Less Then 30k,South Zone,4,2026,EARRING,1
SHOPPER'S STOP GVK,AS49,T1573,A,Sparkles,Less Then 30k,South Zone,11,2025,EARRING,1
SHOPPER'S STOP GVK,AS49,T18665,A,Sparkles,Less Then 30k,South Zone,5,2026,EARRING,1
SHOPPER'S STOP GVK,AS49,T18680,A,Sparkles,Less Then 30k,South Zone,4,2026,EARRING,1
SHOPPER'S STOP GVK,AS49,T19173,A,Sparkles,30k-50k,South Zone,8,2025,EARRING,1
SHOPPER'S STOP GVK,AS49,T19187,A,Sparkles,30k-50k,South Zone,8,2025,EARRING,1
SHOPPER'S STOP GVK,AS49,T19203,A,Sparkles,30k-50k,South Zone,8,2025,EARRING,1
SHOPPER'S STOP GVK,AS49,T19345,A,Sparq,7k-10k,South Zone,1,2026,EARRING,1
SHOPPER'S STOP GVK,AS49,T19428,A,Sparq,7k-10k,South Zone,11,2025,EARRING,1
SHOPPER'S STOP GVK,AS49,T19704,A,Sparq,4k-7k,South Zone,1,2026,EARRING,1
SHOPPER'S STOP GVK,AS49,T19704,A,Sparq,4k-7k,South Zone,11,2025,EARRING,1
SHOPPER'S STOP GVK,AS49,T19706,A,Sparq,10k-15k,South Zone,4,2026,EARRING,1
SHOPPER'S STOP GVK,AS49,T19728,A,Sparq,2k-4k,South Zone,3,2026,EARRING,1
SHOPPER'S STOP GVK,AS49,T20301,A,Sparq,4k-7k,South Zone,11,2025,EARRING,1
SHOPPER'S STOP GVK,AS49,T21617,A,Sparq,4k-7k,South Zone,1,2026,EARRING,1
SHOPPER'S STOP GVK,AS49,T21957,A,Sparq,2k-4k,South Zone,1,2026,EARRING,1
SHOPPER'S STOP GVK,AS49,T2729,A,Sparkles,Less Then 30k,South Zone,3,2026,EARRING,1
SHOPPER'S STOP GVK,AS49,T2729,A,Sparkles,Less Then 30k,South Zone,11,2025,EARRING,1
SHOPPER'S STOP GVK,AS49,T537,A,Sparkles,Less Then 30k,South Zone,1,2026,EARRING,1
SHOPPER'S STOP GVK,AS49,TM19822,A,Sparkles,30k-50k,South Zone,4,2026,TANMANIYA,1
SHOPPER'S STOP GVK,AS49,TN20410,A,Sparkles,Less Then 30k,South Zone,1,2026,EARRING,1
SHOPPER'S STOP GVK,AS49,TN20412,A,Sparkles,Less Then 30k,South Zone,5,2026,EARRING,1
SHOPPER'S STOP GVK,AS49,TNP1876,A,Sparkles,Less Then 30k,South Zone,5,2026,EARRING,1
SHOPPERS STOP LTD-JUHU,AS81,NP20505,B,Sparkles,Less Then 30k,West Zone,5,2026,NOSE PIN,1
SHOPPERS STOP LTD-JUHU,AS81,NP2231,B,Sparkles,Less Then 30k,West Zone,2,2026,NOSE PIN,1
SHOPPERS STOP LTD-JUHU,AS81,NP4706,B,Sparkles,Less Then 30k,West Zone,2,2026,NOSE PIN,1
SHOPPERS STOP LTD-JUHU,AS81,TN20446,B,Sparq,15k-25k,West Zone,2,2026,EARRING,1
SHOPPERS STOP-SOUTHCITY,AS45,AFDT1401,A,Sparkles,75k-100k,East Zone,3,2026,EARRING,1
SHOPPERS STOP-SOUTHCITY,AS45,AFDT1401,A,Sparkles,75k-100k,East Zone,7,2025,EARRING,1
SHOPPERS STOP-SOUTHCITY,AS45,AFDT90075,A,Sparkles,Less Then 30k,East Zone,5,2026,EARRING,1
SHOPPERS STOP-SOUTHCITY,AS45,CHAIN1,A,Sparq,2k-4k,East Zone,3,2026,CHAIN,1
SHOPPERS STOP-SOUTHCITY,AS45,N4060,A,Sparq,10k-15k,East Zone,4,2026,NECKLACE,1
SHOPPERS STOP-SOUTHCITY,AS45,N8744,A,Sparkles,Less Then 30k,East Zone,7,2019,NECKLACE,1
SHOPPERS STOP-SOUTHCITY,AS45,NP10913,A,Sparkles,Less Then 30k,East Zone,8,2019,NOSE PIN,1
SHOPPERS STOP-SOUTHCITY,AS45,NP11014,A,Sparkles,Less Then 30k,East Zone,10,2019,NOSE PIN,1
SHOPPERS STOP-SOUTHCITY,AS45,NP11015,A,Sparkles,Less Then 30k,East Zone,5,2025,NOSE PIN,1
SHOPPERS STOP-SOUTHCITY,AS45,NP11020,A,Sparkles,Less Then 30k,East Zone,2,2026,NOSE PIN,1
SHOPPERS STOP-SOUTHCITY,AS45,NP11754,A,Sparkles,Less Then 30k,East Zone,1,2026,NOSE PIN,1
SHOPPERS STOP-SOUTHCITY,AS45,NP1488,A,Sparkles,Less Then 30k,East Zone,10,2025,NOSE PIN,1
SHOPPERS STOP-SOUTHCITY,AS45,NP1876,A,Sparkles,Less Then 30k,East Zone,4,2026,NOSE PIN,2
SHOPPERS STOP-SOUTHCITY,AS45,NP1876,A,Sparkles,Less Then 30k,East Zone,6,2025,NOSE PIN,2
SHOPPERS STOP-SOUTHCITY,AS45,NP1879,A,Sparkles,Less Then 30k,East Zone,5,2025,NOSE PIN,1
SHOPPERS STOP-SOUTHCITY,AS45,NP1879,A,Sparkles,Less Then 30k,East Zone,6,2025,NOSE PIN,1
SHOPPERS STOP-SOUTHCITY,AS45,NP1883,A,Sparkles,Less Then 30k,East Zone,5,2025,NOSE PIN,1
SHOPPERS STOP-SOUTHCITY,AS45,NP20507,A,Sparkles,Less Then 30k,East Zone,12,2025,NOSE PIN,1
SHOPPERS STOP-SOUTHCITY,AS45,NP20509,A,Sparq,2k-4k,East Zone,4,2026,NOSE PIN,1
SHOPPERS STOP-SOUTHCITY,AS45,NP20525,A,Sparkles,Less Then 30k,East Zone,5,2026,NOSE PIN,1
SHOPPERS STOP-SOUTHCITY,AS45,NP20525,A,Sparq,2k-4k,East Zone,1,2026,NOSE PIN,1
SHOPPERS STOP-SOUTHCITY,AS45,NP20529,A,Sparq,Less Then 2k,East Zone,3,2026,NOSE PIN,2
SHOPPERS STOP-SOUTHCITY,AS45,NP20529,A,Sparq,Less Then 2k,East Zone,5,2026,NOSE PIN,1
SHOPPERS STOP-SOUTHCITY,AS45,NP21754,A,Sparq,2k-4k,East Zone,3,2026,NOSE PIN,1
SHOPPERS STOP-SOUTHCITY,AS45,NP2231,A,Sparkles,Less Then 30k,East Zone,9,2025,NOSE PIN,1
SHOPPERS STOP-SOUTHCITY,AS45,NP2273,A,Sparkles,Less Then 30k,East Zone,3,2026,NOSE PIN,1
SHOPPERS STOP-SOUTHCITY,AS45,NP273,A,Sparkles,Less Then 30k,East Zone,8,2025,NOSE PIN,1
SHOPPERS STOP-SOUTHCITY,AS45,NP3596,A,Sparkles,Less Then 30k,East Zone,2,2026,NOSE PIN,1
SHOPPERS STOP-SOUTHCITY,AS45,NP4706,A,Sparkles,Less Then 30k,East Zone,8,2025,NOSE PIN,1
SHOPPERS STOP-SOUTHCITY,AS45,NP516,A,Sparkles,Less Then 30k,East Zone,3,2026,NOSE PIN,1
SHOPPERS STOP-SOUTHCITY,AS45,NP7231,A,Sparq,Less Then 2k,East Zone,12,2025,NOSE PIN,1
SHOPPERS STOP-SOUTHCITY,AS45,NP7950,A,Sparkles,Less Then 30k,East Zone,8,2019,NOSE PIN,1
SHOPPERS STOP-SOUTHCITY,AS45,NP7950,A,Sparq,Less Then 2k,East Zone,1,2026,NOSE PIN,1
SHOPPERS STOP-SOUTHCITY,AS45,NP7951,A,Sparkles,Less Then 30k,East Zone,1,2026,NOSE PIN,1
SHOPPERS STOP-SOUTHCITY,AS45,NP8514,A,Sparkles,Less Then 30k,East Zone,3,2026,NOSE PIN,1
SHOPPERS STOP-SOUTHCITY,AS45,NPA1754,A,Sparkles,Less Then 30k,East Zone,9,2019,NOSE PIN,1
SHOPPERS STOP-SOUTHCITY,AS45,NPB273,A,Sparkles,Less Then 30k,East Zone,8,2019,NOSE PIN,1
SHOPPERS STOP-SOUTHCITY,AS45,P20033,A,Sparkles,Less Then 30k,East Zone,7,2025,PENDANT,1
SHOPPERS STOP-SOUTHCITY,AS45,P20264,A,Sparq,15k-25k,East Zone,4,2026,PENDANT,1
SHOPPERS STOP-SOUTHCITY,AS45,P220,A,Sparkles,75k-100k,East Zone,9,2019,PENDANT,1
SHOPPERS STOP-SOUTHCITY,AS45,PN20409,A,Sparkles,Less Then 30k,East Zone,3,2026,PENDANT,1
SHOPPERS STOP-SOUTHCITY,AS45,PN20462,A,Sparq,Less Then 2k,East Zone,2,2026,PENDANT,1
SHOPPERS STOP-SOUTHCITY,AS45,R10297,A,Sparkles,30k-50k,East Zone,7,2025,RING,1
SHOPPERS STOP-SOUTHCITY,AS45,R14185,A,Sparkles,30k-50k,East Zone,1,2026,RING,1
SHOPPERS STOP-SOUTHCITY,AS45,R14445,A,Sparkles,30k-50k,East Zone,2,2026,RING,1
SHOPPERS STOP-SOUTHCITY,AS45,R14445,A,Sparkles,30k-50k,East Zone,5,2025,RING,1
SHOPPERS STOP-SOUTHCITY,AS45,R14522,A,Sparq,7k-10k,East Zone,4,2026,RING,1
SHOPPERS STOP-SOUTHCITY,AS45,R14773,A,Sparq,4k-7k,East Zone,1,2026,RING,1
SHOPPERS STOP-SOUTHCITY,AS45,R14915,A,Sparkles,Less Then 30k,East Zone,3,2026,RING,1
SHOPPERS STOP-SOUTHCITY,AS45,R19644,A,Sparq,4k-7k,East Zone,1,2026,RING,1
SHOPPERS STOP-SOUTHCITY,AS45,R19644,A,Sparq,7k-10k,East Zone,9,2025,RING,1
SHOPPERS STOP-SOUTHCITY,AS45,R19695,A,Sparq,7k-10k,East Zone,1,2026,RING,1
SHOPPERS STOP-SOUTHCITY,AS45,R19699,A,Sparq,4k-7k,East Zone,2,2026,RING,1
SHOPPERS STOP-SOUTHCITY,AS45,R20249,A,Sparq,4k-7k,East Zone,1,2026,RING,1
SHOPPERS STOP-SOUTHCITY,AS45,R4232,A,Sparq,7k-10k,East Zone,2,2026,RING,1
SHOPPERS STOP-SOUTHCITY,AS45,R5375,A,Sparkles,30k-50k,East Zone,9,2019,RING,1
SHOPPERS STOP-SOUTHCITY,AS45,R7835,A,Sparkles,Less Then 30k,East Zone,10,2019,RING,1
SHOPPERS STOP-SOUTHCITY,AS45,RF15113,A,Sparq,10k-15k,East Zone,4,2026,RING,1
SHOPPERS STOP-SOUTHCITY,AS45,RN14832,A,Sparkles,Less Then 30k,East Zone,11,2025,RING,1
SHOPPERS STOP-SOUTHCITY,AS45,RN20407,A,Sparkles,Less Then 30k,East Zone,3,2026,RING,1
SHOPPERS STOP-SOUTHCITY,AS45,RN20471,A,Sparq,2k-4k,East Zone,2,2026,RING,1
SHOPPERS STOP-SOUTHCITY,AS45,SMNP504,A,Sparkles,Less Then 30k,East Zone,5,2026,NOSE PIN,1
SHOPPERS STOP-SOUTHCITY,AS45,SMNP522,A,Sparkles,Less Then 30k,East Zone,10,2025,NOSE PIN,1
SHOPPERS STOP-SOUTHCITY,AS45,SMNP537,A,Sparkles,Less Then 30k,East Zone,7,2025,NOSE PIN,1
SHOPPERS STOP-SOUTHCITY,AS45,SMNP537,A,Sparkles,Less Then 30k,East Zone,10,2025,NOSE PIN,1
SHOPPERS STOP-SOUTHCITY,AS45,SMR384,A,Sparkles,Less Then 30k,East Zone,10,2019,RING,1
SHOPPERS STOP-SOUTHCITY,AS45,T12993,A,Sparkles,30k-50k,East Zone,7,2025,EARRING,1
SHOPPERS STOP-SOUTHCITY,AS45,T18665,A,Sparkles,30k-50k,East Zone,3,2026,EARRING,1
SHOPPERS STOP-SOUTHCITY,AS45,T19120,A,Sparkles,Less Then 30k,East Zone,1,2026,EARRING,1
SHOPPERS STOP-SOUTHCITY,AS45,T19291,A,Sparq,4k-7k,East Zone,12,2025,EARRING,1
SHOPPERS STOP-SOUTHCITY,AS45,T19299,A,Sparq,15k-25k,East Zone,12,2025,EARRING,1
SHOPPERS STOP-SOUTHCITY,AS45,T19441,A,Sparq,7k-10k,East Zone,1,2026,EARRING,1
SHOPPERS STOP-SOUTHCITY,AS45,T19484,A,Sparq,Above 25k,East Zone,1,2026,EARRING,1
SHOPPERS STOP-SOUTHCITY,AS45,T20303,A,Sparq,4k-7k,East Zone,1,2026,EARRING,1
SHOPPERS STOP-SOUTHCITY,AS45,T20304,A,Sparq,4k-7k,East Zone,1,2026,EARRING,1
SHOPPERS STOP-SOUTHCITY,AS45,T20304,A,Sparq,4k-7k,East Zone,11,2025,EARRING,1
SHOPPERS STOP-SOUTHCITY,AS45,T21603,A,Sparq,10k-15k,East Zone,2,2026,EARRING,1
SHOPPERS STOP-SOUTHCITY,AS45,T2728,A,Sparkles,75k-100k,East Zone,11,2019,EARRING,1
SHOPPERS STOP-SOUTHCITY,AS45,T3568,A,Sparkles,Less Then 30k,East Zone,12,2025,EARRING,1
SHOPPERS STOP-SOUTHCITY,AS45,T7265,A,Sparkles,Less Then 30k,East Zone,10,2019,EARRING,1
SHOPPERS STOP-SOUTHCITY,AS45,T7550,A,Sparkles,Less Then 30k,East Zone,8,2019,EARRING,1
SHOPPERS STOP-SOUTHCITY,AS45,T8043,A,Sparkles,30k-50k,East Zone,7,2019,EARRING,1
SHOPPERS STOP-SOUTHCITY,AS45,TN20408,A,Sparkles,Less Then 30k,East Zone,11,2025,EARRING,1
SHOPPERS STOP-SOUTHCITY,AS45,TN20461,A,Sparq,2k-4k,East Zone,1,2026,EARRING,1
SHOPPERS STOP-SOUTHCITY,AS45,TN20462,A,Sparq,2k-4k,East Zone,3,2026,EARRING,1
SHOPPERS STOP-SOUTHCITY,AS45,TN20467,A,Sparq,2k-4k,East Zone,4,2026,EARRING,1
SHREE SHIV JEWELLERS,SSJ2,NP1876,B,Sparkles,Less Then 30k,North Zone,8,2025,NOSE PIN,1
SHREE SHIV JEWELLERS,SSJ2,R14523,B,Sparq,10k-15k,North Zone,2,2026,RING,1
SHREE SHIV JEWELLERS,SSJ2,R14692,B,Sparq,10k-15k,North Zone,1,2026,RING,1
SHREE SHIV JEWELLERS,SSJ2,R14773,B,Sparq,4k-7k,North Zone,11,2025,RING,1
SHREE SHIV JEWELLERS,SSJ2,R4232,B,Sparq,4k-7k,North Zone,1,2026,RING,1
SHREE SHIV JEWELLERS,SSJ2,RN20447,B,Sparq,10k-15k,North Zone,11,2025,RING,1
SHREE SHIV JEWELLERS,SSJ2,RN20452,B,Sparq,2k-4k,North Zone,11,2025,RING,1
SHREE SHIV JEWELLERS,SSJ2,RN20461,B,Sparq,2k-4k,North Zone,2,2026,RING,1
SHREE SHIV JEWELLERS,SSJ2,RN20462,B,Sparq,Less Then 2k,North Zone,11,2025,RING,1
SHREE SHIV JEWELLERS,SSJ2,RN20467,B,Sparq,2k-4k,North Zone,2,2026,RING,1
SHREE SHIV JEWELLERS,SSJ2,T19329,B,Sparq,15k-25k,North Zone,11,2025,EARRING,1
SHREE SHIV JEWELLERS,SSJ2,T19452,B,Sparq,15k-25k,North Zone,12,2025,EARRING,1
SHREE SHIV JEWELLERS,SSJ2,T21957,B,Sparq,2k-4k,North Zone,2,2026,EARRING,1
SHREE SHIV JEWELLERS,SSJ2,T23106,B,Sparq,15k-25k,North Zone,4,2026,EARRING,1
SHREE SHIV JEWELLERS,SSJ2,TN20452,B,Sparq,2k-4k,North Zone,11,2025,EARRING,1
SHREE SHIV JEWELLERS,SSJ2,TN20461,B,Sparq,2k-4k,North Zone,12,2025,EARRING,1
SHREE SHIV JEWELLERS,SSJ2,TN20462,B,Sparq,2k-4k,North Zone,11,2025,EARRING,1
SHREE SHIV JEWELLERS,SSJ2,TN20465,B,Sparq,2k-4k,North Zone,1,2026,EARRING,1
SHREE SHIV JEWELLERS,SSJ2,TN20466,B,Sparq,2k-4k,North Zone,11,2025,EARRING,1
SHREE SHIV JEWELLERS,SSJ2,TN20468,B,Sparq,2k-4k,North Zone,12,2025,EARRING,1
SHRI JAIN JEWELLERS & PEARLS,SJJ2,AFDT1401,A,Sparkles,50k-75k,South Zone,1,2026,EARRING,1
SHRI JAIN JEWELLERS & PEARLS,SJJ2,N19558,A,Sparkles,50k-75k,South Zone,3,2025,NECKLACE,1
SHRI JAIN JEWELLERS & PEARLS,SJJ2,N19618,A,Sparkles,30k-50k,South Zone,6,2025,NECKLACE,1
SHRI JAIN JEWELLERS & PEARLS,SJJ2,N19710,A,Sparq,4k-7k,South Zone,1,2026,NECKLACE,1
SHRI JAIN JEWELLERS & PEARLS,SJJ2,NP11010,A,Sparkles,Less Then 30k,South Zone,7,2025,NOSE PIN,1
SHRI JAIN JEWELLERS & PEARLS,SJJ2,NP11014,A,Sparkles,Less Then 30k,South Zone,5,2025,NOSE PIN,3
SHRI JAIN JEWELLERS & PEARLS,SJJ2,NP11015,A,Sparkles,Less Then 30k,South Zone,9,2025,NOSE PIN,1
SHRI JAIN JEWELLERS & PEARLS,SJJ2,NP11484,A,Sparkles,Less Then 30k,South Zone,1,2026,NOSE PIN,1
SHRI JAIN JEWELLERS & PEARLS,SJJ2,NP1484,A,Sparkles,Less Then 30k,South Zone,12,2025,NOSE PIN,1
SHRI JAIN JEWELLERS & PEARLS,SJJ2,NP1754,A,Sparkles,Less Then 30k,South Zone,5,2025,NOSE PIN,1
SHRI JAIN JEWELLERS & PEARLS,SJJ2,NP1878,A,Sparkles,Less Then 30k,South Zone,5,2026,NOSE PIN,1
SHRI JAIN JEWELLERS & PEARLS,SJJ2,NP1879,A,Sparkles,Less Then 30k,South Zone,7,2025,NOSE PIN,1
SHRI JAIN JEWELLERS & PEARLS,SJJ2,NP20512,A,Sparkles,Less Then 30k,South Zone,6,2025,NOSE PIN,1
SHRI JAIN JEWELLERS & PEARLS,SJJ2,NP20524,A,Sparq,Less Then 2k,South Zone,1,2026,NOSE PIN,1
SHRI JAIN JEWELLERS & PEARLS,SJJ2,NP21754,A,Sparkles,Less Then 30k,South Zone,5,2026,NOSE PIN,1
SHRI JAIN JEWELLERS & PEARLS,SJJ2,NP21754,A,Sparkles,Less Then 30k,South Zone,7,2025,NOSE PIN,1
SHRI JAIN JEWELLERS & PEARLS,SJJ2,NP22432,A,Sparkles,Less Then 30k,South Zone,11,2025,NOSE PIN,1
SHRI JAIN JEWELLERS & PEARLS,SJJ2,NP2273,A,Sparkles,Less Then 30k,South Zone,7,2025,NOSE PIN,3
SHRI JAIN JEWELLERS & PEARLS,SJJ2,NP273,A,Sparkles,Less Then 30k,South Zone,6,2025,NOSE PIN,1
SHRI JAIN JEWELLERS & PEARLS,SJJ2,NP3290,A,Sparkles,Less Then 30k,South Zone,6,2025,NOSE PIN,2
SHRI JAIN JEWELLERS & PEARLS,SJJ2,NP3290,A,Sparkles,Less Then 30k,South Zone,9,2025,NOSE PIN,1
SHRI JAIN JEWELLERS & PEARLS,SJJ2,NP544,A,Sparkles,Less Then 30k,South Zone,4,2026,NOSE PIN,1
SHRI JAIN JEWELLERS & PEARLS,SJJ2,NP544,A,Sparkles,Less Then 30k,South Zone,7,2025,NOSE PIN,2
SHRI JAIN JEWELLERS & PEARLS,SJJ2,NP548,A,Sparkles,Less Then 30k,South Zone,1,2026,NOSE PIN,1
SHRI JAIN JEWELLERS & PEARLS,SJJ2,NP7231,A,Sparkles,Less Then 30k,South Zone,4,2026,NOSE PIN,1
SHRI JAIN JEWELLERS & PEARLS,SJJ2,NP7950,A,Sparkles,Less Then 30k,South Zone,3,2026,NOSE PIN,1
SHRI JAIN JEWELLERS & PEARLS,SJJ2,NP7951,A,Sparkles,Less Then 30k,South Zone,11,2025,NOSE PIN,1
SHRI JAIN JEWELLERS & PEARLS,SJJ2,NP7953,A,Sparkles,Less Then 30k,South Zone,7,2025,NOSE PIN,1
SHRI JAIN JEWELLERS & PEARLS,SJJ2,NP7953,A,Sparkles,Less Then 30k,South Zone,9,2025,NOSE PIN,1
SHRI JAIN JEWELLERS & PEARLS,SJJ2,NP7953,A,Sparkles,Less Then 30k,South Zone,12,2025,NOSE PIN,1
SHRI JAIN JEWELLERS & PEARLS,SJJ2,NP8516,A,Sparkles,Less Then 30k,South Zone,1,2026,NOSE PIN,2
SHRI JAIN JEWELLERS & PEARLS,SJJ2,NP8516,A,Sparkles,Less Then 30k,South Zone,4,2026,NOSE PIN,2
SHRI JAIN JEWELLERS & PEARLS,SJJ2,NP8516,A,Sparkles,Less Then 30k,South Zone,6,2025,NOSE PIN,1
SHRI JAIN JEWELLERS & PEARLS,SJJ2,NP8516,A,Sparkles,Less Then 30k,South Zone,7,2025,NOSE PIN,2
SHRI JAIN JEWELLERS & PEARLS,SJJ2,NP8516,A,Sparkles,Less Then 30k,South Zone,8,2025,NOSE PIN,3
SHRI JAIN JEWELLERS & PEARLS,SJJ2,NP8516,A,Sparkles,Less Then 30k,South Zone,11,2025,NOSE PIN,1
SHRI JAIN JEWELLERS & PEARLS,SJJ2,NP8519,A,Sparkles,Less Then 30k,South Zone,8,2025,NOSE PIN,1
SHRI JAIN JEWELLERS & PEARLS,SJJ2,P20001,A,Sparkles,Less Then 30k,South Zone,4,2025,PENDANT,1
SHRI JAIN JEWELLERS & PEARLS,SJJ2,P20041,A,Sparkles,Less Then 30k,South Zone,8,2025,PENDANT,1
SHRI JAIN JEWELLERS & PEARLS,SJJ2,P20060,A,Sparkles,Less Then 30k,South Zone,8,2025,PENDANT,1
SHRI JAIN JEWELLERS & PEARLS,SJJ2,P20129,A,Sparkles,Less Then 30k,South Zone,8,2025,PENDANT,1
SHRI JAIN JEWELLERS & PEARLS,SJJ2,PN20409,A,Sparkles,Less Then 30k,South Zone,11,2025,PENDANT,1
SHRI JAIN JEWELLERS & PEARLS,SJJ2,R12837,A,Sparkles,50k-75k,South Zone,1,2026,RING,1
SHRI JAIN JEWELLERS & PEARLS,SJJ2,R14304,A,Sparkles,30k-50k,South Zone,1,2026,RING,1
SHRI JAIN JEWELLERS & PEARLS,SJJ2,R14364,A,Sparkles,Less Then 30k,South Zone,12,2025,RING,1
SHRI JAIN JEWELLERS & PEARLS,SJJ2,R14519,A,Sparq,15k-25k,South Zone,11,2025,RING,1
SHRI JAIN JEWELLERS & PEARLS,SJJ2,R14527,A,Sparq,10k-15k,South Zone,11,2025,RING,1
SHRI JAIN JEWELLERS & PEARLS,SJJ2,R14573,A,Sparkles,Less Then 30k,South Zone,11,2025,RING,1
SHRI JAIN JEWELLERS & PEARLS,SJJ2,R14609,A,Sparkles,Less Then 30k,South Zone,4,2026,RING,1
SHRI JAIN JEWELLERS & PEARLS,SJJ2,R14670,A,Sparq,Less Then 2k,South Zone,1,2026,RING,1
SHRI JAIN JEWELLERS & PEARLS,SJJ2,R15074,A,Sparq,4k-7k,South Zone,4,2026,RING,1
SHRI JAIN JEWELLERS & PEARLS,SJJ2,R6795,A,Sparq,4k-7k,South Zone,11,2025,RING,1
SHRI JAIN JEWELLERS & PEARLS,SJJ2,R6801,A,Sparq,7k-10k,South Zone,11,2025,RING,1
SHRI JAIN JEWELLERS & PEARLS,SJJ2,R7414,A,Sparkles,50k-75k,South Zone,6,2025,RING,1
SHRI JAIN JEWELLERS & PEARLS,SJJ2,SMNP522,A,Sparkles,Less Then 30k,South Zone,1,2026,NOSE PIN,1
SHRI JAIN JEWELLERS & PEARLS,SJJ2,SMNP522,A,Sparkles,Less Then 30k,South Zone,3,2026,NOSE PIN,2
SHRI JAIN JEWELLERS & PEARLS,SJJ2,SMNP537,A,Sparq,2k-4k,South Zone,1,2026,NOSE PIN,1
SHRI JAIN JEWELLERS & PEARLS,SJJ2,T10897,A,Sparkles,30k-50k,South Zone,3,2025,EARRING,1
SHRI JAIN JEWELLERS & PEARLS,SJJ2,T18658,A,Sparkles,30k-50k,South Zone,6,2025,EARRING,1
SHRI JAIN JEWELLERS & PEARLS,SJJ2,T18664,A,Sparkles,30k-50k,South Zone,5,2025,EARRING,1
SHRI JAIN JEWELLERS & PEARLS,SJJ2,T18664,A,Sparkles,30k-50k,South Zone,7,2025,EARRING,1
SHRI JAIN JEWELLERS & PEARLS,SJJ2,T18678,A,Sparkles,30k-50k,South Zone,5,2025,EARRING,1
SHRI JAIN JEWELLERS & PEARLS,SJJ2,T18679,A,Sparkles,30k-50k,South Zone,1,2026,EARRING,1
SHRI JAIN JEWELLERS & PEARLS,SJJ2,T19034,A,Sparkles,30k-50k,South Zone,6,2025,EARRING,1
SHRI JAIN JEWELLERS & PEARLS,SJJ2,T19071,A,Sparkles,30k-50k,South Zone,9,2025,EARRING,1
SHRI JAIN JEWELLERS & PEARLS,SJJ2,T19106,A,Sparkles,30k-50k,South Zone,4,2026,EARRING,1
SHRI JAIN JEWELLERS & PEARLS,SJJ2,T19138,A,Sparkles,Less Then 30k,South Zone,5,2026,EARRING,1
SHRI JAIN JEWELLERS & PEARLS,SJJ2,T19699,A,Sparq,4k-7k,South Zone,11,2025,EARRING,1
SHRI JAIN JEWELLERS & PEARLS,SJJ2,T19728,A,Sparq,2k-4k,South Zone,1,2026,EARRING,1
SHRI JAIN JEWELLERS & PEARLS,SJJ2,T19728,A,Sparq,2k-4k,South Zone,3,2026,EARRING,1
SHRI JAIN JEWELLERS & PEARLS,SJJ2,T2728,A,Sparkles,Less Then 30k,South Zone,7,2025,EARRING,1
SHRI JAIN JEWELLERS & PEARLS,SJJ2,T6485,A,Sparkles,Less Then 30k,South Zone,12,2025,EARRING,1
SHRI JAIN JEWELLERS & PEARLS,SJJ2,T996,A,Sparkles,Less Then 30k,South Zone,4,2025,EARRING,1
SHRI JAIN JEWELLERS & PEARLS,SJJ2,TM19808,A,Sparkles,30k-50k,South Zone,5,2026,TANMANIYA,1
SHRI JAIN JEWELLERS & PEARLS,SJJ2,TM19816,A,Sparkles,30k-50k,South Zone,5,2026,TANMANIYA,1
SHRI JAIN JEWELLERS & PEARLS,SJJ2,TN20404,A,Sparq,10k-15k,South Zone,3,2026,EARRING,1
SPARKLES STORE -AMEERPETH,SPA02,AFDT1411,A+,Sparkles,Less Then 30k,South Zone,11,2025,EARRING,1
SPARKLES STORE -AMEERPETH,SPA02,N19542,A+,Sparkles,100k-150k,South Zone,11,2025,NECKLACE,1
SPARKLES STORE -AMEERPETH,SPA02,N19554,A+,Sparkles,75k-100k,South Zone,11,2025,NECKLACE,1
SPARKLES STORE -AMEERPETH,SPA02,N19646,A+,Sparkles,50k-75k,South Zone,11,2025,NECKLACE,1
SPARKLES STORE -AMEERPETH,SPA02,NP11020,A+,Sparkles,Less Then 30k,South Zone,11,2025,NOSE PIN,1
SPARKLES STORE -AMEERPETH,SPA02,NP1231,A+,Sparkles,Less Then 30k,South Zone,11,2025,NOSE PIN,2
SPARKLES STORE -AMEERPETH,SPA02,NP20525,A+,Sparq,2k-4k,South Zone,2,2026,NOSE PIN,1
SPARKLES STORE -AMEERPETH,SPA02,NP20529,A+,Sparq,Less Then 2k,South Zone,4,2026,NOSE PIN,1
SPARKLES STORE -AMEERPETH,SPA02,NP21754,A+,Sparkles,Less Then 30k,South Zone,11,2025,NOSE PIN,1
SPARKLES STORE -AMEERPETH,SPA02,NP516,A+,Sparkles,Less Then 30k,South Zone,11,2025,NOSE PIN,2
SPARKLES STORE -AMEERPETH,SPA02,NP7951,A+,Sparq,Less Then 2k,South Zone,3,2026,NOSE PIN,1
SPARKLES STORE -AMEERPETH,SPA02,NP8514,A+,Sparkles,Less Then 30k,South Zone,11,2025,NOSE PIN,1
SPARKLES STORE -AMEERPETH,SPA02,NP8516,A+,Sparkles,Less Then 30k,South Zone,1,2026,NOSE PIN,1
SPARKLES STORE -AMEERPETH,SPA02,P20110,A+,Sparq,4k-7k,South Zone,3,2026,PENDANT,1
SPARKLES STORE -AMEERPETH,SPA02,P20500,A+,Sparq,Less Then 2k,South Zone,4,2026,PENDANT,1
SPARKLES STORE -AMEERPETH,SPA02,PN20405,A+,Sparkles,Less Then 30k,South Zone,5,2026,PENDANT,1
SPARKLES STORE -AMEERPETH,SPA02,R10141,A+,Sparkles,50k-75k,South Zone,3,2026,RING,1
SPARKLES STORE -AMEERPETH,SPA02,R10691,A+,Sparkles,30k-50k,South Zone,12,2025,RING,1
SPARKLES STORE -AMEERPETH,SPA02,R11930,A+,Sparkles,Less Then 30k,South Zone,3,2026,RING,1
SPARKLES STORE -AMEERPETH,SPA02,R14509,A+,Sparq,10k-15k,South Zone,11,2025,RING,1
SPARKLES STORE -AMEERPETH,SPA02,R14532,A+,Sparq,15k-25k,South Zone,3,2026,RING,1
SPARKLES STORE -AMEERPETH,SPA02,R14541,A+,Sparq,15k-25k,South Zone,4,2026,RING,1
SPARKLES STORE -AMEERPETH,SPA02,R14771,A+,Sparq,10k-15k,South Zone,4,2026,RING,1
SPARKLES STORE -AMEERPETH,SPA02,R15047,A+,Sparq,7k-10k,South Zone,5,2026,RING,1
SPARKLES STORE -AMEERPETH,SPA02,R15104,A+,Sparq,7k-10k,South Zone,3,2026,RING,1
SPARKLES STORE -AMEERPETH,SPA02,R15164,A+,Sparq,15k-25k,South Zone,3,2026,RING,1
SPARKLES STORE -AMEERPETH,SPA02,R4232,A+,Sparq,4k-7k,South Zone,1,2026,RING,1
SPARKLES STORE -AMEERPETH,SPA02,R5635,A+,Sparq,15k-25k,South Zone,3,2026,RING,1
SPARKLES STORE -AMEERPETH,SPA02,R9135,A+,Sparkles,50k-75k,South Zone,11,2025,RING,1
SPARKLES STORE -AMEERPETH,SPA02,RF15153,A+,Sparq,10k-15k,South Zone,3,2026,RING,1
SPARKLES STORE -AMEERPETH,SPA02,RF15156,A+,Sparq,10k-15k,South Zone,3,2026,RING,1
SPARKLES STORE -AMEERPETH,SPA02,RN14837,A+,Sparkles,Less Then 30k,South Zone,11,2025,RING,1
SPARKLES STORE -AMEERPETH,SPA02,RN20445,A+,Sparq,10k-15k,South Zone,5,2026,RING,1
SPARKLES STORE -AMEERPETH,SPA02,RN20460,A+,Sparq,2k-4k,South Zone,4,2026,RING,1
SPARKLES STORE -AMEERPETH,SPA02,RN20465,A+,Sparq,2k-4k,South Zone,3,2026,RING,2
SPARKLES STORE -AMEERPETH,SPA02,T18672,A+,Sparkles,Less Then 30k,South Zone,1,2026,EARRING,1
SPARKLES STORE -AMEERPETH,SPA02,T18678,A+,Sparkles,50k-75k,South Zone,12,2025,EARRING,1
SPARKLES STORE -AMEERPETH,SPA02,TNP1754,A+,Sparkles,Less Then 30k,South Zone,11,2025,EARRING,1
SPARKLES STORE -AMEERPETH,SPA02,TNP8516,A+,Sparkles,Less Then 30k,South Zone,11,2025,EARRING,1
SPENCER'S RETAIL LIMITED -Barasat,SRL09,NP11010,A,Sparq,2k-4k,East Zone,4,2026,NOSE PIN,2
SPENCER'S RETAIL LIMITED -Barasat,SRL09,NP1487,A,Sparq,Less Then 2k,East Zone,4,2026,NOSE PIN,1
SPENCER'S RETAIL LIMITED -Barasat,SRL09,NP1495,A,Sparq,Less Then 2k,East Zone,2,2026,NOSE PIN,2
SPENCER'S RETAIL LIMITED -Barasat,SRL09,NP20529,A,Sparq,Less Then 2k,East Zone,1,2026,NOSE PIN,1
SPENCER'S RETAIL LIMITED -Barasat,SRL09,NP20529,A,Sparq,Less Then 2k,East Zone,2,2026,NOSE PIN,1
SPENCER'S RETAIL LIMITED -Barasat,SRL09,NP3261,A,Sparq,2k-4k,East Zone,3,2026,NOSE PIN,1
SPENCER'S RETAIL LIMITED -Barasat,SRL09,NP3290,A,Sparq,2k-4k,East Zone,3,2026,NOSE PIN,1
SPENCER'S RETAIL LIMITED -Barasat,SRL09,NP3290,A,Sparq,Less Then 2k,East Zone,4,2026,NOSE PIN,1
SPENCER'S RETAIL LIMITED -Barasat,SRL09,PN20471,A,Sparq,2k-4k,East Zone,12,2025,PENDANT,1
SPENCER'S RETAIL LIMITED -Barasat,SRL09,R14552,A,Sparq,15k-25k,East Zone,2,2026,RING,1
SPENCER'S RETAIL LIMITED -Barasat,SRL09,R14668,A,Sparq,4k-7k,East Zone,12,2025,RING,1
SPENCER'S RETAIL LIMITED -Barasat,SRL09,R15003,A,Sparq,15k-25k,East Zone,2,2026,RING,1
SPENCER'S RETAIL LIMITED -Barasat,SRL09,R15064,A,Sparq,4k-7k,East Zone,3,2026,RING,1
SPENCER'S RETAIL LIMITED -Barasat,SRL09,R4587,A,Sparq,15k-25k,East Zone,2,2026,RING,1
SPENCER'S RETAIL LIMITED -Barasat,SRL09,RN20460,A,Sparq,2k-4k,East Zone,4,2026,RING,1
SPENCER'S RETAIL LIMITED -Barasat,SRL09,RN20468,A,Sparq,2k-4k,East Zone,12,2025,RING,1
SPENCER'S RETAIL LIMITED -Barasat,SRL09,T19345,A,Sparq,4k-7k,East Zone,1,2026,EARRING,1
SPENCER'S RETAIL LIMITED -Barasat,SRL09,T23060,A,Sparq,4k-7k,East Zone,3,2026,EARRING,1
SPENCER'S RETAIL LIMITED -Barasat,SRL09,T23084,A,Sparq,7k-10k,East Zone,4,2026,EARRING,1
SPENCER'S RETAIL LIMITED -Barasat,SRL09,TN20463,A,Sparq,2k-4k,East Zone,1,2026,EARRING,1
SPENCER'S RETAIL LIMITED -Madhyamgram Kolkata Mall,SRL02,NP1488,A,Sparq,Less Then 2k,East Zone,4,2026,NOSE PIN,1
SPENCER'S RETAIL LIMITED -Madhyamgram Kolkata Mall,SRL02,NP1882,A,Sparkles,Less Then 30k,East Zone,11,2025,NOSE PIN,1
SPENCER'S RETAIL LIMITED -Madhyamgram Kolkata Mall,SRL02,NP20523,A,Sparq,2k-4k,East Zone,12,2025,NOSE PIN,1
SPENCER'S RETAIL LIMITED -Madhyamgram Kolkata Mall,SRL02,NP20524,A,Sparkles,Less Then 30k,East Zone,2,2026,NOSE PIN,1
SPENCER'S RETAIL LIMITED -Madhyamgram Kolkata Mall,SRL02,NP20529,A,Sparq,Less Then 2k,East Zone,1,2026,NOSE PIN,1
SPENCER'S RETAIL LIMITED -Madhyamgram Kolkata Mall,SRL02,NP20529,A,Sparq,Less Then 2k,East Zone,2,2026,NOSE PIN,3
SPENCER'S RETAIL LIMITED -Madhyamgram Kolkata Mall,SRL02,NP20529,A,Sparq,Less Then 2k,East Zone,3,2026,NOSE PIN,2
SPENCER'S RETAIL LIMITED -Madhyamgram Kolkata Mall,SRL02,NP20529,A,Sparq,Less Then 2k,East Zone,5,2026,NOSE PIN,1
SPENCER'S RETAIL LIMITED -Madhyamgram Kolkata Mall,SRL02,NP21754,A,Sparkles,Less Then 30k,East Zone,12,2025,NOSE PIN,1
SPENCER'S RETAIL LIMITED -Madhyamgram Kolkata Mall,SRL02,NP3261,A,Sparq,2k-4k,East Zone,4,2026,NOSE PIN,1
SPENCER'S RETAIL LIMITED -Madhyamgram Kolkata Mall,SRL02,NP3261,A,Sparq,4k-7k,East Zone,3,2026,NOSE PIN,1
SPENCER'S RETAIL LIMITED -Madhyamgram Kolkata Mall,SRL02,NP3290,A,Sparq,Less Then 2k,East Zone,3,2026,NOSE PIN,1
SPENCER'S RETAIL LIMITED -Madhyamgram Kolkata Mall,SRL02,NP7951,A,Sparkles,Less Then 30k,East Zone,3,2026,NOSE PIN,1
SPENCER'S RETAIL LIMITED -Madhyamgram Kolkata Mall,SRL02,NP8514,A,Sparkles,Less Then 30k,East Zone,1,2026,NOSE PIN,1
SPENCER'S RETAIL LIMITED -Madhyamgram Kolkata Mall,SRL02,R14518,A,Sparq,15k-25k,East Zone,5,2026,RING,1
SPENCER'S RETAIL LIMITED -Madhyamgram Kolkata Mall,SRL02,R14669,A,Sparq,2k-4k,East Zone,2,2026,RING,1
SPENCER'S RETAIL LIMITED -Madhyamgram Kolkata Mall,SRL02,R14676,A,Sparq,Less Then 2k,East Zone,11,2025,RING,1
SPENCER'S RETAIL LIMITED -Madhyamgram Kolkata Mall,SRL02,R14689,A,Sparq,10k-15k,East Zone,2,2026,RING,1
SPENCER'S RETAIL LIMITED -Madhyamgram Kolkata Mall,SRL02,R14689,A,Sparq,7k-10k,East Zone,4,2026,RING,1
SPENCER'S RETAIL LIMITED -Madhyamgram Kolkata Mall,SRL02,R14692,A,Sparq,10k-15k,East Zone,2,2026,RING,1
SPENCER'S RETAIL LIMITED -Madhyamgram Kolkata Mall,SRL02,R15042,A,Sparq,7k-10k,East Zone,2,2026,RING,1
SPENCER'S RETAIL LIMITED -Madhyamgram Kolkata Mall,SRL02,R15060,A,Sparq,7k-10k,East Zone,2,2026,RING,1
SPENCER'S RETAIL LIMITED -Madhyamgram Kolkata Mall,SRL02,R15063,A,Sparq,7k-10k,East Zone,4,2026,RING,1
SPENCER'S RETAIL LIMITED -Madhyamgram Kolkata Mall,SRL02,R15095,A,Sparq,4k-7k,East Zone,4,2026,RING,1
SPENCER'S RETAIL LIMITED -Madhyamgram Kolkata Mall,SRL02,R15103,A,Sparq,7k-10k,East Zone,4,2026,RING,1
SPENCER'S RETAIL LIMITED -Madhyamgram Kolkata Mall,SRL02,R19695,A,Sparq,7k-10k,East Zone,3,2026,RING,1
SPENCER'S RETAIL LIMITED -Madhyamgram Kolkata Mall,SRL02,R5636,A,Sparq,15k-25k,East Zone,5,2026,RING,1
SPENCER'S RETAIL LIMITED -Madhyamgram Kolkata Mall,SRL02,RN20467,A,Sparq,2k-4k,East Zone,3,2026,RING,1
SPENCER'S RETAIL LIMITED -Madhyamgram Kolkata Mall,SRL02,RN20470,A,Sparq,2k-4k,East Zone,11,2025,RING,1
SPENCER'S RETAIL LIMITED -Maheshtalla,SRL12,N9401,A,Sparq,7k-10k,East Zone,2,2026,TANMANIYA,1
SPENCER'S RETAIL LIMITED -Maheshtalla,SRL12,NP1876,A,Sparkles,Less Then 30k,East Zone,1,2026,NOSE PIN,1
SPENCER'S RETAIL LIMITED -Maheshtalla,SRL12,NP1877,A,Sparkles,Less Then 30k,East Zone,2,2026,NOSE PIN,1
SPENCER'S RETAIL LIMITED -Maheshtalla,SRL12,NP3290,A,Sparkles,Less Then 30k,East Zone,4,2026,NOSE PIN,1
SPENCER'S RETAIL LIMITED -Maheshtalla,SRL12,NP7231,A,Sparkles,Less Then 30k,East Zone,3,2026,NOSE PIN,1
SPENCER'S RETAIL LIMITED -Maheshtalla,SRL12,NP8516,A,Sparkles,Less Then 30k,East Zone,2,2026,NOSE PIN,1
SPENCER'S RETAIL LIMITED -Maheshtalla,SRL12,P20103,A,Sparq,7k-10k,East Zone,12,2025,PENDANT,1
SPENCER'S RETAIL LIMITED -Maheshtalla,SRL12,PN20463,A,Sparq,Less Then 2k,East Zone,1,2026,PENDANT,1
SPENCER'S RETAIL LIMITED -Maheshtalla,SRL12,R14659,A,Sparq,10k-15k,East Zone,2,2026,RING,1
SPENCER'S RETAIL LIMITED -Maheshtalla,SRL12,R14692,A,Sparkles,Less Then 30k,East Zone,1,2026,RING,2
SPENCER'S RETAIL LIMITED -Maheshtalla,SRL12,R14692,A,Sparq,10k-15k,East Zone,12,2025,RING,1
SPENCER'S RETAIL LIMITED -Maheshtalla,SRL12,R15030,A,Sparq,7k-10k,East Zone,3,2026,RING,1
SPENCER'S RETAIL LIMITED -Maheshtalla,SRL12,R15043,A,Sparq,7k-10k,East Zone,3,2026,RING,1
SPENCER'S RETAIL LIMITED -Maheshtalla,SRL12,R20239,A,Sparkles,Less Then 30k,East Zone,1,2026,RING,1
SPENCER'S RETAIL LIMITED -Maheshtalla,SRL12,R20283,A,Sparq,10k-15k,East Zone,1,2026,RING,1
SPENCER'S RETAIL LIMITED -Maheshtalla,SRL12,RN20404,A,Sparkles,Less Then 30k,East Zone,1,2026,RING,1
SPENCER'S RETAIL LIMITED -Maheshtalla,SRL12,RN20410,A,Sparkles,Less Then 30k,East Zone,1,2026,RING,1
SPENCER'S RETAIL LIMITED -Maheshtalla,SRL12,RN20465,A,Sparq,2k-4k,East Zone,1,2026,RING,1
SPENCER'S RETAIL LIMITED -Maheshtalla,SRL12,RN20470,A,Sparq,2k-4k,East Zone,3,2026,RING,1
SPENCER'S RETAIL LIMITED -Maheshtalla,SRL12,SMNP526,A,Sparkles,Less Then 30k,East Zone,4,2026,NOSE PIN,1
SPENCER'S RETAIL LIMITED -Maheshtalla,SRL12,T19339,A,Sparq,7k-10k,East Zone,2,2026,EARRING,1
SPENCER'S RETAIL LIMITED -Maheshtalla,SRL12,T19345,A,Sparq,7k-10k,East Zone,3,2026,EARRING,1
SPENCER'S RETAIL LIMITED -Maheshtalla,SRL12,T19703,A,Sparq,4k-7k,East Zone,1,2026,EARRING,1
SPENCER'S RETAIL LIMITED -Maheshtalla,SRL12,T19746,A,Sparq,7k-10k,East Zone,1,2026,EARRING,1
SPENCER'S RETAIL LIMITED -Maheshtalla,SRL12,T21957,A,Sparq,2k-4k,East Zone,4,2026,EARRING,1
SPENCER'S RETAIL LIMITED -Maheshtalla,SRL12,T23052,A,Sparq,7k-10k,East Zone,4,2026,EARRING,1
SPENCER'S RETAIL LIMITED -Maheshtalla,SRL12,T23089,A,Sparq,2k-4k,East Zone,3,2026,EARRING,1
SPENCER'S RETAIL LIMITED -Maheshtalla,SRL12,T23093,A,Sparq,7k-10k,East Zone,4,2026,EARRING,1
SPENCER'S RETAIL LIMITED -Maheshtalla,SRL12,TN20463,A,Sparq,2k-4k,East Zone,1,2026,EARRING,1
SPENCER'S RETAIL LIMITED -Maheshtalla,SRL12,TN20467,A,Sparq,2k-4k,East Zone,1,2026,EARRING,1
SPENCER'S RETAIL LIMITED -Meena Icon,SRL07,CHAIN1,B,Sparq,Less Then 2k,South Zone,3,2026,CHAIN,1
SPENCER'S RETAIL LIMITED -Meena Icon,SRL07,NP11754,B,Sparq,2k-4k,South Zone,5,2026,NOSE PIN,2
SPENCER'S RETAIL LIMITED -Meena Icon,SRL07,NP1488,B,Sparq,Less Then 2k,South Zone,5,2026,NOSE PIN,1
SPENCER'S RETAIL LIMITED -Meena Icon,SRL07,NP1879,B,Sparq,4k-7k,South Zone,5,2026,NOSE PIN,1
SPENCER'S RETAIL LIMITED -Meena Icon,SRL07,NP20529,B,Sparq,Less Then 2k,South Zone,2,2026,NOSE PIN,1
SPENCER'S RETAIL LIMITED -Meena Icon,SRL07,NP20529,B,Sparq,Less Then 2k,South Zone,5,2026,NOSE PIN,2
SPENCER'S RETAIL LIMITED -Meena Icon,SRL07,NP21754,B,Sparq,2k-4k,South Zone,3,2026,NOSE PIN,1
SPENCER'S RETAIL LIMITED -Meena Icon,SRL07,NP8516,B,Sparq,4k-7k,South Zone,2,2026,NOSE PIN,1
SPENCER'S RETAIL LIMITED -Meena Icon,SRL07,P20301,B,Sparq,4k-7k,South Zone,5,2026,PENDANT,1
SPENCER'S RETAIL LIMITED -Meena Icon,SRL07,RN20460,B,Sparq,2k-4k,South Zone,4,2026,RING,1
SPENCER'S RETAIL LIMITED -Meena Icon,SRL07,RN20460,B,Sparq,2k-4k,South Zone,5,2026,RING,1
SPENCER'S RETAIL LIMITED -Meena Icon,SRL07,RN20467,B,Sparq,2k-4k,South Zone,1,2026,RING,1
SPENCER'S RETAIL LIMITED -Meena Icon,SRL07,RN20468,B,Sparq,2k-4k,South Zone,1,2026,RING,1
SPENCER'S RETAIL LIMITED -Meena Icon,SRL07,RN20469,B,Sparq,2k-4k,South Zone,4,2026,RING,1
SPENCER'S RETAIL LIMITED -Meena Icon,SRL07,RN20470,B,Sparq,2k-4k,South Zone,4,2026,RING,1
SPENCER'S RETAIL LIMITED -Meena Icon,SRL07,RN20470,B,Sparq,2k-4k,South Zone,5,2026,RING,1
SPENCER'S RETAIL LIMITED -Meena Icon,SRL07,T19729,B,Sparq,4k-7k,South Zone,3,2026,EARRING,1
SPENCER'S RETAIL LIMITED -Meena Icon,SRL07,T19729,B,Sparq,4k-7k,South Zone,5,2026,EARRING,1
SPENCER'S RETAIL LIMITED -Meena Icon,SRL07,T21616,B,Sparq,4k-7k,South Zone,1,2026,EARRING,1
SPENCER'S RETAIL LIMITED -Meena Icon,SRL07,T23084,B,Sparq,7k-10k,South Zone,3,2026,EARRING,1
SPENCER'S RETAIL LIMITED -Meena Icon,SRL07,TM19827,B,Sparq,Above 25k,South Zone,3,2026,TANMANIYA,1
SPENCER'S RETAIL LIMITED -Meena Icon,SRL07,TN20467,B,Sparq,2k-4k,South Zone,3,2026,EARRING,1
SPENCER'S RETAIL LIMITED -Meena Icon,SRL07,TN20471,B,Sparq,2k-4k,South Zone,3,2026,EARRING,1
SPENCER'S RETAIL LIMITED -New Town Square,SRL06,N5797,B,Sparq,15k-25k,South Zone,3,2026,TANMANIYA,1
SPENCER'S RETAIL LIMITED -New Town Square,SRL06,PN20470,B,Sparq,Less Then 2k,South Zone,3,2026,PENDANT,1
SPENCER'S RETAIL LIMITED -New Town Square,SRL06,PN20471,B,Sparq,2k-4k,South Zone,12,2025,PENDANT,1
SPENCER'S RETAIL LIMITED -New Town Square,SRL06,R14773,B,Sparq,4k-7k,South Zone,2,2026,RING,1
SPENCER'S RETAIL LIMITED -New Town Square,SRL06,R14915,B,Sparkles,30k-50k,South Zone,1,2026,RING,1
SPENCER'S RETAIL LIMITED -New Town Square,SRL06,RN20470,B,Sparq,2k-4k,South Zone,12,2025,RING,1
SPENCER'S RETAIL LIMITED -New Town Square,SRL06,T19450,B,Sparq,15k-25k,South Zone,1,2026,EARRING,1
SPENCER'S RETAIL LIMITED -Purulia,SRL11,N19729,B,Sparq,7k-10k,South Zone,2,2026,NECKLACE,1
SPENCER'S RETAIL LIMITED -Purulia,SRL11,NP11010,B,Sparq,2k-4k,South Zone,4,2026,NOSE PIN,1
SPENCER'S RETAIL LIMITED -Purulia,SRL11,NP20529,B,Sparq,Less Then 2k,South Zone,2,2026,NOSE PIN,1
SPENCER'S RETAIL LIMITED -Purulia,SRL11,NP20529,B,Sparq,Less Then 2k,South Zone,4,2026,NOSE PIN,1
SPENCER'S RETAIL LIMITED -Purulia,SRL11,NP20529,B,Sparq,Less Then 2k,South Zone,5,2026,NOSE PIN,1
SPENCER'S RETAIL LIMITED -Purulia,SRL11,NP7950,B,Sparq,2k-4k,South Zone,4,2026,NOSE PIN,1
SPENCER'S RETAIL LIMITED -Purulia,SRL11,P20094,B,Sparq,4k-7k,South Zone,2,2026,PENDANT,1
SPENCER'S RETAIL LIMITED -Purulia,SRL11,P20494,B,Sparq,Less Then 2k,South Zone,1,2026,PENDANT,1
SPENCER'S RETAIL LIMITED -Purulia,SRL11,R14507,B,Sparq,10k-15k,South Zone,1,2026,RING,1
SPENCER'S RETAIL LIMITED -Purulia,SRL11,R14689,B,Sparq,7k-10k,South Zone,2,2026,RING,1
SPENCER'S RETAIL LIMITED -Purulia,SRL11,R14692,B,Sparq,10k-15k,South Zone,5,2026,RING,1
SPENCER'S RETAIL LIMITED -Purulia,SRL11,R15018,B,Sparq,7k-10k,South Zone,3,2026,RING,1
SPENCER'S RETAIL LIMITED -Purulia,SRL11,R15086,B,Sparq,7k-10k,South Zone,2,2026,RING,1
SPENCER'S RETAIL LIMITED -Purulia,SRL11,R1661,B,Sparq,15k-25k,South Zone,1,2026,RING,1
SPENCER'S RETAIL LIMITED -Purulia,SRL11,R5615,B,Sparq,10k-15k,South Zone,3,2026,RING,1
SPENCER'S RETAIL LIMITED -Purulia,SRL11,RN20469,B,Sparq,2k-4k,South Zone,1,2026,RING,1
SPENCER'S RETAIL LIMITED -Purulia,SRL11,TN20463,B,Sparq,2k-4k,South Zone,3,2026,EARRING,1
SPENCER'S RETAIL LIMITED -Purulia,SRL11,TN20467,B,Sparq,2k-4k,South Zone,1,2026,EARRING,1
SPENCER'S RETAIL LIMITED -Quest Mall,SRL10,CHAIN1,A+,Sparq,2k-4k,East Zone,4,2026,CHAIN,1
SPENCER'S RETAIL LIMITED -Quest Mall,SRL10,N19726,A+,Sparq,4k-7k,East Zone,3,2026,NECKLACE,1
SPENCER'S RETAIL LIMITED -Quest Mall,SRL10,NP1488,A+,Sparq,2k-4k,East Zone,4,2026,NOSE PIN,2
SPENCER'S RETAIL LIMITED -Quest Mall,SRL10,NP20529,A+,Sparq,Less Then 2k,East Zone,2,2026,NOSE PIN,1
SPENCER'S RETAIL LIMITED -Quest Mall,SRL10,NP20529,A+,Sparq,Less Then 2k,East Zone,4,2026,NOSE PIN,1
SPENCER'S RETAIL LIMITED -Quest Mall,SRL10,NP21754,A+,Sparkles,Less Then 30k,East Zone,5,2026,NOSE PIN,1
SPENCER'S RETAIL LIMITED -Quest Mall,SRL10,NP7950,A+,Sparkles,Less Then 30k,East Zone,3,2026,NOSE PIN,1
SPENCER'S RETAIL LIMITED -Quest Mall,SRL10,NP7950,A+,Sparq,2k-4k,East Zone,3,2026,NOSE PIN,1
SPENCER'S RETAIL LIMITED -Quest Mall,SRL10,PN20463,A+,Sparq,Less Then 2k,East Zone,4,2026,PENDANT,1
SPENCER'S RETAIL LIMITED -Quest Mall,SRL10,R10991,A+,Sparkles,Less Then 30k,East Zone,1,2026,RING,1
SPENCER'S RETAIL LIMITED -Quest Mall,SRL10,R15059,A+,Sparq,7k-10k,East Zone,4,2026,RING,1
SPENCER'S RETAIL LIMITED -Quest Mall,SRL10,R19644,A+,Sparq,7k-10k,East Zone,3,2026,RING,1
SPENCER'S RETAIL LIMITED -Quest Mall,SRL10,R19685,A+,Sparq,10k-15k,East Zone,3,2026,RING,1
SPENCER'S RETAIL LIMITED -Quest Mall,SRL10,R20288,A+,Sparq,15k-25k,East Zone,2,2026,RING,1
SPENCER'S RETAIL LIMITED -Quest Mall,SRL10,R4232,A+,Sparq,4k-7k,East Zone,4,2026,RING,1
SPENCER'S RETAIL LIMITED -Quest Mall,SRL10,RN14834,A+,Sparkles,Less Then 30k,East Zone,4,2026,RING,1
SPENCER'S RETAIL LIMITED -Quest Mall,SRL10,RN20468,A+,Sparq,2k-4k,East Zone,5,2026,RING,1
SPENCER'S RETAIL LIMITED -Quest Mall,SRL10,SMNP522,A+,Sparkles,Less Then 30k,East Zone,5,2026,NOSE PIN,1
SPENCER'S RETAIL LIMITED -Quest Mall,SRL10,T14151,A+,Sparkles,Less Then 30k,East Zone,3,2026,EARRING,1
SPENCER'S RETAIL LIMITED -Quest Mall,SRL10,T19345,A+,Sparq,7k-10k,East Zone,5,2026,EARRING,1
SPENCER'S RETAIL LIMITED -Quest Mall,SRL10,T19699,A+,Sparq,7k-10k,East Zone,3,2026,EARRING,1
SPENCER'S RETAIL LIMITED -Quest Mall,SRL10,T19706,A+,Sparq,7k-10k,East Zone,3,2026,EARRING,1
SPENCER'S RETAIL LIMITED -Quest Mall,SRL10,T23080,A+,Sparq,4k-7k,East Zone,4,2026,EARRING,1
SPENCER'S RETAIL LIMITED -Quest Mall,SRL10,T8715,A+,Sparkles,Less Then 30k,East Zone,4,2026,EARRING,1
SPENCER'S RETAIL LIMITED -Quest Mall,SRL10,TN20447,A+,Sparq,15k-25k,East Zone,3,2026,EARRING,1
SPENCER'S RETAIL LIMITED -Rashbehari Hyper Mall,SRL01,CHAIN1,A,Sparq,Less Then 2k,East Zone,1,2026,CHAIN,1
SPENCER'S RETAIL LIMITED -Rashbehari Hyper Mall,SRL01,CHAIN1,A,Sparq,Less Then 2k,East Zone,2,2026,CHAIN,1
SPENCER'S RETAIL LIMITED -Rashbehari Hyper Mall,SRL01,N19726,A,Sparq,4k-7k,East Zone,2,2026,NECKLACE,1
SPENCER'S RETAIL LIMITED -Rashbehari Hyper Mall,SRL01,N8145,A,Sparq,7k-10k,East Zone,2,2026,TANMANIYA,1
SPENCER'S RETAIL LIMITED -Rashbehari Hyper Mall,SRL01,NP11010,A,Sparq,2k-4k,East Zone,3,2026,NOSE PIN,1
SPENCER'S RETAIL LIMITED -Rashbehari Hyper Mall,SRL01,NP1876,A,Sparq,2k-4k,East Zone,1,2026,NOSE PIN,1
SPENCER'S RETAIL LIMITED -Rashbehari Hyper Mall,SRL01,NP1882,A,Sparkles,Less Then 30k,East Zone,2,2026,NOSE PIN,1
SPENCER'S RETAIL LIMITED -Rashbehari Hyper Mall,SRL01,NP1882,A,Sparq,2k-4k,East Zone,2,2026,NOSE PIN,1
SPENCER'S RETAIL LIMITED -Rashbehari Hyper Mall,SRL01,NP1884,A,Sparkles,Less Then 30k,East Zone,4,2026,NOSE PIN,1
SPENCER'S RETAIL LIMITED -Rashbehari Hyper Mall,SRL01,NP20529,A,Sparq,Less Then 2k,East Zone,1,2026,NOSE PIN,4
SPENCER'S RETAIL LIMITED -Rashbehari Hyper Mall,SRL01,NP20529,A,Sparq,Less Then 2k,East Zone,2,2026,NOSE PIN,5
SPENCER'S RETAIL LIMITED -Rashbehari Hyper Mall,SRL01,NP20529,A,Sparq,Less Then 2k,East Zone,3,2026,NOSE PIN,1
SPENCER'S RETAIL LIMITED -Rashbehari Hyper Mall,SRL01,NP20529,A,Sparq,Less Then 2k,East Zone,5,2026,NOSE PIN,1
SPENCER'S RETAIL LIMITED -Rashbehari Hyper Mall,SRL01,NP21754,A,Sparkles,Less Then 30k,East Zone,1,2026,NOSE PIN,1
SPENCER'S RETAIL LIMITED -Rashbehari Hyper Mall,SRL01,NP21754,A,Sparq,2k-4k,East Zone,11,2025,NOSE PIN,1
SPENCER'S RETAIL LIMITED -Rashbehari Hyper Mall,SRL01,NP3290,A,Sparq,Less Then 2k,East Zone,4,2026,NOSE PIN,1
SPENCER'S RETAIL LIMITED -Rashbehari Hyper Mall,SRL01,NP8516,A,Sparq,2k-4k,East Zone,1,2026,NOSE PIN,1
SPENCER'S RETAIL LIMITED -Rashbehari Hyper Mall,SRL01,NPA1754,A,Sparkles,Less Then 30k,East Zone,12,2025,NOSE PIN,1
SPENCER'S RETAIL LIMITED -Rashbehari Hyper Mall,SRL01,P20165,A,Sparq,2k-4k,East Zone,1,2026,PENDANT,1
SPENCER'S RETAIL LIMITED -Rashbehari Hyper Mall,SRL01,P20281,A,Sparkles,30k-50k,East Zone,2,2026,PENDANT,1
SPENCER'S RETAIL LIMITED -Rashbehari Hyper Mall,SRL01,PN20409,A,Sparkles,Less Then 30k,East Zone,4,2026,PENDANT,1
SPENCER'S RETAIL LIMITED -Rashbehari Hyper Mall,SRL01,PN20463,A,Sparq,2k-4k,East Zone,2,2026,PENDANT,1
SPENCER'S RETAIL LIMITED -Rashbehari Hyper Mall,SRL01,PN20468,A,Sparq,Less Then 2k,East Zone,1,2026,PENDANT,1
SPENCER'S RETAIL LIMITED -Rashbehari Hyper Mall,SRL01,PN20470,A,Sparq,Less Then 2k,East Zone,2,2026,PENDANT,1
SPENCER'S RETAIL LIMITED -Rashbehari Hyper Mall,SRL01,PN20471,A,Sparq,2k-4k,East Zone,1,2026,PENDANT,1
SPENCER'S RETAIL LIMITED -Rashbehari Hyper Mall,SRL01,R19644,A,Sparq,4k-7k,East Zone,1,2026,RING,1
SPENCER'S RETAIL LIMITED -Rashbehari Hyper Mall,SRL01,R19656,A,Sparq,7k-10k,East Zone,2,2026,RING,1
SPENCER'S RETAIL LIMITED -Rashbehari Hyper Mall,SRL01,R19695,A,Sparq,7k-10k,East Zone,2,2026,RING,1
SPENCER'S RETAIL LIMITED -Rashbehari Hyper Mall,SRL01,R19699,A,Sparq,4k-7k,East Zone,1,2026,RING,1
SPENCER'S RETAIL LIMITED -Rashbehari Hyper Mall,SRL01,R20249,A,Sparq,4k-7k,East Zone,2,2026,RING,1
SPENCER'S RETAIL LIMITED -Rashbehari Hyper Mall,SRL01,R4232,A,Sparq,7k-10k,East Zone,1,2026,RING,1
SPENCER'S RETAIL LIMITED -Rashbehari Hyper Mall,SRL01,RN20460,A,Sparq,2k-4k,East Zone,4,2026,RING,1
SPENCER'S RETAIL LIMITED -Rashbehari Hyper Mall,SRL01,RN20464,A,Sparq,Less Then 2k,East Zone,2,2026,RING,1
SPENCER'S RETAIL LIMITED -Rashbehari Hyper Mall,SRL01,RN20470,A,Sparq,2k-4k,East Zone,2,2026,RING,1
SPENCER'S RETAIL LIMITED -Rashbehari Hyper Mall,SRL01,T19720,A,Sparq,4k-7k,East Zone,2,2026,EARRING,1
SPENCER'S RETAIL LIMITED -Rashbehari Hyper Mall,SRL01,T19726,A,Sparq,4k-7k,East Zone,2,2026,EARRING,1
SPENCER'S RETAIL LIMITED -Rashbehari Hyper Mall,SRL01,T21620,A,Sparq,10k-15k,East Zone,1,2026,EARRING,1
SPENCER'S RETAIL LIMITED -Rashbehari Hyper Mall,SRL01,T21621,A,Sparq,10k-15k,East Zone,1,2026,EARRING,1
SPENCER'S RETAIL LIMITED -Rashbehari Hyper Mall,SRL01,TN20464,A,Sparq,2k-4k,East Zone,11,2025,EARRING,1
SPENCER'S RETAIL LIMITED -Rashbehari Hyper Mall,SRL01,TN20470,A,Sparq,2k-4k,East Zone,4,2026,EARRING,1
SPENCER'S RETAIL LIMITED -Siliguri,SRL14,NP1876,B,Sparkles,Less Then 30k,South Zone,4,2026,NOSE PIN,1
SPENCER'S RETAIL LIMITED -Siliguri,SRL14,NP1882,B,Sparkles,Less Then 30k,South Zone,4,2026,NOSE PIN,1
SPENCER'S RETAIL LIMITED -Siliguri,SRL14,NP20529,B,Sparq,Less Then 2k,South Zone,2,2026,NOSE PIN,1
SPENCER'S RETAIL LIMITED -Siliguri,SRL14,NP20529,B,Sparq,Less Then 2k,South Zone,3,2026,NOSE PIN,1
SPENCER'S RETAIL LIMITED -Siliguri,SRL14,NP7951,B,Sparkles,Less Then 30k,South Zone,5,2026,NOSE PIN,1
SPENCER'S RETAIL LIMITED -Siliguri,SRL14,R14512,B,Sparq,10k-15k,South Zone,5,2026,RING,1
SPENCER'S RETAIL LIMITED -Siliguri,SRL14,R14519,B,Sparq,15k-25k,South Zone,4,2026,RING,1
SPENCER'S RETAIL LIMITED -Siliguri,SRL14,R14659,B,Sparq,10k-15k,South Zone,2,2026,RING,1
SPENCER'S RETAIL LIMITED -Siliguri,SRL14,R14689,B,Sparq,10k-15k,South Zone,1,2026,RING,1
SPENCER'S RETAIL LIMITED -Siliguri,SRL14,R14695,B,Sparq,Above 25k,South Zone,3,2026,RING,1
SPENCER'S RETAIL LIMITED -Siliguri,SRL14,R15029,B,Sparq,4k-7k,South Zone,5,2026,RING,1
SPENCER'S RETAIL LIMITED -Siliguri,SRL14,R15059,B,Sparq,10k-15k,South Zone,5,2026,RING,1
SPENCER'S RETAIL LIMITED -Siliguri,SRL14,R19685,B,Sparq,10k-15k,South Zone,1,2026,RING,1
SPENCER'S RETAIL LIMITED -Siliguri,SRL14,RN20469,B,Sparq,2k-4k,South Zone,1,2026,RING,1
SPENCER'S RETAIL LIMITED -Siliguri,SRL14,T19457,B,Sparq,10k-15k,South Zone,5,2026,EARRING,1
SPENCER'S RETAIL LIMITED -Siliguri,SRL14,T23062,B,Sparq,7k-10k,South Zone,5,2026,EARRING,1
SRI JAIN JEWELLERS,SJJ1,N19504,B,Sparkles,30k-50k,South Zone,3,2026,NECKLACE,1
SRI JAIN JEWELLERS,SJJ1,N19506,B,Sparkles,50k-75k,South Zone,2,2025,NECKLACE,1
SRI JAIN JEWELLERS,SJJ1,N19509,B,Sparkles,50k-75k,South Zone,12,2024,NECKLACE,1
SRI JAIN JEWELLERS,SJJ1,N19594,B,Sparkles,50k-75k,South Zone,11,2025,NECKLACE,1
SRI JAIN JEWELLERS,SJJ1,N19605,B,Sparkles,30k-50k,South Zone,5,2025,NECKLACE,1
SRI JAIN JEWELLERS,SJJ1,NP1754,B,Sparkles,Less Then 30k,South Zone,1,2026,NOSE PIN,1
SRI JAIN JEWELLERS,SJJ1,NP1881,B,Sparkles,Less Then 30k,South Zone,5,2026,NOSE PIN,2
SRI JAIN JEWELLERS,SJJ1,NP1882,B,Sparkles,Less Then 30k,South Zone,12,2024,NOSE PIN,1
SRI JAIN JEWELLERS,SJJ1,NP20505,B,Sparkles,Less Then 30k,South Zone,4,2026,NOSE PIN,2
SRI JAIN JEWELLERS,SJJ1,NP20507,B,Sparkles,Less Then 30k,South Zone,1,2026,NOSE PIN,1
SRI JAIN JEWELLERS,SJJ1,NP20507,B,Sparkles,Less Then 30k,South Zone,2,2025,NOSE PIN,2
SRI JAIN JEWELLERS,SJJ1,NP20507,B,Sparkles,Less Then 30k,South Zone,9,2025,NOSE PIN,2
SRI JAIN JEWELLERS,SJJ1,NP20509,B,Sparkles,Less Then 30k,South Zone,7,2025,NOSE PIN,2
SRI JAIN JEWELLERS,SJJ1,NP20510,B,Sparkles,Less Then 30k,South Zone,2,2025,NOSE PIN,1
SRI JAIN JEWELLERS,SJJ1,NP273,B,Sparkles,Less Then 30k,South Zone,5,2026,NOSE PIN,1
SRI JAIN JEWELLERS,SJJ1,NP7950,B,Sparkles,Less Then 30k,South Zone,4,2026,NOSE PIN,1
SRI JAIN JEWELLERS,SJJ1,NP7950,B,Sparkles,Less Then 30k,South Zone,5,2026,NOSE PIN,1
SRI JAIN JEWELLERS,SJJ1,NP7950,B,Sparkles,Less Then 30k,South Zone,12,2025,NOSE PIN,1
SRI JAIN JEWELLERS,SJJ1,NP8516,B,Sparkles,Less Then 30k,South Zone,3,2026,NOSE PIN,2
SRI JAIN JEWELLERS,SJJ1,NP8516,B,Sparkles,Less Then 30k,South Zone,11,2025,NOSE PIN,1
SRI JAIN JEWELLERS,SJJ1,NP8516,B,Sparkles,Less Then 30k,South Zone,12,2025,NOSE PIN,1
SRI JAIN JEWELLERS,SJJ1,P13433,B,Sparkles,30k-50k,South Zone,11,2025,PENDANT,1
SRI JAIN JEWELLERS,SJJ1,P14330,B,Sparkles,Less Then 30k,South Zone,7,2025,PENDANT,1
SRI JAIN JEWELLERS,SJJ1,P14393,B,Sparkles,Less Then 30k,South Zone,5,2026,PENDANT,1
SRI JAIN JEWELLERS,SJJ1,P14393,B,Sparkles,Less Then 30k,South Zone,7,2025,PENDANT,1
SRI JAIN JEWELLERS,SJJ1,P8716,B,Sparkles,Less Then 30k,South Zone,4,2026,PENDANT,1
SRI JAIN JEWELLERS,SJJ1,R10141,B,Sparkles,30k-50k,South Zone,4,2025,RING,1
SRI JAIN JEWELLERS,SJJ1,R10856,B,Sparkles,Less Then 30k,South Zone,4,2026,RING,1
SRI JAIN JEWELLERS,SJJ1,R10984,B,Sparkles,Less Then 30k,South Zone,11,2025,RING,1
SRI JAIN JEWELLERS,SJJ1,R10988,B,Sparkles,30k-50k,South Zone,5,2025,RING,1
SRI JAIN JEWELLERS,SJJ1,R12186,B,Sparkles,Less Then 30k,South Zone,8,2025,RING,1
SRI JAIN JEWELLERS,SJJ1,R14107,B,Sparkles,Less Then 30k,South Zone,5,2026,RING,1
SRI JAIN JEWELLERS,SJJ1,R14184,B,Sparkles,Less Then 30k,South Zone,2,2025,RING,1
SRI JAIN JEWELLERS,SJJ1,R14331,B,Sparkles,Less Then 30k,South Zone,11,2025,RING,1
SRI JAIN JEWELLERS,SJJ1,R14581,B,Sparkles,Less Then 30k,South Zone,11,2025,RING,1
SRI JAIN JEWELLERS,SJJ1,R8510,B,Sparkles,30k-50k,South Zone,9,2025,RING,1
SRI JAIN JEWELLERS,SJJ1,R9815,B,Sparkles,30k-50k,South Zone,5,2026,RING,1
SRI JAIN JEWELLERS,SJJ1,T13104,B,Sparkles,Less Then 30k,South Zone,2,2025,EARRING,1
SRI JAIN JEWELLERS,SJJ1,T13590,B,Sparkles,Less Then 30k,South Zone,12,2025,EARRING,1
SRI JAIN JEWELLERS,SJJ1,T14152,B,Sparkles,30k-50k,South Zone,12,2025,EARRING,1
SRI JAIN JEWELLERS,SJJ1,T14338,B,Sparkles,30k-50k,South Zone,12,2024,EARRING,1
SRI JAIN JEWELLERS,SJJ1,T15029,B,Sparkles,30k-50k,South Zone,7,2025,EARRING,1
SRI JAIN JEWELLERS,SJJ1,T18251,B,Sparkles,30k-50k,South Zone,11,2025,EARRING,1
SRI JAIN JEWELLERS,SJJ1,T18554,B,Sparkles,Less Then 30k,South Zone,5,2025,EARRING,1
SRI JAIN JEWELLERS,SJJ1,T18555,B,Sparkles,Less Then 30k,South Zone,1,2025,EARRING,1
SRI JAIN JEWELLERS,SJJ1,T18555,B,Sparkles,Less Then 30k,South Zone,12,2024,EARRING,1
SRI JAIN JEWELLERS,SJJ1,T18666,B,Sparkles,Less Then 30k,South Zone,8,2025,EARRING,1
SRI JAIN JEWELLERS,SJJ1,T18667,B,Sparkles,Less Then 30k,South Zone,6,2025,EARRING,1
SRI JAIN JEWELLERS,SJJ1,T18670,B,Sparkles,Less Then 30k,South Zone,9,2025,EARRING,1
SRI JAIN JEWELLERS,SJJ1,T18671,B,Sparkles,30k-50k,South Zone,4,2026,EARRING,1
SRI JAIN JEWELLERS,SJJ1,T18679,B,Sparkles,30k-50k,South Zone,7,2025,EARRING,1
SRI JAIN JEWELLERS,SJJ1,T19014,B,Sparkles,30k-50k,South Zone,1,2026,EARRING,1
SRI JAIN JEWELLERS,SJJ1,T19034,B,Sparkles,30k-50k,South Zone,8,2025,EARRING,1
SRI JAIN JEWELLERS,SJJ1,T19104,B,Sparkles,Less Then 30k,South Zone,2,2025,EARRING,1
SRI JAIN JEWELLERS,SJJ1,T19108,B,Sparkles,30k-50k,South Zone,3,2025,EARRING,1
SRI JAIN JEWELLERS,SJJ1,T19115,B,Sparkles,Less Then 30k,South Zone,8,2025,EARRING,1
SRI JAIN JEWELLERS,SJJ1,T6503,B,Sparkles,Less Then 30k,South Zone,6,2025,EARRING,1
SRI OMPRAKASH & SONS,SO03,AFDT1400,B,Sparkles,30k-50k,South Zone,1,2026,EARRING,1
SRI OMPRAKASH & SONS,SO03,AFDT1409,B,Sparkles,30k-50k,South Zone,9,2025,EARRING,1
SRI OMPRAKASH & SONS,SO03,AFDT1409,B,Sparkles,30k-50k,South Zone,12,2025,EARRING,1
SRI OMPRAKASH & SONS,SO03,NP7950,B,Sparkles,Less Then 30k,South Zone,5,2025,NOSE PIN,1
SRI OMPRAKASH & SONS,SO03,PN20470,B,Sparq,Less Then 2k,South Zone,5,2026,PENDANT,1
SRI OMPRAKASH & SONS,SO03,R10783,B,Sparkles,Less Then 30k,South Zone,6,2025,RING,1
SRI OMPRAKASH & SONS,SO03,R12375,B,Sparkles,30k-50k,South Zone,9,2025,RING,1
SRI OMPRAKASH & SONS,SO03,R14348,B,Sparkles,Less Then 30k,South Zone,5,2026,RING,1
SRI OMPRAKASH & SONS,SO03,R14445,B,Sparkles,Less Then 30k,South Zone,9,2025,RING,1
SRI OMPRAKASH & SONS,SO03,R14615,B,Sparkles,Less Then 30k,South Zone,11,2025,RING,1
SRI OMPRAKASH & SONS,SO03,R4232,B,Sparq,4k-7k,South Zone,3,2026,RING,1
SRI OMPRAKASH & SONS,SO03,R8931,B,Sparkles,30k-50k,South Zone,11,2025,RING,1
SRI OMPRAKASH & SONS,SO03,R9023,B,Sparkles,Less Then 30k,South Zone,12,2025,RING,1
SRI OMPRAKASH & SONS,SO03,R9135,B,Sparkles,30k-50k,South Zone,6,2025,RING,1
SRI OMPRAKASH & SONS,SO03,T13932,B,Sparkles,30k-50k,South Zone,1,2026,EARRING,1
SRI OMPRAKASH & SONS,SO03,T14152,B,Sparkles,50k-75k,South Zone,9,2025,EARRING,1
SRI OMPRAKASH & SONS,SO03,T18541,B,Sparkles,Less Then 30k,South Zone,5,2025,EARRING,1
SRI OMPRAKASH & SONS,SO03,T19047,B,Sparkles,Less Then 30k,South Zone,8,2025,EARRING,1
SRI OMPRAKASH & SONS,SO03,T19188,B,Sparkles,Less Then 30k,South Zone,1,2026,EARRING,1
SRI OMPRAKASH & SONS,SO03,T19203,B,Sparkles,30k-50k,South Zone,7,2025,EARRING,1
SRI OMPRAKASH & SONS,SO03,T2729,B,Sparkles,Less Then 30k,South Zone,9,2025,EARRING,1
SRI OMPRAKASH & SONS,SO03,T6485,B,Sparkles,Less Then 30k,South Zone,1,2026,EARRING,1
SRI OMPRAKASH & SONS,SO03,T9699,B,Sparkles,Less Then 30k,South Zone,12,2025,EARRING,1
SRI OMPRAKASH & SONS,SO03,TN20452,B,Sparq,Less Then 2k,South Zone,5,2026,EARRING,1
SRI OMPRAKASH & SONS,SO03,TN20470,B,Sparq,2k-4k,South Zone,5,2026,EARRING,1
SRI VENKATARAMANA JEWELLERS-5 - Hyderabad,SVJ5,NP1876,A+,Sparkles,Less Then 30k,South Zone,4,2026,NOSE PIN,1
SRI VENKATARAMANA JEWELLERS-5 - Hyderabad,SVJ5,NP2231,A+,Sparkles,Less Then 30k,South Zone,4,2026,NOSE PIN,1
SRI VENKATARAMANA JEWELLERS-5 - Hyderabad,SVJ5,T11273,A+,Sparkles,50k-75k,South Zone,3,2026,EARRING,1
SRI VENKATARAMANA JEWELLERS-5 - Hyderabad,SVJ5,T19094,A+,Sparkles,30k-50k,South Zone,4,2026,EARRING,1
SRI VENKATARAMANA JEWELLERS-5 - Hyderabad,SVJ5,T19183,A+,Sparkles,30k-50k,South Zone,5,2026,EARRING,1
SRI VENKATRAMANA GOLD -1,VGD1,AFDT1400,A+,Sparkles,30k-50k,South Zone,3,2026,EARRING,1
SRI VENKATRAMANA GOLD -1,VGD1,AFDT1401,A+,Sparkles,50k-75k,South Zone,4,2026,EARRING,1
SRI VENKATRAMANA GOLD -1,VGD1,N19532,A+,Sparkles,75k-100k,South Zone,12,2025,NECKLACE,1
SRI VENKATRAMANA GOLD -1,VGD1,N19539,A+,Sparkles,30k-50k,South Zone,11,2025,NECKLACE,1
SRI VENKATRAMANA GOLD -1,VGD1,N19553,A+,Sparkles,50k-75k,South Zone,9,2025,NECKLACE,1
SRI VENKATRAMANA GOLD -1,VGD1,N19601,A+,Sparkles,50k-75k,South Zone,11,2025,NECKLACE,1
SRI VENKATRAMANA GOLD -1,VGD1,N19605,A+,Sparkles,50k-75k,South Zone,4,2025,NECKLACE,1
SRI VENKATRAMANA GOLD -1,VGD1,N19610,A+,Sparkles,30k-50k,South Zone,9,2025,NECKLACE,1
SRI VENKATRAMANA GOLD -1,VGD1,NP11014,A+,Sparkles,Less Then 30k,South Zone,2,2026,NOSE PIN,1
SRI VENKATRAMANA GOLD -1,VGD1,NP11014,A+,Sparkles,Less Then 30k,South Zone,5,2026,NOSE PIN,1
SRI VENKATRAMANA GOLD -1,VGD1,NP11015,A+,Sparkles,Less Then 30k,South Zone,6,2025,NOSE PIN,2
SRI VENKATRAMANA GOLD -1,VGD1,NP1102,A+,Sparkles,Less Then 30k,South Zone,1,2026,NOSE PIN,1
SRI VENKATRAMANA GOLD -1,VGD1,NP1102,A+,Sparkles,Less Then 30k,South Zone,8,2025,NOSE PIN,1
SRI VENKATRAMANA GOLD -1,VGD1,NP1102,A+,Sparkles,Less Then 30k,South Zone,11,2025,NOSE PIN,1
SRI VENKATRAMANA GOLD -1,VGD1,NP12432,A+,Sparkles,Less Then 30k,South Zone,5,2026,NOSE PIN,2
SRI VENKATRAMANA GOLD -1,VGD1,NP1870,A+,Sparkles,Less Then 30k,South Zone,3,2026,NOSE PIN,1
SRI VENKATRAMANA GOLD -1,VGD1,NP1876,A+,Sparkles,Less Then 30k,South Zone,4,2026,NOSE PIN,1
SRI VENKATRAMANA GOLD -1,VGD1,NP1878,A+,Sparkles,Less Then 30k,South Zone,4,2025,NOSE PIN,2
SRI VENKATRAMANA GOLD -1,VGD1,NP1879,A+,Sparkles,Less Then 30k,South Zone,4,2026,NOSE PIN,2
SRI VENKATRAMANA GOLD -1,VGD1,NP1881,A+,Sparkles,Less Then 30k,South Zone,5,2025,NOSE PIN,1
SRI VENKATRAMANA GOLD -1,VGD1,NP1883,A+,Sparkles,Less Then 30k,South Zone,3,2026,NOSE PIN,1
SRI VENKATRAMANA GOLD -1,VGD1,NP1883,A+,Sparkles,Less Then 30k,South Zone,4,2025,NOSE PIN,1
SRI VENKATRAMANA GOLD -1,VGD1,NP1883,A+,Sparkles,Less Then 30k,South Zone,8,2025,NOSE PIN,1
SRI VENKATRAMANA GOLD -1,VGD1,NP20509,A+,Sparkles,Less Then 30k,South Zone,4,2026,NOSE PIN,1
SRI VENKATRAMANA GOLD -1,VGD1,NP20512,A+,Sparkles,Less Then 30k,South Zone,2,2026,NOSE PIN,2
SRI VENKATRAMANA GOLD -1,VGD1,NP21754,A+,Sparkles,Less Then 30k,South Zone,2,2026,NOSE PIN,1
SRI VENKATRAMANA GOLD -1,VGD1,NP22432,A+,Sparkles,Less Then 30k,South Zone,1,2026,NOSE PIN,1
SRI VENKATRAMANA GOLD -1,VGD1,NP22432,A+,Sparkles,Less Then 30k,South Zone,4,2026,NOSE PIN,1
SRI VENKATRAMANA GOLD -1,VGD1,NP22432,A+,Sparkles,Less Then 30k,South Zone,8,2025,NOSE PIN,1
SRI VENKATRAMANA GOLD -1,VGD1,NP2273,A+,Sparkles,Less Then 30k,South Zone,11,2025,NOSE PIN,2
SRI VENKATRAMANA GOLD -1,VGD1,NP273,A+,Sparkles,Less Then 30k,South Zone,7,2025,NOSE PIN,1
SRI VENKATRAMANA GOLD -1,VGD1,NP3290,A+,Sparkles,Less Then 30k,South Zone,4,2026,NOSE PIN,2
SRI VENKATRAMANA GOLD -1,VGD1,NP5231,A+,Sparkles,Less Then 30k,South Zone,2,2026,NOSE PIN,2
SRI VENKATRAMANA GOLD -1,VGD1,NP5231,A+,Sparkles,Less Then 30k,South Zone,8,2025,NOSE PIN,1
SRI VENKATRAMANA GOLD -1,VGD1,NP537,A+,Sparkles,Less Then 30k,South Zone,2,2026,NOSE PIN,1
SRI VENKATRAMANA GOLD -1,VGD1,NP7951,A+,Sparkles,Less Then 30k,South Zone,4,2025,NOSE PIN,1
SRI VENKATRAMANA GOLD -1,VGD1,NP7953,A+,Sparkles,Less Then 30k,South Zone,4,2025,NOSE PIN,2
SRI VENKATRAMANA GOLD -1,VGD1,NP7953,A+,Sparkles,Less Then 30k,South Zone,5,2025,NOSE PIN,1
SRI VENKATRAMANA GOLD -1,VGD1,NP7953,A+,Sparkles,Less Then 30k,South Zone,11,2025,NOSE PIN,1
SRI VENKATRAMANA GOLD -1,VGD1,NP8514,A+,Sparkles,Less Then 30k,South Zone,3,2026,NOSE PIN,1
SRI VENKATRAMANA GOLD -1,VGD1,NP8516,A+,Sparkles,Less Then 30k,South Zone,2,2026,NOSE PIN,1
SRI VENKATRAMANA GOLD -1,VGD1,NP8516,A+,Sparkles,Less Then 30k,South Zone,3,2026,NOSE PIN,1
SRI VENKATRAMANA GOLD -1,VGD1,NP8516,A+,Sparkles,Less Then 30k,South Zone,4,2026,NOSE PIN,1
SRI VENKATRAMANA GOLD -1,VGD1,NP8519,A+,Sparkles,Less Then 30k,South Zone,4,2025,NOSE PIN,2
SRI VENKATRAMANA GOLD -1,VGD1,NPA1754,A+,Sparkles,Less Then 30k,South Zone,3,2026,NOSE PIN,1
SRI VENKATRAMANA GOLD -1,VGD1,PN20407,A+,Sparkles,Less Then 30k,South Zone,9,2025,PENDANT,1
SRI VENKATRAMANA GOLD -1,VGD1,R10384,A+,Sparkles,Less Then 30k,South Zone,8,2025,RING,1
SRI VENKATRAMANA GOLD -1,VGD1,R10462,A+,Sparkles,75k-100k,South Zone,1,2026,RING,1
SRI VENKATRAMANA GOLD -1,VGD1,R10958,A+,Sparkles,Less Then 30k,South Zone,4,2026,RING,1
SRI VENKATRAMANA GOLD -1,VGD1,R11930,A+,Sparkles,Less Then 30k,South Zone,1,2026,RING,1
SRI VENKATRAMANA GOLD -1,VGD1,R12375,A+,Sparkles,30k-50k,South Zone,12,2025,RING,1
SRI VENKATRAMANA GOLD -1,VGD1,R14338,A+,Sparkles,30k-50k,South Zone,5,2025,RING,1
SRI VENKATRAMANA GOLD -1,VGD1,R14338,A+,Sparkles,Less Then 30k,South Zone,4,2025,RING,1
SRI VENKATRAMANA GOLD -1,VGD1,R14354,A+,Sparkles,Less Then 30k,South Zone,5,2025,RING,2
SRI VENKATRAMANA GOLD -1,VGD1,R14550,A+,Sparkles,Less Then 30k,South Zone,3,2026,RING,1
SRI VENKATRAMANA GOLD -1,VGD1,R14581,A+,Sparkles,30k-50k,South Zone,7,2025,RING,1
SRI VENKATRAMANA GOLD -1,VGD1,R14749,A+,Sparkles,Less Then 30k,South Zone,5,2026,RING,1
SRI VENKATRAMANA GOLD -1,VGD1,R14913,A+,Sparkles,Less Then 30k,South Zone,3,2026,RING,1
SRI VENKATRAMANA GOLD -1,VGD1,R14913,A+,Sparkles,Less Then 30k,South Zone,4,2026,RING,1
SRI VENKATRAMANA GOLD -1,VGD1,R492,A+,Sparkles,30k-50k,South Zone,11,2025,RING,1
SRI VENKATRAMANA GOLD -1,VGD1,R7674,A+,Sparkles,50k-75k,South Zone,11,2025,RING,1
SRI VENKATRAMANA GOLD -1,VGD1,R8012,A+,Sparkles,Less Then 30k,South Zone,6,2025,RING,1
SRI VENKATRAMANA GOLD -1,VGD1,R8869,A+,Sparkles,30k-50k,South Zone,8,2025,RING,1
SRI VENKATRAMANA GOLD -1,VGD1,R8963,A+,Sparkles,30k-50k,South Zone,11,2025,RING,1
SRI VENKATRAMANA GOLD -1,VGD1,R9063,A+,Sparkles,Less Then 30k,South Zone,2,2026,RING,1
SRI VENKATRAMANA GOLD -1,VGD1,RN14834,A+,Sparkles,Less Then 30k,South Zone,1,2026,RING,1
SRI VENKATRAMANA GOLD -1,VGD1,RN20403,A+,Sparkles,Less Then 30k,South Zone,1,2026,RING,1
SRI VENKATRAMANA GOLD -1,VGD1,SMNP515,A+,Sparkles,Less Then 30k,South Zone,4,2026,NOSE PIN,1
SRI VENKATRAMANA GOLD -1,VGD1,SMNP515,A+,Sparkles,Less Then 30k,South Zone,12,2025,NOSE PIN,2
SRI VENKATRAMANA GOLD -1,VGD1,SMNP520,A+,Sparkles,Less Then 30k,South Zone,8,2025,NOSE PIN,2
SRI VENKATRAMANA GOLD -1,VGD1,T10547,A+,Sparkles,Less Then 30k,South Zone,4,2026,EARRING,1
SRI VENKATRAMANA GOLD -1,VGD1,T11273,A+,Sparkles,30k-50k,South Zone,3,2026,EARRING,1
SRI VENKATRAMANA GOLD -1,VGD1,T13568,A+,Sparkles,30k-50k,South Zone,8,2025,EARRING,1
SRI VENKATRAMANA GOLD -1,VGD1,T13568,A+,Sparkles,30k-50k,South Zone,11,2025,EARRING,1
SRI VENKATRAMANA GOLD -1,VGD1,T14151,A+,Sparkles,Less Then 30k,South Zone,7,2025,EARRING,1
SRI VENKATRAMANA GOLD -1,VGD1,T14297,A+,Sparkles,30k-50k,South Zone,4,2025,EARRING,1
SRI VENKATRAMANA GOLD -1,VGD1,T14297,A+,Sparkles,30k-50k,South Zone,11,2025,EARRING,1
SRI VENKATRAMANA GOLD -1,VGD1,T14380,A+,Sparkles,Less Then 30k,South Zone,2,2026,EARRING,1
SRI VENKATRAMANA GOLD -1,VGD1,T14446,A+,Sparkles,30k-50k,South Zone,12,2025,EARRING,1
SRI VENKATRAMANA GOLD -1,VGD1,T17797,A+,Sparkles,30k-50k,South Zone,12,2025,EARRING,1
SRI VENKATRAMANA GOLD -1,VGD1,T18554,A+,Sparkles,Less Then 30k,South Zone,2,2026,EARRING,2
SRI VENKATRAMANA GOLD -1,VGD1,T18658,A+,Sparkles,30k-50k,South Zone,12,2025,EARRING,1
SRI VENKATRAMANA GOLD -1,VGD1,T18662,A+,Sparkles,50k-75k,South Zone,7,2025,EARRING,1
SRI VENKATRAMANA GOLD -1,VGD1,T18664,A+,Sparkles,50k-75k,South Zone,9,2025,EARRING,1
SRI VENKATRAMANA GOLD -1,VGD1,T18678,A+,Sparkles,30k-50k,South Zone,4,2026,EARRING,1
SRI VENKATRAMANA GOLD -1,VGD1,T18680,A+,Sparkles,Less Then 30k,South Zone,4,2025,EARRING,1
SRI VENKATRAMANA GOLD -1,VGD1,T19011,A+,Sparkles,30k-50k,South Zone,1,2026,EARRING,1
SRI VENKATRAMANA GOLD -1,VGD1,T19013,A+,Sparkles,30k-50k,South Zone,11,2025,EARRING,1
SRI VENKATRAMANA GOLD -1,VGD1,T19027,A+,Sparkles,75k-100k,South Zone,3,2026,EARRING,1
SRI VENKATRAMANA GOLD -1,VGD1,T19041,A+,Sparkles,30k-50k,South Zone,3,2026,EARRING,1
SRI VENKATRAMANA GOLD -1,VGD1,T19048,A+,Sparkles,30k-50k,South Zone,9,2025,EARRING,1
SRI VENKATRAMANA GOLD -1,VGD1,T19059,A+,Sparkles,30k-50k,South Zone,3,2026,EARRING,1
SRI VENKATRAMANA GOLD -1,VGD1,T19072,A+,Sparkles,30k-50k,South Zone,8,2025,EARRING,1
SRI VENKATRAMANA GOLD -1,VGD1,T19087,A+,Sparkles,Less Then 30k,South Zone,1,2026,EARRING,1
SRI VENKATRAMANA GOLD -1,VGD1,T19088,A+,Sparkles,50k-75k,South Zone,9,2025,EARRING,1
SRI VENKATRAMANA GOLD -1,VGD1,T19092,A+,Sparkles,30k-50k,South Zone,9,2025,EARRING,1
SRI VENKATRAMANA GOLD -1,VGD1,T19096,A+,Sparkles,30k-50k,South Zone,5,2025,EARRING,1
SRI VENKATRAMANA GOLD -1,VGD1,T19099,A+,Sparkles,30k-50k,South Zone,8,2025,EARRING,1
SRI VENKATRAMANA GOLD -1,VGD1,T19101,A+,Sparkles,30k-50k,South Zone,9,2025,EARRING,1
SRI VENKATRAMANA GOLD -1,VGD1,T19232,A+,Sparkles,50k-75k,South Zone,1,2026,EARRING,1
SRI VENKATRAMANA GOLD -1,VGD1,T20328,A+,Sparkles,30k-50k,South Zone,9,2025,EARRING,1
SRI VENKATRAMANA GOLD -1,VGD1,T2729,A+,Sparkles,Less Then 30k,South Zone,3,2026,EARRING,1
SRI VENKATRAMANA GOLD -1,VGD1,T6485,A+,Sparkles,Less Then 30k,South Zone,9,2025,EARRING,1
SRI VENKATRAMANA GOLD -1,VGD1,T6549,A+,Sparkles,30k-50k,South Zone,4,2026,EARRING,1
SRI VENKATRAMANA GOLD -1,VGD1,TN20403,A+,Sparkles,Less Then 30k,South Zone,2,2026,EARRING,1
SRI VENKATRAMANA GOLD -1,VGD1,TN20409,A+,Sparkles,Less Then 30k,South Zone,11,2025,EARRING,1
SRI VENKATRAMANA GOLD -1,VGD1,TN20413,A+,Sparkles,Less Then 30k,South Zone,4,2026,EARRING,1
SRI VENKATRAMANA GOLD -1,VGD1,TN20414,A+,Sparkles,Less Then 30k,South Zone,1,2026,EARRING,1
SRI VENKATRAMANA GOLD -1,VGD1,TN20414,A+,Sparkles,Less Then 30k,South Zone,11,2025,EARRING,1
SRI VENKATRAMANA GOLD -2,VGD2,AFDN300,A+,Sparkles,30k-50k,South Zone,12,2025,PENDANT,1
SRI VENKATRAMANA GOLD -2,VGD2,AFDT1401,A+,Sparkles,50k-75k,South Zone,4,2025,EARRING,1
SRI VENKATRAMANA GOLD -2,VGD2,AFDT1402,A+,Sparkles,100k-150k,South Zone,11,2025,EARRING,1
SRI VENKATRAMANA GOLD -2,VGD2,AFDT1409,A+,Sparkles,Less Then 30k,South Zone,4,2026,EARRING,1
SRI VENKATRAMANA GOLD -2,VGD2,AFDT1410,A+,Sparkles,Less Then 30k,South Zone,11,2025,EARRING,1
SRI VENKATRAMANA GOLD -2,VGD2,AFDT1410,A+,Sparkles,Less Then 30k,South Zone,12,2025,EARRING,1
SRI VENKATRAMANA GOLD -2,VGD2,BR20609,A+,Sparkles,75k-100k,South Zone,7,2025,BRACELET,1
SRI VENKATRAMANA GOLD -2,VGD2,N19539,A+,Sparkles,30k-50k,South Zone,4,2025,NECKLACE,1
SRI VENKATRAMANA GOLD -2,VGD2,N19562,A+,Sparkles,50k-75k,South Zone,1,2026,NECKLACE,1
SRI VENKATRAMANA GOLD -2,VGD2,N19632,A+,Sparkles,75k-100k,South Zone,1,2026,NECKLACE,1
SRI VENKATRAMANA GOLD -2,VGD2,NP11010,A+,Sparkles,Less Then 30k,South Zone,12,2025,NOSE PIN,2
SRI VENKATRAMANA GOLD -2,VGD2,NP11014,A+,Sparkles,Less Then 30k,South Zone,5,2025,NOSE PIN,1
SRI VENKATRAMANA GOLD -2,VGD2,NP1231,A+,Sparkles,Less Then 30k,South Zone,1,2026,NOSE PIN,1
SRI VENKATRAMANA GOLD -2,VGD2,NP1259,A+,Sparkles,Less Then 30k,South Zone,12,2025,NOSE PIN,1
SRI VENKATRAMANA GOLD -2,VGD2,NP1754,A+,Sparkles,Less Then 30k,South Zone,8,2025,NOSE PIN,1
SRI VENKATRAMANA GOLD -2,VGD2,NP1878,A+,Sparkles,Less Then 30k,South Zone,4,2025,NOSE PIN,2
SRI VENKATRAMANA GOLD -2,VGD2,NP1878,A+,Sparkles,Less Then 30k,South Zone,8,2025,NOSE PIN,2
SRI VENKATRAMANA GOLD -2,VGD2,NP1879,A+,Sparkles,Less Then 30k,South Zone,5,2025,NOSE PIN,2
SRI VENKATRAMANA GOLD -2,VGD2,NP1879,A+,Sparkles,Less Then 30k,South Zone,11,2025,NOSE PIN,1
SRI VENKATRAMANA GOLD -2,VGD2,NP1881,A+,Sparkles,Less Then 30k,South Zone,4,2025,NOSE PIN,1
SRI VENKATRAMANA GOLD -2,VGD2,NP1883,A+,Sparkles,Less Then 30k,South Zone,11,2025,NOSE PIN,1
SRI VENKATRAMANA GOLD -2,VGD2,NP1883,A+,Sparkles,Less Then 30k,South Zone,12,2025,NOSE PIN,1
SRI VENKATRAMANA GOLD -2,VGD2,NP20507,A+,Sparkles,Less Then 30k,South Zone,11,2025,NOSE PIN,1
SRI VENKATRAMANA GOLD -2,VGD2,NP22432,A+,Sparkles,Less Then 30k,South Zone,2,2026,NOSE PIN,1
SRI VENKATRAMANA GOLD -2,VGD2,NP22432,A+,Sparkles,Less Then 30k,South Zone,9,2025,NOSE PIN,1
SRI VENKATRAMANA GOLD -2,VGD2,NP2273,A+,Sparkles,Less Then 30k,South Zone,4,2026,NOSE PIN,1
SRI VENKATRAMANA GOLD -2,VGD2,NP2273,A+,Sparkles,Less Then 30k,South Zone,7,2025,NOSE PIN,1
SRI VENKATRAMANA GOLD -2,VGD2,NP273,A+,Sparkles,Less Then 30k,South Zone,4,2026,NOSE PIN,1
SRI VENKATRAMANA GOLD -2,VGD2,NP273,A+,Sparkles,Less Then 30k,South Zone,11,2025,NOSE PIN,1
SRI VENKATRAMANA GOLD -2,VGD2,NP3290,A+,Sparkles,Less Then 30k,South Zone,3,2026,NOSE PIN,2
SRI VENKATRAMANA GOLD -2,VGD2,NP3290,A+,Sparkles,Less Then 30k,South Zone,11,2025,NOSE PIN,2
SRI VENKATRAMANA GOLD -2,VGD2,NP5231,A+,Sparkles,Less Then 30k,South Zone,7,2025,NOSE PIN,2
SRI VENKATRAMANA GOLD -2,VGD2,NP537,A+,Sparkles,Less Then 30k,South Zone,5,2025,NOSE PIN,1
SRI VENKATRAMANA GOLD -2,VGD2,NP7231,A+,Sparkles,Less Then 30k,South Zone,5,2026,NOSE PIN,1
SRI VENKATRAMANA GOLD -2,VGD2,NP7950,A+,Sparkles,Less Then 30k,South Zone,3,2026,NOSE PIN,1
SRI VENKATRAMANA GOLD -2,VGD2,NP7951,A+,Sparkles,Less Then 30k,South Zone,5,2026,NOSE PIN,1
SRI VENKATRAMANA GOLD -2,VGD2,NP8514,A+,Sparkles,Less Then 30k,South Zone,5,2025,NOSE PIN,1
SRI VENKATRAMANA GOLD -2,VGD2,NP8514,A+,Sparkles,Less Then 30k,South Zone,11,2025,NOSE PIN,2
SRI VENKATRAMANA GOLD -2,VGD2,NP8516,A+,Sparkles,Less Then 30k,South Zone,1,2026,NOSE PIN,1
SRI VENKATRAMANA GOLD -2,VGD2,NP8516,A+,Sparkles,Less Then 30k,South Zone,5,2025,NOSE PIN,2
SRI VENKATRAMANA GOLD -2,VGD2,NP8516,A+,Sparkles,Less Then 30k,South Zone,7,2025,NOSE PIN,1
SRI VENKATRAMANA GOLD -2,VGD2,NP8516,A+,Sparkles,Less Then 30k,South Zone,11,2025,NOSE PIN,6
SRI VENKATRAMANA GOLD -2,VGD2,NP8516,A+,Sparkles,Less Then 30k,South Zone,12,2025,NOSE PIN,5
SRI VENKATRAMANA GOLD -2,VGD2,NP8519,A+,Sparkles,Less Then 30k,South Zone,4,2025,NOSE PIN,1
SRI VENKATRAMANA GOLD -2,VGD2,NP8519,A+,Sparkles,Less Then 30k,South Zone,8,2025,NOSE PIN,1
SRI VENKATRAMANA GOLD -2,VGD2,NPA1754,A+,Sparkles,Less Then 30k,South Zone,6,2025,NOSE PIN,1
SRI VENKATRAMANA GOLD -2,VGD2,NPA1754,A+,Sparkles,Less Then 30k,South Zone,11,2025,NOSE PIN,1
SRI VENKATRAMANA GOLD -2,VGD2,P20001,A+,Sparkles,Less Then 30k,South Zone,6,2025,PENDANT,1
SRI VENKATRAMANA GOLD -2,VGD2,P20036,A+,Sparkles,30k-50k,South Zone,8,2025,PENDANT,1
SRI VENKATRAMANA GOLD -2,VGD2,P20138,A+,Sparkles,Less Then 30k,South Zone,7,2025,PENDANT,1
SRI VENKATRAMANA GOLD -2,VGD2,P2438,A+,Sparkles,Less Then 30k,South Zone,4,2026,PENDANT,1
SRI VENKATRAMANA GOLD -2,VGD2,R10153,A+,Sparkles,Less Then 30k,South Zone,2,2026,RING,1
SRI VENKATRAMANA GOLD -2,VGD2,R10153,A+,Sparkles,Less Then 30k,South Zone,4,2026,RING,1
SRI VENKATRAMANA GOLD -2,VGD2,R10383,A+,Sparkles,Less Then 30k,South Zone,7,2025,RING,1
SRI VENKATRAMANA GOLD -2,VGD2,R10991,A+,Sparkles,Less Then 30k,South Zone,2,2026,RING,1
SRI VENKATRAMANA GOLD -2,VGD2,R11930,A+,Sparkles,Less Then 30k,South Zone,4,2026,RING,1
SRI VENKATRAMANA GOLD -2,VGD2,R12837,A+,Sparkles,50k-75k,South Zone,4,2026,RING,1
SRI VENKATRAMANA GOLD -2,VGD2,R14296,A+,Sparkles,Less Then 30k,South Zone,1,2026,RING,1
SRI VENKATRAMANA GOLD -2,VGD2,R14356,A+,Sparkles,30k-50k,South Zone,2,2026,RING,1
SRI VENKATRAMANA GOLD -2,VGD2,R14912,A+,Sparkles,Less Then 30k,South Zone,4,2026,RING,1
SRI VENKATRAMANA GOLD -2,VGD2,R19643,A+,Sparkles,Less Then 30k,South Zone,4,2026,RING,1
SRI VENKATRAMANA GOLD -2,VGD2,R3214,A+,Sparkles,30k-50k,South Zone,1,2026,RING,1
SRI VENKATRAMANA GOLD -2,VGD2,R787,A+,Sparkles,30k-50k,South Zone,9,2025,RING,1
SRI VENKATRAMANA GOLD -2,VGD2,R8012,A+,Sparkles,Less Then 30k,South Zone,8,2025,RING,1
SRI VENKATRAMANA GOLD -2,VGD2,R9063,A+,Sparkles,Less Then 30k,South Zone,1,2026,RING,1
SRI VENKATRAMANA GOLD -2,VGD2,RN14781,A+,Sparkles,30k-50k,South Zone,2,2026,RING,1
SRI VENKATRAMANA GOLD -2,VGD2,RN14824,A+,Sparkles,Less Then 30k,South Zone,12,2025,RING,1
SRI VENKATRAMANA GOLD -2,VGD2,RN14828,A+,Sparkles,Less Then 30k,South Zone,11,2025,RING,1
SRI VENKATRAMANA GOLD -2,VGD2,RN14829,A+,Sparkles,Less Then 30k,South Zone,2,2026,RING,1
SRI VENKATRAMANA GOLD -2,VGD2,RN14837,A+,Sparkles,Less Then 30k,South Zone,5,2026,RING,1
SRI VENKATRAMANA GOLD -2,VGD2,RN20407,A+,Sparkles,Less Then 30k,South Zone,11,2025,RING,1
SRI VENKATRAMANA GOLD -2,VGD2,RN20409,A+,Sparkles,Less Then 30k,South Zone,1,2026,RING,1
SRI VENKATRAMANA GOLD -2,VGD2,SMNP520,A+,Sparkles,Less Then 30k,South Zone,3,2026,NOSE PIN,2
SRI VENKATRAMANA GOLD -2,VGD2,SMNP520,A+,Sparkles,Less Then 30k,South Zone,11,2025,NOSE PIN,2
SRI VENKATRAMANA GOLD -2,VGD2,T13123,A+,Sparkles,30k-50k,South Zone,5,2026,EARRING,1
SRI VENKATRAMANA GOLD -2,VGD2,T13526,A+,Sparkles,Less Then 30k,South Zone,12,2025,EARRING,1
SRI VENKATRAMANA GOLD -2,VGD2,T14151,A+,Sparkles,Less Then 30k,South Zone,5,2025,EARRING,1
SRI VENKATRAMANA GOLD -2,VGD2,T14425,A+,Sparkles,30k-50k,South Zone,11,2025,EARRING,1
SRI VENKATRAMANA GOLD -2,VGD2,T14621,A+,Sparkles,30k-50k,South Zone,5,2025,EARRING,1
SRI VENKATRAMANA GOLD -2,VGD2,T18555,A+,Sparkles,Less Then 30k,South Zone,9,2025,EARRING,1
SRI VENKATRAMANA GOLD -2,VGD2,T18657,A+,Sparkles,30k-50k,South Zone,8,2025,EARRING,1
SRI VENKATRAMANA GOLD -2,VGD2,T18658,A+,Sparkles,30k-50k,South Zone,7,2025,EARRING,1
SRI VENKATRAMANA GOLD -2,VGD2,T18678,A+,Sparkles,30k-50k,South Zone,4,2026,EARRING,1
SRI VENKATRAMANA GOLD -2,VGD2,T18678,A+,Sparkles,30k-50k,South Zone,12,2025,EARRING,1
SRI VENKATRAMANA GOLD -2,VGD2,T18679,A+,Sparkles,30k-50k,South Zone,8,2025,EARRING,1
SRI VENKATRAMANA GOLD -2,VGD2,T18680,A+,Sparkles,Less Then 30k,South Zone,11,2025,EARRING,1
SRI VENKATRAMANA GOLD -2,VGD2,T19059,A+,Sparkles,30k-50k,South Zone,4,2026,EARRING,1
SRI VENKATRAMANA GOLD -2,VGD2,T19072,A+,Sparkles,30k-50k,South Zone,11,2025,EARRING,1
SRI VENKATRAMANA GOLD -2,VGD2,T19092,A+,Sparkles,30k-50k,South Zone,11,2025,EARRING,1
SRI VENKATRAMANA GOLD -2,VGD2,T19094,A+,Sparkles,Less Then 30k,South Zone,11,2025,EARRING,1
SRI VENKATRAMANA GOLD -2,VGD2,T19099,A+,Sparkles,30k-50k,South Zone,1,2026,EARRING,1
SRI VENKATRAMANA GOLD -2,VGD2,T19115,A+,Sparkles,Less Then 30k,South Zone,5,2026,EARRING,1
SRI VENKATRAMANA GOLD -2,VGD2,T19138,A+,Sparkles,Less Then 30k,South Zone,5,2026,EARRING,1
SRI VENKATRAMANA GOLD -2,VGD2,T19237,A+,Sparkles,30k-50k,South Zone,5,2026,EARRING,1
SRI VENKATRAMANA GOLD -2,VGD2,T19498,A+,Sparkles,30k-50k,South Zone,2,2026,EARRING,1
SRI VENKATRAMANA GOLD -2,VGD2,T20313,A+,Sparkles,30k-50k,South Zone,11,2025,EARRING,1
SRI VENKATRAMANA GOLD -2,VGD2,T5663,A+,Sparkles,Less Then 30k,South Zone,8,2025,EARRING,1
SRI VENKATRAMANA GOLD -2,VGD2,T6485,A+,Sparkles,Less Then 30k,South Zone,4,2025,EARRING,1
SRI VENKATRAMANA GOLD -2,VGD2,T6485,A+,Sparkles,Less Then 30k,South Zone,11,2025,EARRING,1
SRI VENKATRAMANA GOLD -2,VGD2,T6549,A+,Sparkles,30k-50k,South Zone,9,2025,EARRING,1
SRI VENKATRAMANA GOLD -2,VGD2,T8530,A+,Sparkles,75k-100k,South Zone,12,2025,EARRING,1
SRI VENKATRAMANA GOLD -2,VGD2,T8715,A+,Sparkles,30k-50k,South Zone,9,2025,EARRING,1
SRI VENKATRAMANA GOLD -2,VGD2,T996,A+,Sparkles,30k-50k,South Zone,11,2025,EARRING,1
SRI VENKATRAMANA GOLD -2,VGD2,TN20404,A+,Sparkles,Less Then 30k,South Zone,3,2026,EARRING,1
SRI VENKATRAMANA GOLD -2,VGD2,TN20405,A+,Sparkles,Less Then 30k,South Zone,11,2025,EARRING,1
SRI VENKATRAMANA GOLD -2,VGD2,TN20414,A+,Sparkles,Less Then 30k,South Zone,11,2025,EARRING,1
SRI VENKATRAMANA GOLD -2,VGD2,TNP1876,A+,Sparkles,Less Then 30k,South Zone,5,2026,EARRING,1
SRI VENKATRAMANA GOLD -2,VGD2,TNP8516,A+,Sparkles,Less Then 30k,South Zone,11,2025,EARRING,1
SRI VENKATRAMANA JEWELLERS-3,SVRJ,AFDT1400,A+,Sparkles,Less Then 30k,South Zone,3,2026,EARRING,1
SRI VENKATRAMANA JEWELLERS-3,SVRJ,AFDT1410,A+,Sparkles,Less Then 30k,South Zone,5,2025,EARRING,1
SRI VENKATRAMANA JEWELLERS-3,SVRJ,NP11014,A+,Sparkles,Less Then 30k,South Zone,3,2026,NOSE PIN,1
SRI VENKATRAMANA JEWELLERS-3,SVRJ,NP11018,A+,Sparkles,Less Then 30k,South Zone,4,2026,NOSE PIN,2
SRI VENKATRAMANA JEWELLERS-3,SVRJ,NP11484,A+,Sparkles,Less Then 30k,South Zone,2,2026,NOSE PIN,1
SRI VENKATRAMANA JEWELLERS-3,SVRJ,NP1231,A+,Sparkles,Less Then 30k,South Zone,1,2026,NOSE PIN,2
SRI VENKATRAMANA JEWELLERS-3,SVRJ,NP1484,A+,Sparkles,Less Then 30k,South Zone,2,2026,NOSE PIN,1
SRI VENKATRAMANA JEWELLERS-3,SVRJ,NP1488,A+,Sparkles,Less Then 30k,South Zone,7,2025,NOSE PIN,1
SRI VENKATRAMANA JEWELLERS-3,SVRJ,NP1488,A+,Sparkles,Less Then 30k,South Zone,12,2025,NOSE PIN,1
SRI VENKATRAMANA JEWELLERS-3,SVRJ,NP1878,A+,Sparkles,Less Then 30k,South Zone,1,2026,NOSE PIN,2
SRI VENKATRAMANA JEWELLERS-3,SVRJ,NP1879,A+,Sparkles,Less Then 30k,South Zone,4,2026,NOSE PIN,2
SRI VENKATRAMANA JEWELLERS-3,SVRJ,NP1879,A+,Sparkles,Less Then 30k,South Zone,8,2025,NOSE PIN,1
SRI VENKATRAMANA JEWELLERS-3,SVRJ,NP1883,A+,Sparkles,Less Then 30k,South Zone,1,2026,NOSE PIN,1
SRI VENKATRAMANA JEWELLERS-3,SVRJ,NP20505,A+,Sparkles,Less Then 30k,South Zone,1,2026,NOSE PIN,2
SRI VENKATRAMANA JEWELLERS-3,SVRJ,NP20507,A+,Sparkles,Less Then 30k,South Zone,4,2026,NOSE PIN,1
SRI VENKATRAMANA JEWELLERS-3,SVRJ,NP20507,A+,Sparkles,Less Then 30k,South Zone,8,2025,NOSE PIN,1
SRI VENKATRAMANA JEWELLERS-3,SVRJ,NP20510,A+,Sparkles,Less Then 30k,South Zone,2,2026,NOSE PIN,2
SRI VENKATRAMANA JEWELLERS-3,SVRJ,NP20510,A+,Sparkles,Less Then 30k,South Zone,4,2026,NOSE PIN,1
SRI VENKATRAMANA JEWELLERS-3,SVRJ,NP20510,A+,Sparkles,Less Then 30k,South Zone,11,2025,NOSE PIN,1
SRI VENKATRAMANA JEWELLERS-3,SVRJ,NP2273,A+,Sparkles,Less Then 30k,South Zone,11,2025,NOSE PIN,2
SRI VENKATRAMANA JEWELLERS-3,SVRJ,NP239,A+,Sparkles,Less Then 30k,South Zone,11,2025,NOSE PIN,2
SRI VENKATRAMANA JEWELLERS-3,SVRJ,NP273,A+,Sparkles,Less Then 30k,South Zone,2,2026,NOSE PIN,1
SRI VENKATRAMANA JEWELLERS-3,SVRJ,NP3290,A+,Sparkles,Less Then 30k,South Zone,4,2026,NOSE PIN,2
SRI VENKATRAMANA JEWELLERS-3,SVRJ,NP537,A+,Sparkles,Less Then 30k,South Zone,8,2025,NOSE PIN,1
SRI VENKATRAMANA JEWELLERS-3,SVRJ,NP537,A+,Sparkles,Less Then 30k,South Zone,11,2025,NOSE PIN,1
SRI VENKATRAMANA JEWELLERS-3,SVRJ,NP7134,A+,Sparkles,Less Then 30k,South Zone,2,2026,NOSE PIN,2
SRI VENKATRAMANA JEWELLERS-3,SVRJ,NP7953,A+,Sparkles,Less Then 30k,South Zone,1,2026,NOSE PIN,1
SRI VENKATRAMANA JEWELLERS-3,SVRJ,NP7953,A+,Sparkles,Less Then 30k,South Zone,6,2025,NOSE PIN,1
SRI VENKATRAMANA JEWELLERS-3,SVRJ,NP7953,A+,Sparkles,Less Then 30k,South Zone,11,2025,NOSE PIN,1
SRI VENKATRAMANA JEWELLERS-3,SVRJ,NP8516,A+,Sparkles,Less Then 30k,South Zone,1,2026,NOSE PIN,1
SRI VENKATRAMANA JEWELLERS-3,SVRJ,NP8516,A+,Sparkles,Less Then 30k,South Zone,5,2026,NOSE PIN,1
SRI VENKATRAMANA JEWELLERS-3,SVRJ,NP8516,A+,Sparkles,Less Then 30k,South Zone,8,2025,NOSE PIN,2
SRI VENKATRAMANA JEWELLERS-3,SVRJ,NP8516,A+,Sparkles,Less Then 30k,South Zone,9,2025,NOSE PIN,1
SRI VENKATRAMANA JEWELLERS-3,SVRJ,NP8516,A+,Sparkles,Less Then 30k,South Zone,11,2025,NOSE PIN,1
SRI VENKATRAMANA JEWELLERS-3,SVRJ,NP8519,A+,Sparkles,Less Then 30k,South Zone,4,2026,NOSE PIN,2
SRI VENKATRAMANA JEWELLERS-3,SVRJ,P20037,A+,Sparkles,Less Then 30k,South Zone,9,2025,PENDANT,1
SRI VENKATRAMANA JEWELLERS-3,SVRJ,P20138,A+,Sparkles,Less Then 30k,South Zone,4,2026,PENDANT,1
SRI VENKATRAMANA JEWELLERS-3,SVRJ,R12402,A+,Sparkles,Less Then 30k,South Zone,3,2026,RING,1
SRI VENKATRAMANA JEWELLERS-3,SVRJ,R14299,A+,Sparkles,Less Then 30k,South Zone,2,2026,RING,1
SRI VENKATRAMANA JEWELLERS-3,SVRJ,R14573,A+,Sparkles,Less Then 30k,South Zone,6,2025,RING,1
SRI VENKATRAMANA JEWELLERS-3,SVRJ,R14575,A+,Sparkles,30k-50k,South Zone,1,2026,RING,1
SRI VENKATRAMANA JEWELLERS-3,SVRJ,R492,A+,Sparkles,50k-75k,South Zone,6,2025,RING,1
SRI VENKATRAMANA JEWELLERS-3,SVRJ,R787,A+,Sparkles,30k-50k,South Zone,6,2025,RING,1
SRI VENKATRAMANA JEWELLERS-3,SVRJ,R8525,A+,Sparkles,50k-75k,South Zone,6,2025,RING,1
SRI VENKATRAMANA JEWELLERS-3,SVRJ,RN14828,A+,Sparkles,Less Then 30k,South Zone,12,2025,RING,1
SRI VENKATRAMANA JEWELLERS-3,SVRJ,SMNP515,A+,Sparkles,Less Then 30k,South Zone,4,2026,NOSE PIN,2
SRI VENKATRAMANA JEWELLERS-3,SVRJ,SMNP515,A+,Sparkles,Less Then 30k,South Zone,7,2025,NOSE PIN,1
SRI VENKATRAMANA JEWELLERS-3,SVRJ,SMNP522,A+,Sparkles,Less Then 30k,South Zone,8,2025,NOSE PIN,1
SRI VENKATRAMANA JEWELLERS-3,SVRJ,T12339,A+,Sparkles,Less Then 30k,South Zone,4,2026,EARRING,1
SRI VENKATRAMANA JEWELLERS-3,SVRJ,T13451,A+,Sparkles,30k-50k,South Zone,9,2025,EARRING,1
SRI VENKATRAMANA JEWELLERS-3,SVRJ,T13930,A+,Sparkles,30k-50k,South Zone,1,2026,EARRING,1
SRI VENKATRAMANA JEWELLERS-3,SVRJ,T15029,A+,Sparkles,30k-50k,South Zone,1,2026,EARRING,1
SRI VENKATRAMANA JEWELLERS-3,SVRJ,T18657,A+,Sparkles,30k-50k,South Zone,6,2025,EARRING,1
SRI VENKATRAMANA JEWELLERS-3,SVRJ,T18680,A+,Sparkles,Less Then 30k,South Zone,4,2026,EARRING,1
SRI VENKATRAMANA JEWELLERS-3,SVRJ,T19014,A+,Sparkles,50k-75k,South Zone,1,2026,EARRING,1
SRI VENKATRAMANA JEWELLERS-3,SVRJ,T19102,A+,Sparkles,30k-50k,South Zone,1,2026,EARRING,1
SRI VENKATRAMANA JEWELLERS-3,SVRJ,T7227,A+,Sparkles,50k-75k,South Zone,2,2026,EARRING,1
SRI VENKATRAMANA JEWELLERS-3,SVRJ,T8715,A+,Sparkles,Less Then 30k,South Zone,5,2025,EARRING,1
SWARNA MAHAL JEWELLERS,SMJ1,AFDT90075,A,Sparkles,Less Then 30k,East Zone,9,2025,EARRING,1
SWARNA MAHAL JEWELLERS,SMJ1,NP1231,A,Sparkles,Less Then 30k,East Zone,11,2025,NOSE PIN,1
SWARNA MAHAL JEWELLERS,SMJ1,NP12432,A,Sparkles,Less Then 30k,East Zone,2,2026,NOSE PIN,1
SWARNA MAHAL JEWELLERS,SMJ1,NP1876,A,Sparkles,Less Then 30k,East Zone,2,2026,NOSE PIN,1
SWARNA MAHAL JEWELLERS,SMJ1,NP1876,A,Sparkles,Less Then 30k,East Zone,10,2025,NOSE PIN,1
SWARNA MAHAL JEWELLERS,SMJ1,NP1879,A,Sparkles,Less Then 30k,East Zone,10,2025,NOSE PIN,1
SWARNA MAHAL JEWELLERS,SMJ1,NP1882,A,Sparkles,Less Then 30k,East Zone,3,2026,NOSE PIN,1
SWARNA MAHAL JEWELLERS,SMJ1,NP20505,A,Sparkles,Less Then 30k,East Zone,2,2026,NOSE PIN,1
SWARNA MAHAL JEWELLERS,SMJ1,NP20507,A,Sparkles,Less Then 30k,East Zone,2,2026,NOSE PIN,1
SWARNA MAHAL JEWELLERS,SMJ1,NP20523,A,Sparq,2k-4k,East Zone,2,2026,NOSE PIN,1
SWARNA MAHAL JEWELLERS,SMJ1,NP20523,A,Sparq,Less Then 2k,East Zone,2,2026,NOSE PIN,1
SWARNA MAHAL JEWELLERS,SMJ1,NP20524,A,Sparq,2k-4k,East Zone,2,2026,NOSE PIN,1
SWARNA MAHAL JEWELLERS,SMJ1,NP20525,A,Sparkles,Less Then 30k,East Zone,2,2026,NOSE PIN,1
SWARNA MAHAL JEWELLERS,SMJ1,NP20529,A,Sparq,Less Then 2k,East Zone,2,2026,NOSE PIN,1
SWARNA MAHAL JEWELLERS,SMJ1,NP20529,A,Sparq,Less Then 2k,East Zone,3,2026,NOSE PIN,1
SWARNA MAHAL JEWELLERS,SMJ1,NP21754,A,Sparq,Less Then 2k,East Zone,2,2026,NOSE PIN,1
SWARNA MAHAL JEWELLERS,SMJ1,NP2231,A,Sparkles,Less Then 30k,East Zone,10,2025,NOSE PIN,1
SWARNA MAHAL JEWELLERS,SMJ1,NP3261,A,Sparkles,Less Then 30k,East Zone,5,2026,NOSE PIN,1
SWARNA MAHAL JEWELLERS,SMJ1,NP3261,A,Sparkles,Less Then 30k,East Zone,9,2025,NOSE PIN,1
SWARNA MAHAL JEWELLERS,SMJ1,NP3283,A,Sparkles,Less Then 30k,East Zone,10,2025,NOSE PIN,1
SWARNA MAHAL JEWELLERS,SMJ1,NP5231,A,Sparkles,Less Then 30k,East Zone,3,2026,NOSE PIN,1
SWARNA MAHAL JEWELLERS,SMJ1,NP7231,A,Sparkles,Less Then 30k,East Zone,2,2026,NOSE PIN,1
SWARNA MAHAL JEWELLERS,SMJ1,NP7951,A,Sparkles,Less Then 30k,East Zone,4,2026,NOSE PIN,1
SWARNA MAHAL JEWELLERS,SMJ1,NP7951,A,Sparq,Less Then 2k,East Zone,2,2026,NOSE PIN,1
SWARNA MAHAL JEWELLERS,SMJ1,NP8514,A,Sparkles,Less Then 30k,East Zone,5,2026,NOSE PIN,1
SWARNA MAHAL JEWELLERS,SMJ1,NP8516,A,Sparkles,Less Then 30k,East Zone,2,2026,NOSE PIN,1
SWARNA MAHAL JEWELLERS,SMJ1,P20100,A,Sparq,7k-10k,East Zone,10,2025,PENDANT,1
SWARNA MAHAL JEWELLERS,SMJ1,P20494,A,Sparq,Less Then 2k,East Zone,2,2026,PENDANT,1
SWARNA MAHAL JEWELLERS,SMJ1,P22019,A,Sparkles,Less Then 30k,East Zone,3,2026,PENDANT,1
SWARNA MAHAL JEWELLERS,SMJ1,PN20467,A,Sparq,Less Then 2k,East Zone,3,2026,PENDANT,1
SWARNA MAHAL JEWELLERS,SMJ1,R12375,A,Sparkles,30k-50k,East Zone,5,2026,RING,1
SWARNA MAHAL JEWELLERS,SMJ1,R14354,A,Sparkles,30k-50k,East Zone,4,2026,RING,1
SWARNA MAHAL JEWELLERS,SMJ1,R14522,A,Sparq,4k-7k,East Zone,2,2026,RING,1
SWARNA MAHAL JEWELLERS,SMJ1,R14632,A,Sparkles,30k-50k,East Zone,3,2026,RING,1
SWARNA MAHAL JEWELLERS,SMJ1,R14669,A,Sparq,2k-4k,East Zone,2,2026,RING,1
SWARNA MAHAL JEWELLERS,SMJ1,R14673,A,Sparq,4k-7k,East Zone,2,2026,RING,1
SWARNA MAHAL JEWELLERS,SMJ1,R14676,A,Sparq,4k-7k,East Zone,3,2026,RING,1
SWARNA MAHAL JEWELLERS,SMJ1,R14709,A,Sparkles,30k-50k,East Zone,4,2026,RING,1
SWARNA MAHAL JEWELLERS,SMJ1,R14773,A,Sparq,4k-7k,East Zone,2,2026,RING,1
SWARNA MAHAL JEWELLERS,SMJ1,R15056,A,Sparq,4k-7k,East Zone,5,2026,RING,1
SWARNA MAHAL JEWELLERS,SMJ1,R15060,A,Sparq,4k-7k,East Zone,2,2026,RING,1
SWARNA MAHAL JEWELLERS,SMJ1,R15062,A,Sparq,4k-7k,East Zone,2,2026,RING,1
SWARNA MAHAL JEWELLERS,SMJ1,R15095,A,Sparq,4k-7k,East Zone,5,2026,RING,1
SWARNA MAHAL JEWELLERS,SMJ1,R15102,A,Sparq,4k-7k,East Zone,5,2026,RING,1
SWARNA MAHAL JEWELLERS,SMJ1,R15103,A,Sparq,7k-10k,East Zone,3,2026,RING,1
SWARNA MAHAL JEWELLERS,SMJ1,R19644,A,Sparq,4k-7k,East Zone,4,2026,RING,1
SWARNA MAHAL JEWELLERS,SMJ1,R19695,A,Sparq,4k-7k,East Zone,1,2026,RING,1
SWARNA MAHAL JEWELLERS,SMJ1,R8558,A,Sparq,7k-10k,East Zone,12,2025,RING,1
SWARNA MAHAL JEWELLERS,SMJ1,RF15171,A,Sparkles,Less Then 30k,East Zone,4,2026,RING,1
SWARNA MAHAL JEWELLERS,SMJ1,RM15116,A,Sparq,15k-25k,East Zone,3,2026,RING,1
SWARNA MAHAL JEWELLERS,SMJ1,RM15171,A,Sparq,7k-10k,East Zone,4,2026,RING,1
SWARNA MAHAL JEWELLERS,SMJ1,RN14827,A,Sparkles,Less Then 30k,East Zone,5,2026,RING,1
SWARNA MAHAL JEWELLERS,SMJ1,RN20404,A,Sparkles,Less Then 30k,East Zone,5,2026,RING,1
SWARNA MAHAL JEWELLERS,SMJ1,RN20407,A,Sparkles,Less Then 30k,East Zone,5,2026,RING,1
SWARNA MAHAL JEWELLERS,SMJ1,RN20407,A,Sparkles,Less Then 30k,East Zone,10,2025,RING,1
SWARNA MAHAL JEWELLERS,SMJ1,RN20452,A,Sparq,Less Then 2k,East Zone,2,2026,RING,1
SWARNA MAHAL JEWELLERS,SMJ1,RN20464,A,Sparq,2k-4k,East Zone,10,2025,RING,1
SWARNA MAHAL JEWELLERS,SMJ1,RN20465,A,Sparq,Less Then 2k,East Zone,10,2025,RING,1
SWARNA MAHAL JEWELLERS,SMJ1,RN20467,A,Sparq,Less Then 2k,East Zone,2,2026,RING,1
SWARNA MAHAL JEWELLERS,SMJ1,RN20471,A,Sparq,2k-4k,East Zone,2,2026,RING,1
SWARNA MAHAL JEWELLERS,SMJ1,RN20471,A,Sparq,2k-4k,East Zone,11,2025,RING,1
SWARNA MAHAL JEWELLERS,SMJ1,SMNP537,A,Sparkles,Less Then 30k,East Zone,2,2026,NOSE PIN,1
SWARNA MAHAL JEWELLERS,SMJ1,T19115,A,Sparkles,Less Then 30k,East Zone,3,2026,EARRING,1
SWARNA MAHAL JEWELLERS,SMJ1,T19474,A,Sparq,10k-15k,East Zone,2,2026,EARRING,1
SWARNA MAHAL JEWELLERS,SMJ1,T19720,A,Sparq,4k-7k,East Zone,11,2025,EARRING,1
SWARNA MAHAL JEWELLERS,SMJ1,T19726,A,Sparq,4k-7k,East Zone,11,2025,EARRING,1
SWARNA MAHAL JEWELLERS,SMJ1,T20239,A,Sparq,10k-15k,East Zone,2,2026,EARRING,1
SWARNA MAHAL JEWELLERS,SMJ1,T20275,A,Sparq,15k-25k,East Zone,3,2026,EARRING,1
SWARNA MAHAL JEWELLERS,SMJ1,T5625,A,Sparq,4k-7k,East Zone,3,2026,EARRING,1
SWARNA MAHAL JEWELLERS,SMJ1,TN20461,A,Sparq,2k-4k,East Zone,3,2026,EARRING,1
SWARNA MAHAL JEWELLERS,SMJ1,TN20464,A,Sparq,2k-4k,East Zone,2,2026,EARRING,1
SWARNA MAHAL JEWELLERS,SMJ1,TN20466,A,Sparq,2k-4k,East Zone,1,2026,EARRING,1
SWARNA MAHAL JEWELLERS,SMJ1,TN20467,A,Sparq,2k-4k,East Zone,2,2026,EARRING,1
SWARNA MAHAL JEWELLERS,SMJ1,TN20468,A,Sparq,Less Then 2k,East Zone,2,2026,EARRING,1
SWARNA MAHAL JEWELLERS,SMJ1,TN20469,A,Sparq,2k-4k,East Zone,3,2026,EARRING,1
SWARNA MAHAL JEWELLERS,SMJ1,TN20470,A,Sparq,2k-4k,East Zone,1,2026,EARRING,1
SWARNA MAHAL JEWELLERS,SMJ1,TN20471,A,Sparq,2k-4k,East Zone,2,2026,EARRING,1
SWARNA MAHAL JEWELLERS,SMJ1,TNP1876,A,Sparkles,Less Then 30k,East Zone,9,2025,EARRING,1
SWARNA MAHAL JEWELLERS,SMJ1,TNP7231,A,Sparkles,Less Then 30k,East Zone,12,2025,EARRING,1
SYNORICH JEWELS,SJ01,N19704,B,Sparq,4k-7k,South Zone,11,2025,NECKLACE,1
SYNORICH JEWELS,SJ01,NP1876,B,Sparkles,Less Then 30k,South Zone,10,2025,NOSE PIN,1
SYNORICH JEWELS,SJ01,R10141,B,Sparkles,50k-75k,South Zone,10,2025,RING,1
SYNORICH JEWELS,SJ01,R3941,B,Sparq,15k-25k,South Zone,1,2026,RING,1
SYNORICH JEWELS,SJ01,T19720,B,Sparq,2k-4k,South Zone,12,2025,EARRING,1
SYNORICH JEWELS,SJ01,T19726,B,Sparq,4k-7k,South Zone,12,2025,EARRING,1
SYNORICH JEWELS,SJ01,TNP1879,B,Sparkles,Less Then 30k,South Zone,10,2025,EARRING,1
Samanta jewellers,SJ02,AFDT1400,A+,Sparkles,Less Then 30k,East Zone,3,2026,EARRING,1
Samanta jewellers,SJ02,N19541,A+,Sparkles,50k-75k,East Zone,11,2025,NECKLACE,1
Samanta jewellers,SJ02,N19743,A+,Sparkles,30k-50k,East Zone,3,2026,NECKLACE,1
Samanta jewellers,SJ02,NP11015,A+,Sparkles,Less Then 30k,East Zone,3,2026,NOSE PIN,1
Samanta jewellers,SJ02,NP11018,A+,Sparkles,Less Then 30k,East Zone,4,2026,NOSE PIN,1
Samanta jewellers,SJ02,NP1102,A+,Sparkles,Less Then 30k,East Zone,12,2025,NOSE PIN,2
Samanta jewellers,SJ02,NP11754,A+,Sparkles,Less Then 30k,East Zone,10,2025,NOSE PIN,1
Samanta jewellers,SJ02,NP1231,A+,Sparkles,Less Then 30k,East Zone,1,2026,NOSE PIN,1
Samanta jewellers,SJ02,NP1231,A+,Sparkles,Less Then 30k,East Zone,2,2026,NOSE PIN,2
Samanta jewellers,SJ02,NP1231,A+,Sparkles,Less Then 30k,East Zone,3,2026,NOSE PIN,1
Samanta jewellers,SJ02,NP1231,A+,Sparkles,Less Then 30k,East Zone,4,2026,NOSE PIN,1
Samanta jewellers,SJ02,NP1231,A+,Sparkles,Less Then 30k,East Zone,12,2025,NOSE PIN,1
Samanta jewellers,SJ02,NP12432,A+,Sparkles,Less Then 30k,East Zone,10,2025,NOSE PIN,2
Samanta jewellers,SJ02,NP1259,A+,Sparkles,Less Then 30k,East Zone,5,2025,NOSE PIN,1
Samanta jewellers,SJ02,NP13651,A+,Sparkles,Less Then 30k,East Zone,2,2026,NOSE PIN,1
Samanta jewellers,SJ02,NP13651,A+,Sparkles,Less Then 30k,East Zone,5,2026,NOSE PIN,1
Samanta jewellers,SJ02,NP1488,A+,Sparkles,Less Then 30k,East Zone,2,2026,NOSE PIN,1
Samanta jewellers,SJ02,NP1488,A+,Sparkles,Less Then 30k,East Zone,8,2025,NOSE PIN,1
Samanta jewellers,SJ02,NP1488,A+,Sparkles,Less Then 30k,East Zone,11,2025,NOSE PIN,1
Samanta jewellers,SJ02,NP1754,A+,Sparkles,Less Then 30k,East Zone,1,2026,NOSE PIN,1
Samanta jewellers,SJ02,NP1754,A+,Sparkles,Less Then 30k,East Zone,2,2026,NOSE PIN,1
Samanta jewellers,SJ02,NP1754,A+,Sparkles,Less Then 30k,East Zone,11,2025,NOSE PIN,1
Samanta jewellers,SJ02,NP1876,A+,Sparkles,Less Then 30k,East Zone,5,2026,NOSE PIN,1
Samanta jewellers,SJ02,NP1876,A+,Sparkles,Less Then 30k,East Zone,10,2025,NOSE PIN,1
Samanta jewellers,SJ02,NP1877,A+,Sparkles,Less Then 30k,East Zone,1,2026,NOSE PIN,1
Samanta jewellers,SJ02,NP1879,A+,Sparkles,Less Then 30k,East Zone,2,2026,NOSE PIN,1
Samanta jewellers,SJ02,NP1879,A+,Sparkles,Less Then 30k,East Zone,8,2025,NOSE PIN,1
Samanta jewellers,SJ02,NP1879,A+,Sparkles,Less Then 30k,East Zone,9,2025,NOSE PIN,1
Samanta jewellers,SJ02,NP1880,A+,Sparkles,Less Then 30k,East Zone,3,2026,NOSE PIN,1
Samanta jewellers,SJ02,NP1880,A+,Sparkles,Less Then 30k,East Zone,12,2025,NOSE PIN,1
Samanta jewellers,SJ02,NP1882,A+,Sparkles,Less Then 30k,East Zone,1,2026,NOSE PIN,1
Samanta jewellers,SJ02,NP1882,A+,Sparkles,Less Then 30k,East Zone,12,2025,NOSE PIN,1
Samanta jewellers,SJ02,NP1883,A+,Sparkles,Less Then 30k,East Zone,6,2025,NOSE PIN,1
Samanta jewellers,SJ02,NP1884,A+,Sparkles,Less Then 30k,East Zone,4,2026,NOSE PIN,1
Samanta jewellers,SJ02,NP20505,A+,Sparkles,Less Then 30k,East Zone,9,2025,NOSE PIN,2
Samanta jewellers,SJ02,NP20507,A+,Sparkles,Less Then 30k,East Zone,1,2026,NOSE PIN,1
Samanta jewellers,SJ02,NP20507,A+,Sparkles,Less Then 30k,East Zone,4,2026,NOSE PIN,2
Samanta jewellers,SJ02,NP20511,A+,Sparkles,Less Then 30k,East Zone,7,2025,NOSE PIN,1
Samanta jewellers,SJ02,NP20529,A+,Sparkles,Less Then 30k,East Zone,4,2026,NOSE PIN,1
Samanta jewellers,SJ02,NP21754,A+,Sparkles,Less Then 30k,East Zone,1,2026,NOSE PIN,1
Samanta jewellers,SJ02,NP21754,A+,Sparkles,Less Then 30k,East Zone,5,2026,NOSE PIN,1
Samanta jewellers,SJ02,NP21754,A+,Sparkles,Less Then 30k,East Zone,11,2025,NOSE PIN,5
Samanta jewellers,SJ02,NP2231,A+,Sparkles,Less Then 30k,East Zone,2,2026,NOSE PIN,1
Samanta jewellers,SJ02,NP2231,A+,Sparkles,Less Then 30k,East Zone,10,2025,NOSE PIN,1
Samanta jewellers,SJ02,NP2231,A+,Sparkles,Less Then 30k,East Zone,12,2025,NOSE PIN,3
Samanta jewellers,SJ02,NP22432,A+,Sparkles,Less Then 30k,East Zone,5,2026,NOSE PIN,1
Samanta jewellers,SJ02,NP2432,A+,Sparkles,Less Then 30k,East Zone,9,2025,NOSE PIN,1
Samanta jewellers,SJ02,NP2432,A+,Sparkles,Less Then 30k,East Zone,11,2025,NOSE PIN,1
Samanta jewellers,SJ02,NP273,A+,Sparkles,Less Then 30k,East Zone,1,2026,NOSE PIN,2
Samanta jewellers,SJ02,NP273,A+,Sparkles,Less Then 30k,East Zone,2,2026,NOSE PIN,2
Samanta jewellers,SJ02,NP273,A+,Sparkles,Less Then 30k,East Zone,8,2025,NOSE PIN,1
Samanta jewellers,SJ02,NP273,A+,Sparkles,Less Then 30k,East Zone,11,2025,NOSE PIN,1
Samanta jewellers,SJ02,NP3283,A+,Sparkles,Less Then 30k,East Zone,1,2026,NOSE PIN,1
Samanta jewellers,SJ02,NP3283,A+,Sparkles,Less Then 30k,East Zone,3,2026,NOSE PIN,2
Samanta jewellers,SJ02,NP3283,A+,Sparkles,Less Then 30k,East Zone,12,2025,NOSE PIN,1
Samanta jewellers,SJ02,NP3290,A+,Sparkles,Less Then 30k,East Zone,3,2026,NOSE PIN,1
Samanta jewellers,SJ02,NP3596,A+,Sparkles,Less Then 30k,East Zone,2,2026,NOSE PIN,1
Samanta jewellers,SJ02,NP3596,A+,Sparkles,Less Then 30k,East Zone,4,2026,NOSE PIN,1
Samanta jewellers,SJ02,NP4706,A+,Sparkles,Less Then 30k,East Zone,2,2026,NOSE PIN,1
Samanta jewellers,SJ02,NP4706,A+,Sparkles,Less Then 30k,East Zone,3,2026,NOSE PIN,1
Samanta jewellers,SJ02,NP514,A+,Sparkles,Less Then 30k,East Zone,1,2026,NOSE PIN,1
Samanta jewellers,SJ02,NP514,A+,Sparkles,Less Then 30k,East Zone,2,2026,NOSE PIN,1
Samanta jewellers,SJ02,NP514,A+,Sparkles,Less Then 30k,East Zone,4,2026,NOSE PIN,1
Samanta jewellers,SJ02,NP514,A+,Sparkles,Less Then 30k,East Zone,12,2025,NOSE PIN,2
Samanta jewellers,SJ02,NP516,A+,Sparkles,Less Then 30k,East Zone,4,2026,NOSE PIN,1
Samanta jewellers,SJ02,NP544,A+,Sparkles,Less Then 30k,East Zone,3,2026,NOSE PIN,1
Samanta jewellers,SJ02,NP544,A+,Sparkles,Less Then 30k,East Zone,9,2025,NOSE PIN,1
Samanta jewellers,SJ02,NP551,A+,Sparkles,Less Then 30k,East Zone,1,2026,NOSE PIN,1
Samanta jewellers,SJ02,NP551,A+,Sparkles,Less Then 30k,East Zone,2,2026,NOSE PIN,1
Samanta jewellers,SJ02,NP7231,A+,Sparkles,Less Then 30k,East Zone,2,2026,NOSE PIN,1
Samanta jewellers,SJ02,NP7231,A+,Sparkles,Less Then 30k,East Zone,3,2026,NOSE PIN,1
Samanta jewellers,SJ02,NP7951,A+,Sparkles,Less Then 30k,East Zone,4,2026,NOSE PIN,1
Samanta jewellers,SJ02,NP8514,A+,Sparkles,Less Then 30k,East Zone,6,2025,NOSE PIN,3
Samanta jewellers,SJ02,NP8516,A+,Sparkles,Less Then 30k,East Zone,5,2026,NOSE PIN,1
Samanta jewellers,SJ02,NP8516,A+,Sparkles,Less Then 30k,East Zone,8,2025,NOSE PIN,2
Samanta jewellers,SJ02,NP8517,A+,Sparkles,Less Then 30k,East Zone,4,2026,NOSE PIN,2
Samanta jewellers,SJ02,NPA1754,A+,Sparkles,Less Then 30k,East Zone,3,2026,NOSE PIN,1
Samanta jewellers,SJ02,P16302,A+,Sparkles,Less Then 30k,East Zone,8,2025,PENDANT,1
Samanta jewellers,SJ02,P8716,A+,Sparkles,Less Then 30k,East Zone,2,2026,PENDANT,1
Samanta jewellers,SJ02,PN20406,A+,Sparkles,Less Then 30k,East Zone,2,2026,PENDANT,1
Samanta jewellers,SJ02,PN20416,A+,Sparkles,Less Then 30k,East Zone,12,2025,PENDANT,1
Samanta jewellers,SJ02,R10153,A+,Sparkles,Less Then 30k,East Zone,1,2026,RING,1
Samanta jewellers,SJ02,R10153,A+,Sparkles,Less Then 30k,East Zone,2,2026,RING,1
Samanta jewellers,SJ02,R10383,A+,Sparkles,Less Then 30k,East Zone,6,2025,RING,1
Samanta jewellers,SJ02,R10691,A+,Sparkles,Less Then 30k,East Zone,12,2025,RING,1
Samanta jewellers,SJ02,R10958,A+,Sparkles,30k-50k,East Zone,5,2026,RING,1
Samanta jewellers,SJ02,R10991,A+,Sparkles,Less Then 30k,East Zone,10,2025,RING,1
Samanta jewellers,SJ02,R11930,A+,Sparkles,Less Then 30k,East Zone,2,2026,RING,1
Samanta jewellers,SJ02,R12052,A+,Sparkles,30k-50k,East Zone,12,2025,RING,1
Samanta jewellers,SJ02,R13562,A+,Sparkles,50k-75k,East Zone,2,2026,RING,1
Samanta jewellers,SJ02,R14307,A+,Sparkles,30k-50k,East Zone,2,2026,RING,1
Samanta jewellers,SJ02,R14334,A+,Sparkles,30k-50k,East Zone,10,2025,RING,1
Samanta jewellers,SJ02,R14443,A+,Sparkles,Less Then 30k,East Zone,6,2025,RING,1
Samanta jewellers,SJ02,R14451,A+,Sparkles,30k-50k,East Zone,9,2025,RING,1
Samanta jewellers,SJ02,R14473,A+,Sparkles,30k-50k,East Zone,11,2025,RING,1
Samanta jewellers,SJ02,R14486,A+,Sparkles,30k-50k,East Zone,1,2026,RING,1
Samanta jewellers,SJ02,R14486,A+,Sparkles,50k-75k,East Zone,4,2026,RING,1
Samanta jewellers,SJ02,R14594,A+,Sparkles,30k-50k,East Zone,5,2026,RING,1
Samanta jewellers,SJ02,R14598,A+,Sparkles,30k-50k,East Zone,12,2025,RING,1
Samanta jewellers,SJ02,R14614,A+,Sparkles,50k-75k,East Zone,5,2026,RING,1
Samanta jewellers,SJ02,R14641,A+,Sparkles,Less Then 30k,East Zone,8,2025,RING,1
Samanta jewellers,SJ02,R14681,A+,Sparkles,30k-50k,East Zone,2,2026,RING,1
Samanta jewellers,SJ02,R14750,A+,Sparkles,Less Then 30k,East Zone,4,2026,RING,1
Samanta jewellers,SJ02,R14913,A+,Sparkles,Less Then 30k,East Zone,2,2026,RING,1
Samanta jewellers,SJ02,R14913,A+,Sparkles,Less Then 30k,East Zone,3,2026,RING,1
Samanta jewellers,SJ02,R14914,A+,Sparkles,Less Then 30k,East Zone,3,2026,RING,1
Samanta jewellers,SJ02,R14914,A+,Sparkles,Less Then 30k,East Zone,4,2026,RING,1
Samanta jewellers,SJ02,R14915,A+,Sparkles,Less Then 30k,East Zone,11,2025,RING,1
Samanta jewellers,SJ02,R14915,A+,Sparkles,Less Then 30k,East Zone,12,2025,RING,1
Samanta jewellers,SJ02,R14934,A+,Sparkles,Less Then 30k,East Zone,11,2025,RING,1
Samanta jewellers,SJ02,R15222,A+,Sparkles,50k-75k,East Zone,3,2026,RING,1
Samanta jewellers,SJ02,RN14774,A+,Sparkles,30k-50k,East Zone,10,2025,RING,1
Samanta jewellers,SJ02,RN14777,A+,Sparkles,30k-50k,East Zone,1,2026,RING,1
Samanta jewellers,SJ02,RN14777,A+,Sparkles,30k-50k,East Zone,4,2026,RING,1
Samanta jewellers,SJ02,RN14777,A+,Sparkles,30k-50k,East Zone,11,2025,RING,1
Samanta jewellers,SJ02,RN14777,A+,Sparkles,50k-75k,East Zone,1,2026,RING,1
Samanta jewellers,SJ02,RN14777,A+,Sparkles,50k-75k,East Zone,5,2026,RING,1
Samanta jewellers,SJ02,RN14786,A+,Sparkles,30k-50k,East Zone,10,2025,RING,1
Samanta jewellers,SJ02,RN14824,A+,Sparkles,Less Then 30k,East Zone,10,2025,RING,1
Samanta jewellers,SJ02,RN14825,A+,Sparkles,Less Then 30k,East Zone,10,2025,RING,1
Samanta jewellers,SJ02,RN14826,A+,Sparkles,Less Then 30k,East Zone,9,2025,RING,1
Samanta jewellers,SJ02,RN14827,A+,Sparkles,Less Then 30k,East Zone,9,2025,RING,1
Samanta jewellers,SJ02,RN14828,A+,Sparkles,Less Then 30k,East Zone,4,2026,RING,1
Samanta jewellers,SJ02,RN14828,A+,Sparkles,Less Then 30k,East Zone,11,2025,RING,1
Samanta jewellers,SJ02,RN14829,A+,Sparkles,Less Then 30k,East Zone,2,2026,RING,2
Samanta jewellers,SJ02,RN14830,A+,Sparkles,Less Then 30k,East Zone,2,2026,RING,1
Samanta jewellers,SJ02,RN14831,A+,Sparkles,Less Then 30k,East Zone,12,2025,RING,1
Samanta jewellers,SJ02,RN14832,A+,Sparkles,Less Then 30k,East Zone,5,2026,RING,1
Samanta jewellers,SJ02,RN14833,A+,Sparkles,Less Then 30k,East Zone,12,2025,RING,1
Samanta jewellers,SJ02,RN14835,A+,Sparkles,Less Then 30k,East Zone,5,2026,RING,1
Samanta jewellers,SJ02,RN20403,A+,Sparkles,Less Then 30k,East Zone,3,2026,RING,1
Samanta jewellers,SJ02,RN20405,A+,Sparkles,Less Then 30k,East Zone,4,2026,RING,1
Samanta jewellers,SJ02,RN20407,A+,Sparkles,Less Then 30k,East Zone,10,2025,RING,1
Samanta jewellers,SJ02,RN20410,A+,Sparkles,Less Then 30k,East Zone,2,2026,RING,1
Samanta jewellers,SJ02,RN20413,A+,Sparkles,Less Then 30k,East Zone,3,2026,RING,1
Samanta jewellers,SJ02,RN20414,A+,Sparkles,Less Then 30k,East Zone,10,2025,RING,1
Samanta jewellers,SJ02,SMNP504,A+,Sparkles,Less Then 30k,East Zone,1,2026,NOSE PIN,2
Samanta jewellers,SJ02,SMNP515,A+,Sparkles,Less Then 30k,East Zone,4,2026,NOSE PIN,1
Samanta jewellers,SJ02,SMNP522,A+,Sparkles,Less Then 30k,East Zone,3,2026,NOSE PIN,1
Samanta jewellers,SJ02,SMNP526,A+,Sparkles,Less Then 30k,East Zone,4,2026,NOSE PIN,1
Samanta jewellers,SJ02,SMNP537,A+,Sparkles,Less Then 30k,East Zone,3,2026,NOSE PIN,1
Samanta jewellers,SJ02,SMNP537,A+,Sparkles,Less Then 30k,East Zone,4,2026,NOSE PIN,3
Samanta jewellers,SJ02,SMNP537,A+,Sparkles,Less Then 30k,East Zone,12,2025,NOSE PIN,3
Samanta jewellers,SJ02,T13104,A+,Sparkles,30k-50k,East Zone,7,2025,EARRING,1
Samanta jewellers,SJ02,T13748,A+,Sparkles,30k-50k,East Zone,10,2025,EARRING,1
Samanta jewellers,SJ02,T18555,A+,Sparkles,Less Then 30k,East Zone,11,2025,EARRING,1
Samanta jewellers,SJ02,T18666,A+,Sparkles,Less Then 30k,East Zone,4,2026,EARRING,1
Samanta jewellers,SJ02,T18667,A+,Sparkles,Less Then 30k,East Zone,4,2026,EARRING,1
Samanta jewellers,SJ02,T18671,A+,Sparkles,30k-50k,East Zone,9,2025,EARRING,1
Samanta jewellers,SJ02,T18680,A+,Sparkles,Less Then 30k,East Zone,4,2026,EARRING,1
Samanta jewellers,SJ02,T19179,A+,Sparkles,30k-50k,East Zone,6,2025,EARRING,1
Samanta jewellers,SJ02,T19186,A+,Sparkles,Less Then 30k,East Zone,4,2026,EARRING,1
Samanta jewellers,SJ02,T19188,A+,Sparkles,Less Then 30k,East Zone,7,2025,EARRING,1
Samanta jewellers,SJ02,T19231,A+,Sparkles,Less Then 30k,East Zone,4,2026,EARRING,1
Samanta jewellers,SJ02,T19233,A+,Sparkles,50k-75k,East Zone,7,2025,EARRING,1
Samanta jewellers,SJ02,T19237,A+,Sparkles,30k-50k,East Zone,3,2026,EARRING,1
Samanta jewellers,SJ02,T19341,A+,Sparkles,Less Then 30k,East Zone,7,2025,EARRING,1
Samanta jewellers,SJ02,T19342,A+,Sparkles,Less Then 30k,East Zone,5,2026,EARRING,1
Samanta jewellers,SJ02,T19342,A+,Sparkles,Less Then 30k,East Zone,8,2025,EARRING,1
Samanta jewellers,SJ02,T19504,A+,Sparkles,30k-50k,East Zone,10,2025,EARRING,1
Samanta jewellers,SJ02,T2729,A+,Sparkles,Less Then 30k,East Zone,1,2026,EARRING,1
Samanta jewellers,SJ02,T5663,A+,Sparkles,Less Then 30k,East Zone,11,2025,EARRING,1
Samanta jewellers,SJ02,TN20403,A+,Sparkles,Less Then 30k,East Zone,2,2026,EARRING,1
Samanta jewellers,SJ02,TN20405,A+,Sparkles,Less Then 30k,East Zone,4,2026,EARRING,1
Samanta jewellers,SJ02,TN20406,A+,Sparkles,Less Then 30k,East Zone,5,2026,EARRING,1
Samanta jewellers,SJ02,TN20414,A+,Sparkles,Less Then 30k,East Zone,10,2025,EARRING,1
Samanta jewellers,SJ02,TN20416,A+,Sparkles,Less Then 30k,East Zone,4,2026,EARRING,1
Samanta jewellers,SJ02,TN20416,A+,Sparkles,Less Then 30k,East Zone,10,2025,EARRING,1
Samanta jewellers,SJ02,TNP6365,A+,Sparkles,Less Then 30k,East Zone,1,2026,NOSE PIN,1
Shree Arham Jewels - Bengaluru,SAJ05,BR20619,A+,Sparkles,75k-100k,South Zone,4,2026,BRACELET,1
Shree Arham Jewels - Bengaluru,SAJ05,N10476,A+,Sparq,7k-10k,South Zone,2,2026,TANMANIYA,1
Shree Arham Jewels - Bengaluru,SAJ05,N19544,A+,Sparkles,30k-50k,South Zone,1,2026,NECKLACE,1
Shree Arham Jewels - Bengaluru,SAJ05,N19646,A+,Sparkles,30k-50k,South Zone,4,2026,NECKLACE,1
Shree Arham Jewels - Bengaluru,SAJ05,NP5231,A+,Sparkles,Less Then 30k,South Zone,1,2026,NOSE PIN,1
Shree Arham Jewels - Bengaluru,SAJ05,NP8519,A+,Sparkles,Less Then 30k,South Zone,4,2026,NOSE PIN,2
Shree Arham Jewels - Bengaluru,SAJ05,P8716,A+,Sparkles,Less Then 30k,South Zone,1,2026,PENDANT,1
Shree Arham Jewels - Bengaluru,SAJ05,R10153,A+,Sparkles,Less Then 30k,South Zone,4,2026,RING,1
Shree Arham Jewels - Bengaluru,SAJ05,R11950,A+,Sparkles,Less Then 30k,South Zone,4,2026,RING,1
Shree Arham Jewels - Bengaluru,SAJ05,R14354,A+,Sparkles,Less Then 30k,South Zone,4,2026,RING,1
Shree Arham Jewels - Bengaluru,SAJ05,R14628,A+,Sparkles,Less Then 30k,South Zone,2,2026,RING,1
Shree Arham Jewels - Bengaluru,SAJ05,R14632,A+,Sparkles,30k-50k,South Zone,4,2026,RING,1
Shree Arham Jewels - Bengaluru,SAJ05,R15163,A+,Sparkles,50k-75k,South Zone,1,2026,RING,1
Shree Arham Jewels - Bengaluru,SAJ05,R15175,A+,Sparkles,30k-50k,South Zone,1,2026,RING,2
Shree Arham Jewels - Bengaluru,SAJ05,R8931,A+,Sparkles,30k-50k,South Zone,2,2026,RING,1
Shree Arham Jewels - Bengaluru,SAJ05,RN14781,A+,Sparkles,30k-50k,South Zone,2,2026,RING,1
Shree Arham Jewels - Bengaluru,SAJ05,RN14828,A+,Sparkles,Less Then 30k,South Zone,4,2026,RING,1
Shree Arham Jewels - Bengaluru,SAJ05,RN14829,A+,Sparkles,Less Then 30k,South Zone,4,2026,RING,1
Shree Arham Jewels - Bengaluru,SAJ05,RN20407,A+,Sparkles,Less Then 30k,South Zone,2,2026,RING,1
Shree Arham Jewels - Bengaluru,SAJ05,T19017,A+,Sparkles,Less Then 30k,South Zone,2,2026,EARRING,1
Shree Arham Jewels - Bengaluru,SAJ05,T19706,A+,Sparq,7k-10k,South Zone,5,2026,EARRING,1
Sparkles Diamond Jeweller -Yamuna Nagar,SDJ01,CHAIN1,A+,Sparq,Less Then 2k,North Zone,6,2026,CHAIN,1
Sparkles Diamond Jeweller -Yamuna Nagar,SDJ01,NP1231,A+,Sparkles,Less Then 30k,North Zone,3,2026,NOSE PIN,1
Sparkles Diamond Jeweller -Yamuna Nagar,SDJ01,NP1881,A+,Sparkles,Less Then 30k,North Zone,2,2026,NOSE PIN,1
Sparkles Diamond Jeweller -Yamuna Nagar,SDJ01,NP20529,A+,Sparq,Less Then 2k,North Zone,6,2026,NOSE PIN,5
Sparkles Diamond Jeweller -Yamuna Nagar,SDJ01,NP7134,A+,Sparkles,Less Then 30k,North Zone,3,2026,NOSE PIN,1
Sparkles Diamond Jeweller -Yamuna Nagar,SDJ01,NP8516,A+,Sparkles,Less Then 30k,North Zone,3,2026,NOSE PIN,1
Sparkles Diamond Jeweller -Yamuna Nagar,SDJ01,P22004,A+,Sparq,Less Then 2k,North Zone,6,2026,PENDANT,1
Sparkles Diamond Jeweller -Yamuna Nagar,SDJ01,R1327,A+,Sparkles,30k-50k,North Zone,5,2026,RING,1
Sparkles Diamond Jeweller -Yamuna Nagar,SDJ01,R14193,A+,Sparkles,50k-75k,North Zone,2,2026,RING,1
Sparkles Diamond Jeweller -Yamuna Nagar,SDJ01,RN20407,A+,Sparkles,Less Then 30k,North Zone,4,2026,RING,1
Sparkles Diamond Jeweller -Yamuna Nagar,SDJ01,T23052,A+,Sparq,7k-10k,North Zone,3,2026,EARRING,1
Sparkles Diamond Jewellery-ZIRAKPUR-PANJAB,ZIRA,NP2231,A+,Sparkles,Less Then 30k,North Zone,3,2026,NOSE PIN,1
Sparkles Diamond Jewellery-ZIRAKPUR-PANJAB,ZIRA,R14753,A+,Sparkles,30k-50k,North Zone,5,2026,RING,1
Sparkles Diamond Jewellery-ZIRAKPUR-PANJAB,ZIRA,R7647,A+,Sparkles,50k-75k,North Zone,3,2026,RING,1
Sri Akarapu kumara swamy jewellers,AKA01,N19743,A,Sparkles,30k-50k,South Zone,5,2026,NECKLACE,1
Sri Akarapu kumara swamy jewellers,AKA01,R14296,A,Sparkles,Less Then 30k,South Zone,5,2026,RING,1
Sri Akarapu kumara swamy jewellers,AKA01,RN20412,A,Sparkles,Less Then 30k,South Zone,5,2026,RING,1
Sri Akarapu kumara swamy jewellers,AKA01,T17480,A,Sparkles,30k-50k,South Zone,5,2026,EARRING,1
Sri Akarapu kumara swamy jewellers,AKA01,T18665,A,Sparkles,30k-50k,South Zone,5,2026,EARRING,1
Sri Akarapu kumara swamy jewellers,AKA01,T18670,A,Sparkles,30k-50k,South Zone,5,2026,EARRING,1
Sri Akarapu kumara swamy jewellers,AKA01,T18679,A,Sparkles,30k-50k,South Zone,5,2026,EARRING,1
Sri Akarapu kumara swamy jewellers,AKA01,T18680,A,Sparkles,Less Then 30k,South Zone,5,2026,EARRING,1
Station CSD Canteen -Juhu,SCC01,NP11015,B,Sparkles,Less Then 30k,South Zone,4,2026,NOSE PIN,1
Station CSD Canteen -Juhu,SCC01,NP11020,B,Sparkles,Less Then 30k,South Zone,4,2026,NOSE PIN,1
Station CSD Canteen -Juhu,SCC01,NP8516,B,Sparkles,Less Then 30k,South Zone,4,2026,NOSE PIN,1
Station CSD Canteen -Juhu,SCC01,P22008,B,Sparq,2k-4k,South Zone,3,2026,PENDANT,1
Station CSD Canteen -Juhu,SCC01,R12052,B,Sparkles,50k-75k,South Zone,5,2026,RING,1
Station CSD Canteen -Juhu,SCC01,R14181,B,Sparkles,50k-75k,South Zone,3,2026,RING,1
Station CSD Canteen -Juhu,SCC01,R14678,B,Sparq,7k-10k,South Zone,2,2026,RING,1
Station CSD Canteen -Juhu,SCC01,R15047,B,Sparq,7k-10k,South Zone,3,2026,RING,1
Station CSD Canteen -Juhu,SCC01,R15053,B,Sparq,7k-10k,South Zone,3,2026,RING,1
Station CSD Canteen -Juhu,SCC01,R15164,B,Sparq,15k-25k,South Zone,4,2026,RING,1
Station CSD Canteen -Juhu,SCC01,RN20464,B,Sparq,2k-4k,South Zone,2,2026,RING,1
Station CSD Canteen -Juhu,SCC01,SMNP537,B,Sparkles,Less Then 30k,South Zone,2,2026,NOSE PIN,1
Station CSD Canteen -Juhu,SCC01,T9699,B,Sparkles,30k-50k,South Zone,3,2026,EARRING,1
THE SILVER HOUSE,TSH2,N19731,B,Sparq,10k-15k,North Zone,5,2026,NECKLACE,1
THE SILVER HOUSE,TSH2,NP1488,B,Sparq,Less Then 2k,North Zone,5,2026,NOSE PIN,1
THE SILVER HOUSE,TSH2,P20121,B,Sparq,2k-4k,North Zone,5,2026,PENDANT,1
THE SILVER HOUSE,TSH2,P20303,B,Sparq,4k-7k,North Zone,10,2025,PENDANT,1
THE SILVER HOUSE,TSH2,R14519,B,Sparq,Above 25k,North Zone,1,2026,RING,1
THE SILVER HOUSE,TSH2,R15072,B,Sparq,7k-10k,North Zone,4,2026,RING,1
THE SILVER HOUSE,TSH2,RN20446,B,Sparq,7k-10k,North Zone,1,2026,RING,1
THE SILVER HOUSE,TSH2,RN20464,B,Sparq,2k-4k,North Zone,10,2025,RING,1
THE SILVER HOUSE,TSH2,RN20465,B,Sparq,Less Then 2k,North Zone,1,2026,RING,1
THE SILVER HOUSE,TSH2,T19262,B,Sparq,Above 25k,North Zone,5,2026,EARRING,1
THE SILVER HOUSE,TSH2,T19706,B,Sparq,7k-10k,North Zone,5,2026,EARRING,1
THE SILVER HOUSE,TSH2,T19726,B,Sparq,2k-4k,North Zone,4,2026,EARRING,1
THE SILVER HOUSE,TSH2,T19726,B,Sparq,4k-7k,North Zone,10,2025,EARRING,1
THE SILVER HOUSE,TSH2,T19728,B,Sparq,2k-4k,North Zone,5,2026,EARRING,1
THE SILVER HOUSE,TSH2,T21957,B,Sparq,2k-4k,North Zone,1,2026,EARRING,1
THE SILVER HOUSE,TSH2,T21958,B,Sparq,2k-4k,North Zone,1,2026,EARRING,1
THE SILVER HOUSE,TSH2,T23096,B,Sparq,2k-4k,North Zone,5,2026,EARRING,1
THE SILVER HOUSE,TSH2,TN20468,B,Sparq,2k-4k,North Zone,1,2026,EARRING,1
VINAYAK CREATION,VIN01,NP20529,B,Sparq,Less Then 2k,West Zone,4,2026,NOSE PIN,1
VINAYAK CREATION,VIN01,RN20467,B,Sparq,2k-4k,West Zone,4,2026,RING,1
VINAYAK CREATION,VIN01,T23093,B,Sparq,2k-4k,West Zone,4,2026,EARRING,1
VIVAH JEWELLERS,VIV01,AFDT1410,B,Sparkles,30k-50k,West Zone,5,2026,EARRING,1
VIVAH JEWELLERS,VIV01,N19571,B,Sparkles,100k-150k,West Zone,3,2026,NECKLACE,1
VIVAH JEWELLERS,VIV01,N19711,B,Sparkles,50k-75k,West Zone,4,2026,PENDANT,1
VIVAH JEWELLERS,VIV01,NP1868,B,Sparkles,Less Then 30k,West Zone,5,2026,NOSE PIN,1
VIVAH JEWELLERS,VIV01,NP1882,B,Sparq,4k-7k,West Zone,3,2026,NOSE PIN,1
VIVAH JEWELLERS,VIV01,NP3596,B,Sparkles,Less Then 30k,West Zone,4,2026,NOSE PIN,1
VIVAH JEWELLERS,VIV01,NP537,B,Sparkles,Less Then 30k,West Zone,3,2026,NOSE PIN,1
VIVAH JEWELLERS,VIV01,NP7951,B,Sparkles,Less Then 30k,West Zone,5,2026,NOSE PIN,1
VIVAH JEWELLERS,VIV01,R12377,B,Sparkles,30k-50k,West Zone,3,2026,RING,1
VIVAH JEWELLERS,VIV01,R15043,B,Sparq,2k-4k,West Zone,4,2026,RING,1
VIVAH JEWELLERS,VIV01,R15063,B,Sparq,7k-10k,West Zone,3,2026,RING,1
VIVAH JEWELLERS,VIV01,R15105,B,Sparq,4k-7k,West Zone,4,2026,RING,1
VIVAH JEWELLERS,VIV01,RN20416,B,Sparkles,Less Then 30k,West Zone,3,2026,RING,1
VIVAH JEWELLERS,VIV01,RN20466,B,Sparq,2k-4k,West Zone,5,2026,RING,1
VIVAH JEWELLERS,VIV01,T18541,B,Sparkles,Less Then 30k,West Zone,4,2026,EARRING,1
VIVAH JEWELLERS,VIV01,T19186,B,Sparkles,30k-50k,West Zone,5,2026,EARRING,1
YASHSHVI JEWELLERS,YJ01,AFDT1409,B,Sparkles,30k-50k,South Zone,8,2025,EARRING,1
YASHSHVI JEWELLERS,YJ01,AFDT1410,B,Sparkles,Less Then 30k,South Zone,5,2026,EARRING,1
YASHSHVI JEWELLERS,YJ01,N19616,B,Sparkles,30k-50k,South Zone,3,2026,NECKLACE,1
YASHSHVI JEWELLERS,YJ01,N19627,B,Sparkles,50k-75k,South Zone,5,2026,NECKLACE,1
YASHSHVI JEWELLERS,YJ01,N19730,B,Sparq,4k-7k,South Zone,2,2026,NECKLACE,1
YASHSHVI JEWELLERS,YJ01,NP11010,B,Sparkles,Less Then 30k,South Zone,1,2026,NOSE PIN,1
YASHSHVI JEWELLERS,YJ01,NP1882,B,Sparkles,Less Then 30k,South Zone,5,2026,NOSE PIN,1
YASHSHVI JEWELLERS,YJ01,NP1883,B,Sparkles,Less Then 30k,South Zone,8,2025,NOSE PIN,1
YASHSHVI JEWELLERS,YJ01,NP20518,B,Sparkles,Less Then 30k,South Zone,12,2025,NOSE PIN,1
YASHSHVI JEWELLERS,YJ01,NP21754,B,Sparkles,Less Then 30k,South Zone,11,2025,NOSE PIN,1
YASHSHVI JEWELLERS,YJ01,NP2432,B,Sparkles,Less Then 30k,South Zone,3,2026,NOSE PIN,1
YASHSHVI JEWELLERS,YJ01,NP273,B,Sparkles,Less Then 30k,South Zone,9,2025,NOSE PIN,1
YASHSHVI JEWELLERS,YJ01,NP7134,B,Sparkles,Less Then 30k,South Zone,2,2026,NOSE PIN,1
YASHSHVI JEWELLERS,YJ01,NP8516,B,Sparkles,Less Then 30k,South Zone,8,2025,NOSE PIN,1
YASHSHVI JEWELLERS,YJ01,NP8516,B,Sparkles,Less Then 30k,South Zone,11,2025,NOSE PIN,1
YASHSHVI JEWELLERS,YJ01,P16516,B,Sparkles,30k-50k,South Zone,8,2025,PENDANT,1
YASHSHVI JEWELLERS,YJ01,P20285,B,Sparq,10k-15k,South Zone,2,2026,PENDANT,1
YASHSHVI JEWELLERS,YJ01,PXR7610,B,Sparkles,Less Then 30k,South Zone,11,2025,RING,1
YASHSHVI JEWELLERS,YJ01,R10297,B,Sparkles,Less Then 30k,South Zone,5,2026,RING,1
YASHSHVI JEWELLERS,YJ01,R10991,B,Sparkles,Less Then 30k,South Zone,1,2026,RING,1
YASHSHVI JEWELLERS,YJ01,R10991,B,Sparkles,Less Then 30k,South Zone,2,2026,RING,1
YASHSHVI JEWELLERS,YJ01,R11930,B,Sparkles,Less Then 30k,South Zone,2,2026,RING,1
YASHSHVI JEWELLERS,YJ01,R14296,B,Sparkles,Less Then 30k,South Zone,3,2026,RING,1
YASHSHVI JEWELLERS,YJ01,R14549,B,Sparkles,Less Then 30k,South Zone,1,2026,RING,1
YASHSHVI JEWELLERS,YJ01,R14685,B,Sparkles,30k-50k,South Zone,5,2026,RING,1
YASHSHVI JEWELLERS,YJ01,R14688,B,Sparq,7k-10k,South Zone,3,2026,RING,1
YASHSHVI JEWELLERS,YJ01,R14715,B,Sparkles,30k-50k,South Zone,8,2025,RING,1
YASHSHVI JEWELLERS,YJ01,R14737,B,Sparkles,30k-50k,South Zone,8,2025,RING,1
YASHSHVI JEWELLERS,YJ01,R15064,B,Sparq,4k-7k,South Zone,3,2026,RING,1
YASHSHVI JEWELLERS,YJ01,R19643,B,Sparkles,Less Then 30k,South Zone,9,2025,RING,1
YASHSHVI JEWELLERS,YJ01,RN20461,B,Sparq,2k-4k,South Zone,2,2026,RING,1
YASHSHVI JEWELLERS,YJ01,RN20466,B,Sparq,2k-4k,South Zone,2,2026,RING,1
YASHSHVI JEWELLERS,YJ01,RN20468,B,Sparq,2k-4k,South Zone,3,2026,RING,1
YASHSHVI JEWELLERS,YJ01,SMNP504,B,Sparkles,Less Then 30k,South Zone,2,2026,NOSE PIN,1
YASHSHVI JEWELLERS,YJ01,T18555,B,Sparkles,Less Then 30k,South Zone,1,2026,EARRING,1
YASHSHVI JEWELLERS,YJ01,T18666,B,Sparkles,Less Then 30k,South Zone,11,2025,EARRING,1
YASHSHVI JEWELLERS,YJ01,T19088,B,Sparkles,50k-75k,South Zone,1,2026,EARRING,1
YASHSHVI JEWELLERS,YJ01,T19120,B,Sparkles,Less Then 30k,South Zone,3,2026,EARRING,1
YASHSHVI JEWELLERS,YJ01,T19207,B,Sparkles,30k-50k,South Zone,2,2026,EARRING,1
YASHSHVI JEWELLERS,YJ01,T19376,B,Sparkles,30k-50k,South Zone,11,2025,EARRING,1
YASHSHVI JEWELLERS,YJ01,T19420,B,Sparkles,Less Then 30k,South Zone,11,2025,EARRING,1
YASHSHVI JEWELLERS,YJ01,T21957,B,Sparq,2k-4k,South Zone,2,2026,EARRING,1
YASHSHVI JEWELLERS,YJ01,T21958,B,Sparq,2k-4k,South Zone,3,2026,EARRING,1
YASHSHVI JEWELLERS,YJ01,T5414,B,Sparq,4k-7k,South Zone,3,2026,EARRING,1
YASHSHVI JEWELLERS,YJ01,TNP1754,B,Sparkles,Less Then 30k,South Zone,9,2025,EARRING,1
YASHSHVI JEWELLERS,YJ01,TNP1883,B,Sparkles,Less Then 30k,South Zone,11,2025,EARRING,1
Yamuna Jewellers,YNJ02,R12839,B,Sparkles,75k-100k,North Zone,4,2026,RING,1
Yamuna Jewellers,YNJ02,R15090,B,Sparq,4k-7k,North Zone,5,2026,RING,1
Yamuna Jewellers,YNJ02,T19429,B,Sparq,7k-10k,North Zone,5,2026,EARRING,1
